text,label,language
sowing season for maize,Weather,en
Thirunelveli weather report details,Weather,en
Asking about Boron Deficiency in coconut,Fertilizer,en
Asked about maize water management,Irrigation,en
Karur weather Report,Weather,en
Asked about weed management in casuarina,Cultivation,en
Asking about Fruit rot management for Mango,Crop Disease,en
Asking about Flower and Pod setting management for Drumstick,Fertilizer,en
Asked about red gram spacing information,Crop Information,en
bacterial wilt in Brinjal,Crop Disease,en
moringa flower drop management details,General Agriculture,en
stemborer in snakegourd,General Agriculture,en
Asking about weather forecasting for dharmapuri,Weather,en
Asked about paddy machine transplanting seedrate,Cultivation,en
asking about Nagapattinam today weather Report,Weather,en
Asking about Department of Agronomy Contact Number,Cultivation,en
paddy SRI time of Transplanting,Crop Information,en
Asked about foliar spray in mango,Fertilizer,en
Asking about ulundurpet assistant horticulture department contact number,Cultivation,en
Asked about Gangavalli cotton market infoirmation,General Agriculture,en
ASked about maize basal fertilizer management (Rainfed),Fertilizer,en
tapioca top dressing fertilizer management,Fertilizer,en
tuberose root rot disease control,Crop Disease,en
Asked about drumstick flower induced and drop management,Fertilizer,en
Asked about Animal disease management,Crop Disease,en
Asked about Seed rate for Dhaincha,Cultivation,en
asking about weather detail for trichy dist,Weather,en
weeds control in radish,Cultivation,en
Asking about suitable paddy varieties for Kar season (bold),Crop Information,en
Asked about foliar application in paddy,Fertilizer,en
Blackgram Root Rot management,Crop Disease,en
Vellore soil testing lab contact number,Soil,en
Asked about paddy sowing season and variety,Crop Information,en
Asking about weather detail in lalkudi,Weather,en
Asked about Green manure and sugarcane mill waste application,Fertilizer,en
Asking about TMV 7 sesame - suitable soil type information,Soil,en
Asking about Papaya foliar spray,Fertilizer,en
Asked about Foliar spray for Chilli plant,Fertilizer,en
wooly aphids in sugarcane,General Agriculture,en
Asked about sucking pest management in cotton,Pest Management,en
Asked about Leaf curl disease management for Chilli plant,Crop Disease,en
Asking about pm kisan ssamman nidhi next due date,General Agriculture,en
Asked about Coconut fertilizer management (1 year tree),Fertilizer,en
Asking about weather detail for vellore dist,Weather,en
Fruit borer in tomato,Pest Management,en
Asked about TPS 3 and ADT 51 paddy variety information,Crop Information,en
Asked about bio fertilizer management in paddy,Pest Management,en
Asked about Greengram sowing season and variety,Weather,en
Asking about Yellow mosaic disease management for Banana (Fungicides given through driplines?),Crop Disease,en
asking about black gram season and variety,Crop Information,en
Asking about pm kisan samman new registration details,General Agriculture,en
Theni grapes research station contact number,Cultivation,en
Asking about sesame sowing season and varieties for Villupuram,Weather,en
asking about Chilli top dressing fertilizer management,Fertilizer,en
Asking about Trichoderma applied for Turmeric by irrigation,Pest Management,en
Asking about blackgram sowing season,Weather,en
Asked about management of stem rot in coconut,Fertilizer,en
Asked about bud worm management in Jasmine,General Agriculture,en
sowing season of onion,Cultivation,en
Asking about weather report for Gangavalli,Weather,en
asked about nutrient management in acrecanut,Fertilizer,en
varieties of paddy,Crop Information,en
"Asked about black gram irrigation management , yield VBN 8 variety",Crop Information,en
paddy season and varieties,Crop Information,en
Dharmarpuri district weather forecast,Weather,en
Stem borer in Brinjal,Pest Management,en
Soil testing lab contact number,Soil,en
Asked about glyphosate recommended dosage information,Pest Management,en
Asking about Required seed rate for Ragi,Cultivation,en
Basal rot in onion,Fertilizer,en
Papaya top dressing fertilizer details,Fertilizer,en
Asked about MDU 1 Black gram variety information,Crop Information,en
pod borer in green gram,General Agriculture,en
soil test details,Soil,en
Paddy sowing season varieties,Weather,en
Soil testing details,Soil,en
Asking about groundnut fertilizer (MN) management,Fertilizer,en
papaya top fertilizer,Fertilizer,en
Salem veterinary department,Crop Disease,en
Early blight in tomato,Crop Disease,en
Asked about Mite management for Paddy,Pest Management,en
fruit flies in snack gourd,General Agriculture,en
Asked about planting season of mullai,Cultivation,en
rice basal fertilizer,Fertilizer,en
zinc deficiency in guava,Fertilizer,en
Asking about bio fertilizer application for coconut,Pest Management,en
Asking about Top fertilizer management for Paddy (Panicle initiation stage),Fertilizer,en
Asking about sugarcane Fertigation schedule,Fertilizer,en
Asked about weed management in blackgram (15-20 DAS),Pest Management,en
Asking about suitable paddy varieties for Navarai season &duration,Crop Information,en
Paddy navarai varieties in villupuram,Crop Information,en
market price for coconut,General Agriculture,en
asking about namakkal weather report,Weather,en
Onion top dressing,Fertilizer,en
leaf spot management in turmeric,General Agriculture,en
bitter gourd root rot,Crop Disease,en
Asking about leaf caterpillar and sucking pests management in black gram,Pest Management,en
Asked about PM Kisan Samman Nidhi scheme correction status,General Agriculture,en
Asked about Paddy variety Karuppukavuni information,Crop Information,en
Asking about Paddy transplanting machine -hiring center phone number,General Agriculture,en
Asked about goat disease management,Crop Disease,en
Asked about Can be used for Nano urea to vegetable crops,Fertilizer,en
Asking about Early Blight management in tomato,Crop Disease,en
Fertilizer Management for paddy,Fertilizer,en
Asking about chilli sowing season and varieties,Cultivation,en
Asking about kodavasal agricultural department contact number (soybean marketing),General Agriculture,en
Asking about Cotton Stem Weevil management,Fertilizer,en
Asking about Coconut Basal fertilizers,Cultivation,en
asked about top dressing fertilizer management in groundnut,General Agriculture,en
Asking about Ash gourd foliar nutrient application information,Fertilizer,en
Asked about ADT 51 variety information,Crop Information,en
Asking about coimbatore today weather Report for tomatoplant protection,Weather,en
Asking about fodder seeds availability information,Cultivation,en
Asked about KVK contact information,General Agriculture,en
asking about Paddy crop insurance information (2020-2021),General Agriculture,en
asked about leaf folder and ear head bug management in paddy,General Agriculture,en
Asking about Boron deficiency management for Jasmine plant (MN MIxture can be applied in soil application ),Fertilizer,en
contact number for national research station,General Agriculture,en
Asked about Management of Rhinoceros beetle in Coconut,General Agriculture,en
Asked about PM kisan samman nidhi yojana scheme related information,General Agriculture,en
Asking about foliar spray in sugarcane,Fertilizer,en
Blackgram whitefly control,General Agriculture,en
Asking about suitable Tenai varieties,Crop Information,en
Cuddalore distrcit weather forecast,Weather,en
Red spider mite in brinjal,Pest Management,en
Asking about Yellow mosaic virus in black gram,Crop Disease,en
Asked about paddy TRY5 variety details,Crop Information,en
"Asked about contact details of DEMIC, TNAU",Irrigation,en
Asking about green manure Daincha seed rate information,Fertilizer,en
Rainfall forecast for Thirupur District,Weather,en
Asking about Root rot management for Groundnut,Crop Disease,en
Asking about Red spider mite in jasmine,Pest Management,en
leaf roller in paddy,General Agriculture,en
Asking about root rot management in Chilli,Crop Disease,en
Asked about Leaf blight management in Turmeric,Crop Disease,en
Phosphorus Deficiency in sugarcane,Fertilizer,en
asking about mango crop details,General Agriculture,en
Asked about leaf blight management in sorghum,Crop Disease,en
Banana anthracnose disease control,Crop Disease,en
Asked about management of panama wilt and yellow sigatoka in banana,Crop Disease,en
Fusarium wilt in chilli,Crop Disease,en
Asking about suitable varieties for paddy samba season,Crop Information,en
Asking about Onion Market rate Related Details,General Agriculture,en
Farmer asked price detail of Black Gram (Urd Beans)(Whole) in Thiryagadurgam mandi.,General Agriculture,en
Asking about Flood recover for Blackgram,General Agriculture,en
Asked about Tapioca Basal fertilizer application,Fertilizer,en
asking about Brinjal varieties,Cultivation,en
asking about eculeptous seedlings availability,General Agriculture,en
Asking about paddy top dressing fertilizer management(direct sowing),Fertilizer,en
Asked about VILLUPURAM weather report information,Weather,en
Asked about Weed management for paddy (21 days ),Pest Management,en
Asked about pre emergence Groundnut weed management,Pest Management,en
asking about Ragi season,Weather,en
paddy BPT variety duration (days),Crop Information,en
Asked about paddy KKL1 and KKL 2 variety details,Crop Information,en
Asking about nano urea spraying quantity,Cultivation,en
Asking about Leaf minor and rust control in Lab lab,Crop Disease,en
coconut nutrient management,Fertilizer,en
Asked about Azolla mother spawn and Azolla bed availability,Cultivation,en
Asking about Vellore Agricultural Engineering Department contact number,General Agriculture,en
Asking about Top fertilizer management in tapioca,Fertilizer,en
Asking about root rot management in watermelon,Crop Disease,en
Asked about Encarsia parasitoid availability place information,General Agriculture,en
asking for coconut flowering improvement,Fertilizer,en
asking about groundnut basal fertilizer management,Fertilizer,en
Asked about brinjal harvest information,Cultivation,en
Asked about sesame TMV 7 variety details,Crop Information,en
root rot management for Brinjal,Crop Disease,en
Asking about Mosaic management in cucumber (sucking pest- aphids),Pest Management,en
Asking about Cabrio top fungicide can spray another time separately?,General Agriculture,en
Asked about Pumpkin and Ash gourd planting season,Cultivation,en
pest management in paddy,Pest Management,en
Asked about fertigation schedule for watermelon,Fertilizer,en
Bean Aphids in green gram,General Agriculture,en
season and varieties for paddy,Cultivation,en
suitable varieties of black gram,Crop Information,en
Asked about sugarcane shoot borer management,Pest Management,en
asked about sowing season of bitter gourd,Cultivation,en
Asked about ADT 46 paddy variety information,Crop Information,en
Asking about paddy variety ADT 53 habit,Cultivation,en
Asking about sowing season & suitable groundnut varieties for Tiruvannamalai district,Weather,en
Asking about sowing season for vegetable crops in August months,Cultivation,en
Asking about Castor YRCH 1 variety Special features,Crop Information,en
Soil Testing Laboratory contact number,General Agriculture,en
Asked about Sucking Pest management in Paddy,Pest Management,en
asking about thiruppur district rain details,Weather,en
Asked about TRY 1 paddy variety related details,Weather,en
Asking about paddy root rot management,Crop Disease,en
Asking about root rot in brinjal,Crop Disease,en
sesame sowing season and variety,Weather,en
Cotton weed control,Pest Management,en
Asking about Fruit Borer control management in Tomato,Pest Management,en
Asking about ADA office contact details,Cultivation,en
Asking about Contact number of Soil Science & Agrl.Chemistry department,Soil,en
coconut water mgt,Irrigation,en
Asked about major disease and pest for Mullai,Crop Disease,en
asking about contact number of rice department,Crop Information,en
Asking about Musk melon Pest identification,Pest Management,en
Asked about Rice research station contact number,Fertilizer,en
asked about fertilizer management in cotton,Cultivation,en
Asked about top dressing fertilizer for paddy ?????? :,Fertilizer,en
rice water mgt,Irrigation,en
asking about sugarcane top dressing fertilizer application,Fertilizer,en
Asking about red spider mite in cotton,Pest Management,en
Asking about Cotton wilt management,Crop Disease,en
varieties for ragi,Crop Information,en
Thenai market rate details,General Agriculture,en
Coimbatore district weather forecast,Weather,en
pomegranate fruit borer mangement,Pest Management,en
control measure for fruit borer i bhendi,General Agriculture,en
Asking about growth regulator for Maize,Fertilizer,en
Asked about cluster bean disease prevention,Crop Disease,en
Asked about leaf roller & Leaf blight disease in groundnut crop,Crop Disease,en
Bhendi in yellow mosaic virus,Crop Disease,en
Asking about Nematode management in tuberose flower,Pest Management,en
Asking about bio fertilizer application paddy,Fertilizer,en
citrus Canker disease control,Crop Disease,en
Asked about water application for coconut tree,Irrigation,en
Co51 paddy availability,Crop Information,en
Asked about Cucumber sucking pest management,Pest Management,en
Asking about Foliar spray for Paddy (bio potash application time),Fertilizer,en
asking about paddy blast management,Cultivation,en
Asking about perambalur today weather Report,Weather,en
Asking about sowing season for cauliflower,Cultivation,en
onion root rot management,Fertilizer,en
Asking about leaf spot disease management in groundnut,Crop Disease,en
Asking about weather detail for namakkal dist,Weather,en
Asking about bacterial leaf blight management in paddy,Fertilizer,en
Asking about basal fertilizer management for bhendi,Fertilizer,en
yellow muranai mite,Pest Management,en
Asked about wound management in teak timber,General Agriculture,en
Asking about weather report for erode,Weather,en
Asked about blackgram water managment,Irrigation,en
asking about groundnut foliar spray management,Fertilizer,en
Asked about Paddy Sowing season and Varieties,Crop Information,en
Asking about root rot prevention management in cotton,Crop Disease,en
fertilizer management for black geram,Fertilizer,en
Asking about basal fertilizer management for paddy,Fertilizer,en
Asked about Foliar spray for Banana,Fertilizer,en
Asked about disease management in poultry information,Crop Disease,en
Asked about Irrigated Sesame Basal fertilizer application,Fertilizer,en
Co 46 paddy duration,Cultivation,en
Asked about market rate for maize information,General Agriculture,en
Asking about Farm Machinery subsidy information,Cultivation,en
Asking about PM Kisan Samman Nidhi scheme information,General Agriculture,en
Asking about Documents required for crop insurance details,General Agriculture,en
Asking about Market price of Karamani,General Agriculture,en
Asked about mango foliar spray,Fertilizer,en
Asked about sesame crop insurance information,Cultivation,en
thiruvallur weather report details,Weather,en
Asked about Prevent root rot in Groundnut,Crop Disease,en
Asked about groundnut market information,General Agriculture,en
Asking about Maize top dressing fertilizer management,Fertilizer,en
Asking about tungro virus special detection technique in paddy,Crop Disease,en
Asking about suitable paddy varieties for Sornavari season & grain type,Crop Information,en
Asking about mealy bug & leaf blight disease management in tuberos flower,Crop Disease,en
details about soil testing,Soil,en
Asked about humic acid application for bitter gourd & chilli crop,Cultivation,en
asking about Red palm weevil management in Coconut,General Agriculture,en
Indian Institute Of Crop Processing Technology address,Harvesting,en
Weed management for waste land,Pest Management,en
asking about cotton market rate,General Agriculture,en
Asked about Weed management for paddy crop,Pest Management,en
crop loan details,General Agriculture,en
Asked about Leaf blight management in Onion,Crop Disease,en
asking about Thirupur today weather Report,Weather,en
Asking about blast disease management in paddy,Crop Disease,en
drumstick nutrient management,Fertilizer,en
Asked about Bhendi sowing seed rate and spacing information,Cultivation,en
Asked about transplanting age for chilli,Cultivation,en
kancheepuram weather report details,Weather,en
Asking about suitable paddy varieties for Erode,Cultivation,en
Asking about sesame sowing season and varieties,Weather,en
Asked about MDU 6 paddy variety duration & grain type information,Crop Information,en
Asking about Average yield for co 43 Paddy variety,Cultivation,en
top dressing fertilizer management for chillies,Fertilizer,en
Asking about Beetles management in Bottle gourd,General Agriculture,en
Asked about Availability of Cowpea seeds,Cultivation,en
Asked about water management for mullai,Irrigation,en
Asking about weather report for Thiruvallur,Weather,en
Root rot in tuberose,Crop Disease,en
Asked about Bhavani sagar dam water release date related information,Irrigation,en
Asking about sucking pest in cotton,Pest Management,en
asking about Perambalur district rainfall information,Weather,en
Asked about prevent termite in coconut,General Agriculture,en
Rainfall information for thirupur district,Weather,en
asking about tomato top dressing fertilizer appliucation,Fertilizer,en
ADT 37 paddy market rate details,General Agriculture,en
Maize pre emergence herbicide,Pest Management,en
Asked about Blackgram planting season,Weather,en
Asking about blast disease management for paddy,Crop Disease,en
Asking about root rot management in Brinjal,Crop Disease,en
Asking about Watermelon foliar nutrition spray management,Fertilizer,en
asked about drip fertigation information,Fertilizer,en
asking about soil testing,Soil,en
weather detail for pudukottai dist,Weather,en
asking about Trichy today weather Report,Weather,en
Grassy shoot disease,Crop Disease,en
coimbatore weather Report,Weather,en
Asked about root rot management in mango,Crop Disease,en
Asking about Gummy Stem Blight management in watermelon,Crop Disease,en
Black gram sowing varieties,Crop Information,en
Asked about Brinjal flower blight manageemnt,Crop Disease,en
Asking about nano urea application paddy,Fertilizer,en
Asked about foliar nutrient spray for soybean,Fertilizer,en
Asking about water management in sesame,Irrigation,en
Asked about Jasmine planting season,Cultivation,en
Farmer asked price detail of Maize in Oddunchairum mandi.,General Agriculture,en
Asked about TKM 9 total duration information,Crop Information,en
Asking about Virtako insecticide uses in Paddy,Pest Management,en
Brinjal root rot management,Crop Disease,en
Asking about Suitable paddy varieties for navarai season,Crop Information,en
Asking about Goat vaccine details,Crop Disease,en
Asking about shoot borer management in brinjal,Pest Management,en
Heading stage fertilizer management for paddy,Fertilizer,en
weather report details,General Agriculture,en
Asked about papaya ring spot disease managment,Crop Disease,en
Navarai paddy varieties for thiruvallur district,Crop Information,en
asking about Season of sowing for bhendi,Cultivation,en
control measure for Anthracnose in papaya,General Agriculture,en
Asking about Thiruvannamalai district rainfall information,Weather,en
Asking about watermelon seeds availability and variety,Cultivation,en
Asking about Green leaf hopper in paddy,General Agriculture,en
asking about mango boron deficiency management,Fertilizer,en
Asked about CR 1009 paddy sowing season information,Crop Information,en
Asked about paddy ADT 57 variety details,Crop Information,en
Asked about mosaic virus management in tomato,Crop Disease,en
Asked about Paddy seeds availability,Cultivation,en
Asking about CHEMBARAMBAKKAM water level information,Irrigation,en
Brinjal shoot borer,Pest Management,en
Asking about root rot in Groundnut,Crop Disease,en
Asking about Weather report for Nagapattinam,Weather,en
algae under farm pond,Irrigation,en
Asking about Blackgram market price information,General Agriculture,en
paddy fertilizer recommended,Fertilizer,en
Black gram leaf caterpillar,General Agriculture,en
Asked about caterpillar management in blackgram,General Agriculture,en
bunch development in banana,General Agriculture,en
Asked about Improved white ponni seed character related information,Cultivation,en
Asked about Cowpea and Black gram Sowing Season,Weather,en
Today Weather report information,Weather,en
Asked about foliar application for Groundnut,Fertilizer,en
Asking about suitable blackgram season and variety,Crop Information,en
Asking about Panama Wilt management,Crop Disease,en
Top dressing for groundnut,Fertilizer,en
Asked about leaf blight management in mullai,Crop Disease,en
Asking about foliar spray in mango,Fertilizer,en
Weed management for Maize,Pest Management,en
Asking about coconut bio fertilizer management,Pest Management,en
Asking about Beans pod borer management,Pest Management,en
Tenai sowing season and variety,Crop Information,en
Asked about Root rot Management for Mulberry,Crop Disease,en
Asked about sugarcane intercropping information,Cultivation,en
asked about banana bunchy top virus management in banana,Crop Disease,en
Asking about sowing season for marigold,Cultivation,en
Asking about Water Management for paddy,Irrigation,en
Asked about Weed management in Groundnut,Pest Management,en
cotton cultivation soil,Soil,en
Aduthurai research station contact number,Cultivation,en
Asking about banana weed management,Cultivation,en
Asked about flower drop management in brinjal crop,Fertilizer,en
Asking about suitable hybrids for sunflower,Crop Information,en
asking about Soil testing techniques,Soil,en
Paddy Bacterial leaf blight management,Crop Disease,en
Asked about Blackgram basal fertilizer management,Fertilizer,en
Pseudostem borer in Banana,Pest Management,en
pre control of Root rot in marigold,Crop Disease,en
Asking about ash gourd seeds availability details contact number,Cultivation,en
Asked about characteristics of paddy variety ADT 37 information,Crop Information,en
paddy season and varieties details for,Crop Information,en
asking about sowing season and varieties of Black gram,Crop Information,en
Asked about cabbage and cauliflower planting season,Cultivation,en
Asked about Sesame Duration information,Crop Information,en
Asked about Suitable sowing season and duration for BPT 5204,Crop Information,en
Asking about chembarambakkam lake water level today information,Irrigation,en
asking about weather report for Thanjavur district,Weather,en
fertilizer management for paddy basal dose,Fertilizer,en
Asking about Black gram sowing season and varieties,Weather,en
Asking about Vandavasi weather for sowing,Weather,en
Asking about weather information ..?,Weather,en
Paddy bacterial blight,Crop Disease,en
Asked about Bhendi sucking pest management,Pest Management,en
tree seedlings availability details,Cultivation,en
Asked about disease management in cow information,Crop Disease,en
Asked about Suitable Paddy varieties information,Crop Information,en
Asked about salt content present in tender coconut water in coconut tree,Fertilizer,en
Asking about Pradhan Mantri Kisan Samman Nithi ( New registration ),Cultivation,en
Asked about crop insurance information,General Agriculture,en
Asking about Kudumiyanmalai Agricultural College and Research Institute,General Agriculture,en
Asking about Water management and Total duration of Maize Co 6,Irrigation,en
asking about tiruvannamalai weather report,Weather,en
Asked about Canker management in citrus,General Agriculture,en
Asked about foliar spray for sesame,Fertilizer,en
Asking about soil sample collection procedure information,Soil,en
Asked about ADT 46 Paddy crop duration information,Crop Information,en
Jasmine top dressing fertilizer,Fertilizer,en
Asking about Goat diseases management,Crop Disease,en
Asking about weather report for tirunelveli district,Weather,en
Asked about leaf caterpillar & leaf blight disease management in paddy nursery crop,Crop Disease,en
Asked about Fig planting season,Cultivation,en
Asked about Under Graduate admission( B.sc agriculture) application related information,General Agriculture,en
Asked about benefits of azospirrillum & Phosphobacteria application for paddy crop,Pest Management,en
Asking about Yellow mite or muranai mite in chilli,Pest Management,en
Asking about G9 Banana suitable season,Cultivation,en
Asked about Improved White Ponni paddy variety related information,Crop Information,en
Fruit borer in cotton,Pest Management,en
asking about duration of BPT and white ponni,Crop Information,en
leaf crinkle disease in green gram,Crop Disease,en
asking about root rot management for cotton,Crop Disease,en
Asking about BPT paddy duration,Cultivation,en
kancheepuram weather report,Weather,en
Asking about cuddalore KVK contact details,Cultivation,en
Onion Thrips management,General Agriculture,en
Asked about drip irrigation information,Irrigation,en
Virudhachalam ground nut market rate,General Agriculture,en
Asking about Periyakulam horticultural college and research institute contact number,Cultivation,en
Central Institute for Subtropical Horticulture contact number details,Cultivation,en
Erode weather report,Weather,en
asked about sowing information of vegetables,Cultivation,en
Asking about Sesame TMV 7 Varieties information,Crop Information,en
Asked about suitable paddy varieties for navarai season,Crop Information,en
Asking about Address for Erode soil testing laboratory,Soil,en
Asking about Black gram sowing season and variety,Crop Information,en
Asking about Pongalur weather report,Weather,en
kanchepuram paddy variety details,Cultivation,en
Asked about Soil testing laboratory phone number,Soil,en
Asking about Suitable black gram varieties in Markazhi – Thaipattam,Crop Information,en
cotton plus detail,Fertilizer,en
weeds control in maize,Pest Management,en
weather report for viluppuram,Weather,en
Leaf blight in Paddy,Crop Disease,en
Sorghum sowing season,Weather,en
asking about cotton Thrips management,General Agriculture,en
Asking about cow loan detail,General Agriculture,en
Asking about suitable varieties for paddy in Kuruvai season,Crop Information,en
Asking about Total duration and special character of ADT 37,Crop Information,en
"Asked about Leaf folder ,Stem borer ,Gall midge and Thrips management for Paddy",Pest Management,en
leaf spot in cotton,General Agriculture,en
Asked about Water management for Paddy,Irrigation,en
intercropping in coconut,Cultivation,en
Thulsi flower cutting,Cultivation,en
Spic Cytocyme dosage,Fertilizer,en
asking about cumbu sowing season and variety,Crop Information,en
Asked about bio potash application for banana crop,Pest Management,en
Asking about Gall midge in paddy,General Agriculture,en
asking about mushroom training information,General Agriculture,en
Asking about Kollidam weather report,Weather,en
Asked about ragi varieties,Crop Information,en
Asking about sesame sowing season and suitable varieties for erode district,Weather,en
Asked about weed management in sugarcane,Pest Management,en
Weather report for salem am district,Weather,en
panama wilt management for banana,Crop Disease,en
Asking about Greengram sowing season and variety,Crop Information,en
Gingelly weed management,Pest Management,en
"Asked about paddy sowing season ,varieties and duration",Crop Information,en
asked about sucking pest management in blackgram,Pest Management,en
asked about application of seeds per pit,Cultivation,en
"Farmer asked price detail of Sesamum(Sesame,Gingelly,Til) in Panruti mandi.",General Agriculture,en
asked about suitable short duration variety of paddy,Crop Information,en
Asking about paddy BPT 5204 variety details,Crop Information,en
Asked about Pseudostem borer management in banana,Pest Management,en
Asking about Preparation method of Jeevamirtham,General Agriculture,en
VILLUPURAM VETERNARY DEPARTMRNT CONTACT NUMBER DETAISL,General Agriculture,en
Asked about vegetable garden kit subsidy scheme registration,Cultivation,en
Asked about Blackgram weed management,Pest Management,en
Asked about tomato hybrids details,Cultivation,en
Asked about Paddy ADT 55 and CO 51 grain type,Crop Information,en
Asking about govt.schemes details,Cultivation,en
Asking about Cheyyar weather report,Weather,en
"Asking about Thrips,fruit fly and leaf blight control in Bitter gourd",Crop Disease,en
Asking about wilt management in jasmine,General Agriculture,en
Asked about paddy TPS 5 variety details,Crop Information,en
Asking about sowing season for vegetable crops in April months,Cultivation,en
Asked about (medium slender)paddy suitable for samba season,Crop Information,en
Cotton market price,General Agriculture,en
asking about Black gram TNAU foliar application,Fertilizer,en
Asking about weed management (organic ),Pest Management,en
Suitable paddy varieties for navarai season,Crop Information,en
Botrytis Blight in Rose,Crop Disease,en
Asked about post harvest department contact number tnau.,Harvesting,en
top dressing fertilizer management for groundnut,Fertilizer,en
paddy ADT 43 duration (Days),Crop Information,en
Brinjal water management,Irrigation,en
Asking about Tiruvarur today weather Report,Weather,en
Coconut leaf blight control,Crop Disease,en
asking about Root rot in mulberry,Crop Disease,en
Asked about papaya root rot confirmation details,Crop Disease,en
Asking about Cotton sucking pest management,Pest Management,en
"Asking about Krishi Vigyan Kendra, Senagipatti, Thanjavur contact no.",Cultivation,en
top fertilizer management in cashew,Fertilizer,en
asking about Thiruvannamalai district weather Report,Weather,en
Asked about Farm Pond Subsidy information,General Agriculture,en
goat feeding management,General Agriculture,en
Castor top dressing fertilizer management,Fertilizer,en
Leaf Blight in onion,Crop Disease,en
Asked about paddy disease identification information,Crop Disease,en
asking about villupuram weather Report,Weather,en
paddy variety for sivagangai district,General Agriculture,en
Asking about Weather report for Tirupur,Weather,en
Asking about banana fertigation schedule ( 157 - 242 ) days,Fertilizer,en
Asking about bio fertilizer application detail,Pest Management,en
Early shoot borer in sugarcane,Pest Management,en
Asking about weed management in sesame,Pest Management,en
asking about Documents required for crop insurance information,General Agriculture,en
Asked about weed management for blackgram,Pest Management,en
Asked about Red gram sowing season and suitable intercrops information,Crop Information,en
Asking about root Rot management in onion (precaution),Crop Disease,en
Asking about weather detail in thanjavur,Weather,en
Asking about Thiruvallur horticultural department contact number,Cultivation,en
Asking about Wilt management in Coriander,Crop Disease,en
Asked about suitable vegetable crops in this season,Cultivation,en
asking about weather report for cuddalore district,Weather,en
paddy seeds availability,Crop Information,en
asking about root rot management in sesame,Irrigation,en
control measure for cercospora leaf spot in cotton,General Agriculture,en
bacterial blight in paddy,Crop Disease,en
Mulberry planting varieties,Cultivation,en
Asked about spacing for chilli (varieties),Fertilizer,en
"Asked about Leaf folder , Earhead bug and Sucking pests management for Paddy (Malathion can be mixed with Lambda Cyhalothrin and Acephate)",Pest Management,en
Asking about fruit borer and stem borer management in brinjal,Pest Management,en
Asked about veterinary related information,Crop Disease,en
Asking about weather report Villupuram,Weather,en
tiruppur district rainfall information,Weather,en
Asking about suitable groundnut varieties in Margazhipattam,Crop Information,en
Asked about Virus Disease Precaution management in brinjal,Crop Disease,en
Asked about PM Kisan Samman Nidhi scheme new registration,General Agriculture,en
asked about sowing season of maize and finger millet,Weather,en
Chilli fruit borer,Pest Management,en
Asked about soil testing lab contact information,Soil,en
Asking about shoot borer management in bhendi,Pest Management,en
Asking about Virudhunagar weather report,Weather,en
asked about top dressing fertilizer management in pearl millet,Fertilizer,en
asking about blackgram basal fertilizer requirement,Cultivation,en
fruitset in cotton,Fertilizer,en
Asking about Root rot disease management in mulberry,Crop Disease,en
Asking about farmer identity card registration,Cultivation,en
Asked about Maize market information,General Agriculture,en
Asking about blackgram market information,General Agriculture,en
Asking about Weed management for Blackgram,Pest Management,en
Asked about caterpillar/stem borer management in maize,Pest Management,en
Weed management in maize,Pest Management,en
Asking about Tapioca irrigation management,Cultivation,en
asked about top dressing fertilizer management in bhendi,Fertilizer,en
Asked about prevention diseases in small onion,Crop Disease,en
nematode in sugarcane,Pest Management,en
Asking about Sesame irrigation management,Cultivation,en
Sheath Rot in paddy,General Agriculture,en
Asked about MSP rate for cotton information,General Agriculture,en
Asking about kakkatam malli foliar application information,Fertilizer,en
Asked about canker in citrus,General Agriculture,en
Asking about suitable black gram varieties in Adipattam,Crop Information,en
asking about Green leaf hopper management in brinjal,General Agriculture,en
Asking about foliar nutrient spray for mango tree,Fertilizer,en
Asking about control army worm in maize,General Agriculture,en
Asked about sucking pest management in brinjal,Pest Management,en
Asking about paddy seed treatment,Cultivation,en
Asking about thungro disease and rust management in paddy,Crop Disease,en
asking about stem borer management in maize,Pest Management,en
fertilizer management in brinjal,Fertilizer,en
Asking about saline and alkaline soil Resistant paddy varieties,Crop Information,en
Rice case worm,General Agriculture,en
Asked about Suitable varieties for Paddy (December-January),Crop Information,en
Asking about paddy new varieties,Crop Information,en
Asking about Pest pre control in Chilli,Pest Management,en
Asking about Crop insurance amount not credited,General Agriculture,en
Asking about Rhizopus rot control in jackfruit,Pest Management,en
Asking about Micronutrients spray for tuberose,Fertilizer,en
Asking about Transplanting age for ragi,Weather,en
asking about vellore district rain details,Weather,en
weather report for thiruvannmalai,Weather,en
mango seedlings availability information,Cultivation,en
Suitable paddy varieties for Tiruvannamalai,Crop Information,en
Asking about Blister blight management in Tea,Crop Disease,en
Asked about Paddy Co 55 variety information and Seeds availability,Crop Information,en
Asked about water management in paddy,Irrigation,en
Tomato fruit borer control,Pest Management,en
Asked about paddy ADT54 variety yield details,Crop Information,en
Asking about basal fertilizer management for Cumbu,Weather,en
fruit fly in mango,General Agriculture,en
Asking about Suitable high yielding Paddy variety for this season,Crop Information,en
asking about onion basal fertilizer requiremwnr,Fertilizer,en
Asked about water management in sesame,Irrigation,en
Asking about Foliar nutrient spray for tomato,Fertilizer,en
"Asked about paddy variety TRY 3, ADT 51 crop duration information",Pest Management,en
Asked about Banana Micronutrient deficiency management,Fertilizer,en
Asked about leaf spot disease management for Chrysanthemum,Crop Disease,en
shoot and fruit borer in brinjal,Pest Management,en
suitable varieties for paddy Navarai season,Crop Information,en
Blackgram weed management,Pest Management,en
KVK (Krishi Vigyan Kendra) contact number,Cultivation,en
suitable paddy varieties of thiruvannamalai,Crop Information,en
brinjal fruit borer organic management,Pest Management,en
Asking about coconut planting,General Agriculture,en
Asked about recommended NPK ratio in DAP for paddy,Fertilizer,en
Asking about Top dressing fertilizer management for Groundnut crop,Fertilizer,en
Asked about Cotton sucking pest management,Pest Management,en
black gram varieties,Crop Information,en
weather detail for thiruvallur dist,Weather,en
Zinc deficiency in rose,Fertilizer,en
Bacterial leaf blight in paddy,Crop Disease,en
Asked about Shoot and fruit borer management in brinjal,Pest Management,en
Asked about paddy varieties suitable for thaladi,Crop Information,en
Asked about Weed management for direct sowing paddy,Pest Management,en
Asked about grain discoloration in paddy,Crop Information,en
Asking about Leaf blight management in Curry leaf,Crop Disease,en
Asked about NRCB Trichy contact number,Cultivation,en
Asking about total duration for Red gram,Cultivation,en
Blackgram sowing season,Weather,en
Asked about Top dressing management for Paddy (25 & 45 DAS),Fertilizer,en
"Asked about PM kisan samman nidhi yojana scheme 12,13 & 14 th installment status information",General Agriculture,en
Asked about water infiltration in paddy field,Crop Information,en
Asking about Weed management for transplanting paddy (21 days ),Pest Management,en
Asked about Paddy ADT 51 and CR1009 Sub 1 sowing season,Crop Information,en
asking about kangeyam weather report,Weather,en
Asked about foliar application in maize,Fertilizer,en
Asking about suitable varieties for late paddy samba season,Crop Information,en
Asked about Can apply gypsum in paddy field,Cultivation,en
Asking about Namakkal District weather report,Weather,en
Onion basal fertilizer management details,Fertilizer,en
Asked about paddy sowing season information,Crop Information,en
Asked about guava nutrient management in guava,Fertilizer,en
Asked about Sesame Irrigation management,Irrigation,en
Asked about Bacterial leaf Blight management in Paddy,Crop Disease,en
Asked about shoot borer & internode borer management in sugarcane,Pest Management,en
Asking about Termite control in Banana,General Agriculture,en
mango Loranthus Spp control,General Agriculture,en
Asked about Root rot management for Watermelon and Ash gourd,Crop Disease,en
Weather report for Madurai district,Weather,en
"Asked about uses of urea ,super phosphate and potash fertilizers",Fertilizer,en
Asked about Greengram sowing season and varieties,Weather,en
Asked about Suitable varieties for Paddy (August month),Crop Information,en
Asking about False smut disease management in paddy,Crop Disease,en
rose fertilizer management,Fertilizer,en
Tirupur weather report,Weather,en
asking about attur weather report,Weather,en
Top dressing Fertilizer Management for paddy,Fertilizer,en
Rice tungro virus management details,Crop Disease,en
asking about maize market rate,General Agriculture,en
Asking about water management in coconut and banana,Irrigation,en
Asked about Jassid and Aphid management for Cotton,Fertilizer,en
Asked about TPS 5 & ADT 43 paddy crop duration,Crop Information,en
asked about root rot management in brinjal,Crop Disease,en
Asked about Pest management in Cotton,Pest Management,en
suitable varieties of Blackgram,Crop Information,en
Top dressing fertilizer management for sugarcane,Fertilizer,en
Asked about suitable cotton varieties for this season,Crop Information,en
Asking about Paddy stem borer management in paddy,Pest Management,en
storage pest in paddy,Pest Management,en
Asked about suitable varieties for cotton,Crop Information,en
Asked about Bhendi hybrid seed rate,Cultivation,en
Asking about Intercropping with Brinjal plant,Cultivation,en
capsicum Seeds availability contact number,Cultivation,en
Asking about soil testing detail for before coconut seedling planting,Soil,en
Asked about Mealy bug management in Cotton,General Agriculture,en
Asked about paddy direct post emergence sown weed management,Pest Management,en
basal fertilizer mangement for paddy,Fertilizer,en
Asked about CSV 41 sorghum Variety information,Crop Information,en
Asked about Bottle gourd Planting Season,General Agriculture,en
Jack stem borer management details,Pest Management,en
Asking about preventive spray for brinjal to reduce pest damage,Pest Management,en
"Asking about traditional paddy variety mappilai samba, karuppukavuni and sigappu kuruvikar duration",Crop Information,en
spacing for paddy,Cultivation,en
Thanjavur weather Report,Weather,en
Asked about Kisan Call Centre working hours information,General Agriculture,en
Asking about foliar nutrient spray for pomegranate,Cultivation,en
Asked about suitable paddy varieties for sornavari season,Crop Information,en
asking about cumbu season,Weather,en
Asked about Paddy Nellore Mahsuri (NLR34449) variety duration,Crop Information,en
Asked about Blackgram foliar nutrition spray management,Fertilizer,en
asking about dindigul district weather details,Weather,en
Asked about dual purpose fruit crops information,Cultivation,en
Asked about Groundnut weed management,Pest Management,en
asked about crop loan complaint information,General Agriculture,en
Asking about Black gram leaf caterpillar management,General Agriculture,en
Asked about Fertigation chart for Tapioca (151-240 days),Fertilizer,en
sowing season for cauliflower,Cultivation,en
Groundnut sowing season thiruvannamalai,General Agriculture,en
Asked about Mango tree maintenance,Cultivation,en
Asked about Weed management in Beet root,Pest Management,en
Asked about Improved white ponni Duration & yield information,Crop Information,en
Asked about thrips management in tuberose,General Agriculture,en
asking about paddy weed management,Pest Management,en
Asking about market rate for jasmine,Cultivation,en
Asked about top fertilizer management for groundnut,Fertilizer,en
Asking about groundnut leaf spot prevention management,General Agriculture,en
Asked about Kallurundaiyan Paddy Variety information,Crop Information,en
Asking about lablab fruit borer managment,Pest Management,en
Asked about Yellow Mite management in Chilli,Pest Management,en
Asking about weather report for Coimbatore district,Weather,en
basal application for groundnut,Fertilizer,en
asked about fertilizer management in maize,Fertilizer,en
Asked about Manila tamarind organic fertilizer management,Fertilizer,en
Asked about paddy varieties,Crop Information,en
Asking about seed rate for bhendi,Cultivation,en
Asking about chilli leafspot disease management,Crop Disease,en
"Asked about Paddy variety ADT 51 duration ,yield information",Cultivation,en
Asked about calcium deficiency management in bitter gourd,Cultivation,en
Asked about red spider management in bhendi crop,General Agriculture,en
Asked about Maize Varieties and durations,Weather,en
Root rot in beans,Crop Disease,en
Asked about ADT 54 Paddy seeds availability contact,Cultivation,en
Asked about Rhizopus fruit rot management in jack tree (organic),Crop Disease,en
horticulture department no of krishnagiri,Cultivation,en
Asked about Paddy basal fertilizers,Fertilizer,en
asking about villupuram district today weather Report,Weather,en
asked about basal fertilizer management in blackgram,Fertilizer,en
Asking about Fruit borer management in Brinjal,Pest Management,en
Banana sigatoka leaf disease,Crop Disease,en
Asking about Chrysanthimum top dressing fertilizers,Fertilizer,en
Asked about avin milk cooperative contact details,Cultivation,en
sugar cane top dressing fertilizer,Fertilizer,en
prevention of root rot in maize,Crop Disease,en
Paddy basal fertilizer,Crop Information,en
Asked about rust management in tuberose,Crop Disease,en
Asking about suitable cotton varieties for erode district,Crop Information,en
Asking about panchagavya spray dosage for crops,Pest Management,en
Asking about root grub & nematode management in cotton crop,Pest Management,en
Asking about caterpillar management in blackgram,Pest Management,en
asked about water management in jasmine,Irrigation,en
Asking about Brinjal Top fertilizer application for Varieties,Fertilizer,en
Asking about root rot management for papaya,Crop Disease,en
asked about spacing of peas,Cultivation,en
Asked about Bhendi root rot management,Crop Disease,en
Asked about Paddy Tillering information,Fertilizer,en
nagapattinam weather report details,Weather,en
Paddy navarai varieties,Crop Information,en
Asking about boron deficiency in tuberose,Fertilizer,en
total yield of RICE CO 51,Crop Information,en
Asked about paddy market information,General Agriculture,en
top dressing fertilizer managment for turmeric,Fertilizer,en
Asking about Koyambedu market small onion market price today,General Agriculture,en
Asking about sucking pest management in cucumber,Pest Management,en
Asking about Azolla seed availability and cultivation information,General Agriculture,en
Asked about sucking pest management in tapioca,Pest Management,en
Suitable green gram varieties,Crop Information,en
Asked about increase maize yield information,Fertilizer,en
Asking about Weather detail for Tirunelveli dist,Weather,en
asking about paddy season and varieties,Crop Information,en
Asked about Pirandai growth development information,Fertilizer,en
Weather report for peramablur district,Weather,en
Asked about Tomato serpentine leaf Miner management information,General Agriculture,en
Asking about Prevent root rot and leaf shed in Jasmine plant,Crop Disease,en
Asked about lablab root rot managment,Crop Disease,en
asking about thiruvannamalai district rain details,Weather,en
Asking about Red palm weevil in Coconut,General Agriculture,en
Asking about Root rot disease management in jasmine,Crop Disease,en
asking for paddy brown plant hopper management,Irrigation,en
Asked about leaf cater pillar management in groundnut,General Agriculture,en
Asked about veterinary department contact number,Crop Disease,en
Asking about Sugarcane Weed management information,Pest Management,en
Asked about management of leaf and bud blight in rose,Crop Disease,en
Asking about PINK PIGMENTED FACULTATIVE METHYLOTROPS (PPFM) availability information,Irrigation,en
Asking about Suitable red gram varieties in Adipattam,Crop Information,en
Asked about Mahogany and Mango plant suitable in water logging condition,Cultivation,en
Asked about Nirmal 7 black gram crop duration and seed rate,Crop Information,en
Asked about Required seed rate for Dhaincha,Fertilizer,en
tomato root rot management,Crop Disease,en
Asked about Mealybug management for Chilli plant,Fertilizer,en
Asked about Moringa Leaf powder making,Harvesting,en
tirunelveli weather report details,Weather,en
Asked about black gram weed management ( 5 days),Pest Management,en
Ground nut sowing season,General Agriculture,en
asking about tuberose leaf blight management,Crop Disease,en
fertilizer management in maize,Fertilizer,en
Asked about ASD 16 paddy variety,Crop Information,en
Asked about Maize top dressing fertilizer management,Fertilizer,en
Asked about sowing season & duration for paddy variety ADT 43,Weather,en
guinea grass seed availability,Weather,en
asked about harvesting of pepper,Cultivation,en
asking about consultancy of sowing season for cotton,Cultivation,en
Asked about reclamation of hard soil,Soil,en
Asked about sudden wilt symptom in sapota,Crop Disease,en
weather detail for eode dist,Weather,en
Asking about banana bio fertilizer management,Pest Management,en
Asking about agri department contact details,Cultivation,en
Asking about suitable paddy varieties for Sornavari season& duration,Crop Information,en
Asking about flower dropping management in Cashewnut,General Agriculture,en
Asked about chilli foliar application information for 19:19:19,Fertilizer,en
Asked about Irrigation management in Sugarcane,Irrigation,en
Asked about azolla seeds availability in salem,Cultivation,en
Asked about live fence crop suitable for jasmine,Cultivation,en
Tomato top dressing fertilizer,Fertilizer,en
Asked about subsidy details for castor seed separator,Cultivation,en
Asked about root rot management in jasmine,Crop Disease,en
Groundnut seed rate,Cultivation,en
Asked about maize sowing season and variety,Weather,en
Asking about Germinated paddy seed storage information,Cultivation,en
Asked about stem borer adult management in paddy,Pest Management,en
Asking about Alathur tamilnadu weather report,Weather,en
asking about Coimbatore weather Report today,Weather,en
asking about Groundnut varieties information,Crop Information,en
Vellore weather report,Weather,en
Asked about Market information of Coconut and Copra,General Agriculture,en
Asked about FYM using quantity and using distance for Coconut,Fertilizer,en
paddy short duration seed rate,Cultivation,en
Asking about Suitable groundnut varieties for cuddalore district,Crop Information,en
asking about varieties of paddy,Crop Information,en
Weather report for Villupuram district,Weather,en
Asking about Special features for TPS 3 paddy variety,Cultivation,en
Asked about CO 51 paddy variety information,Crop Information,en
erode veterinary department contact number details,Crop Disease,en
Asked about sowing season for maize,Cultivation,en
Asking about Bacterial leaf blight management in paddy,Crop Disease,en
asking about coimbatore weather report,Weather,en
Asked about Paddy leaf blight management information,Crop Disease,en
Asking about Brown Spot management in paddy,General Agriculture,en
Asked about ADT 51 Paddy seeds availability contact,Cultivation,en
Asking about sowing season for black gram,Cultivation,en
veterinary contact number,Crop Disease,en
Asked about Private and Government Cotton Varieties information,Crop Information,en
asking about paddy foliar spray,Fertilizer,en
Asking about pod borer management in black gram,Pest Management,en
Asked about Sesame sowing season and varieties,Weather,en
Thiruvannamalai paddy variety details,Cultivation,en
paddy pest control measure,Pest Management,en
Cuddalore district weather forecast,Weather,en
Asking about sowing season & suitable cotton varieties for tiruvarur district,Weather,en
Asked about PM kisan samman nidhi yojana scheme 11&12 th Installment status,General Agriculture,en
Asking about blast in paddy,General Agriculture,en
Asked about Pesticides spray after VAM biofertilizer application,Pest Management,en
ariyalur weather report,Weather,en
soil test technique,Soil,en
Root Rot in cotton,Crop Disease,en
snake gourd top dressing fertilizer management,Fertilizer,en
Asking about weather report for Dindigul,Weather,en
Asked about sucking pest management in gourds,Pest Management,en
Asking about TNAU Department of Floriculture and Landscaping contact number (rose varieties ),Fertilizer,en
Asked about Damping off management in sesame,General Agriculture,en
Asked about sugarcane foliar application information,Fertilizer,en
Asked about organic pesticide preparation,Pest Management,en
Asking about sesame sowing season for Tiruvannamalai district,Weather,en
Asking about Sowing method and Seeds availability information,Cultivation,en
Asking about Rhizopus rot management in jack fruit,General Agriculture,en
Asking about Subsidy detail for Mini tractor,General Agriculture,en
Asked about suitable soil & climate for cotton,Weather,en
Asking about Guava mealy bug management,General Agriculture,en
agri clinic training at erode dist,Crop Information,en
asking about green greengram and paddy season and varieties,Weather,en
sunflower top dressing fertilizer management,Fertilizer,en
Asked about soil type for pumpkin cultivation,Cultivation,en
Asked about fertilizer management in banana (coirpith & poultry waste ),Fertilizer,en
Farmer asked price detail of Paddy(Dhan)(Common) in Kilpennathur mandi.,General Agriculture,en
namakkal weather report details,Weather,en
Asking about peacock management in field,Cultivation,en
paddy CO 51 variety duration (days) and sowing season,Cultivation,en
Weather report for karur,Weather,en
Basal fertilizer management for chilli,Fertilizer,en
asking about Leaf Blight management in onion,Crop Disease,en
Asking about Rodent control in paddy and Contact number of JDA,Pest Management,en
"Asking about Paddy stem borer ,leaf folder management",Pest Management,en
Aphids in groundnut,General Agriculture,en
Asking about Sowing season of (Ponni) paddy,Weather,en
asked about sowing season and suitable variety of sesame,Crop Information,en
Asked about traditional paddy varieties for Kuruvai season,Crop Information,en
Asking about Chilies planting spacing for Varieties and Hybrids,Cultivation,en
Nursery duration for small onion,Cultivation,en
Asking about Perambalur weather report,Weather,en
Asking about Downey mildew disease management pumpkin,Crop Disease,en
Asked about sesame sowing season for cuddalore district & suitable varieties,Cultivation,en
Asked about groundnut varieties,Crop Information,en
Asking about Suitable varieties and climate condition for Pepper,Cultivation,en
Viruthunagar veterinary department,Crop Disease,en
erode district soil testing laboratory phone number,Soil,en
Asking about organic herbicide preparation information,Pest Management,en
Asked about groundnut prevent soil born pathogen,Soil,en
Asked about Sunflower seed rate details,Cultivation,en
Asking about Regulated market committee phone number(Villupuram district),General Agriculture,en
FARMER ASKED ABOUT PRADHANMANTRI KISAN SANMAN NIDHI YOJANA STATUS & HELPLINE NUMBER ?,General Agriculture,en
asked about top dressing fertilizer management in castor,Fertilizer,en
Asking about tomato basal fertilizer management,Fertilizer,en
"asking about soil testing lab in TNAU, coimbatore",Soil,en
Asked about Casuarina spacing information,Cultivation,en
Salem weather report details,Weather,en
Cumbu planting season,Weather,en
Asked about navarai season paddy varieties,Crop Information,en
TRY 3 Paddy variety duration days details,Cultivation,en
Asking about Fruit Borer and pin worm management in tomato,Pest Management,en
asking about Leaf folder control in paddy,General Agriculture,en
Asking about Sowing season of Agriculture crops,Weather,en
tuberose leaf blight management,Crop Disease,en
Asked about fruit borer management in brinjal,Pest Management,en
Asking about Small onion sowing season,Cultivation,en
Asked about blackgram caterpillar and blight managment,Crop Disease,en
Weather report for Coimbatore district,Weather,en
Asking about Which types of Feed used for Poultry,General Agriculture,en
banana foliar spray details,Cultivation,en
Asking about sucking pest management in jasmine,Pest Management,en
Asking about water management in sunflower,Irrigation,en
asking about guava top fertilizer management,Fertilizer,en
Asked about Brinjal planting season,Cultivation,en
Foliar application in Brinjal,Fertilizer,en
Asking about Market price of Sesame,General Agriculture,en
asking about weather report for thiruvannamalai district,Weather,en
Asked about Carbofuran and Metarhizium anisopliae given through Driplines (for Rose plant),General Agriculture,en
Asking about flower shed in tuberose,Cultivation,en
Asking about Leaf caterpillar and hopper management in mango,General Agriculture,en
asking about Bhendi sowing season,Cultivation,en
asked about fruit rot management in tomato,Crop Disease,en
rodent management in field,Pest Management,en
Asking about Villupuram district rainfall information,Weather,en
Rainfall information for vellore district,Weather,en
Asking about Sesame sowing season,Weather,en
asking about onion suitable spacing,Cultivation,en
asking about Teak seedlings availability information,Cultivation,en
Asking about Chembarambakkam lake level today information,Irrigation,en
"Asking about Horticultural Research Station,Yercaud contact information",Cultivation,en
paddy water management,Weather,en
Sesame leaf hopper management,General Agriculture,en
Asking about sowing season for black gram variety VBN 8,Cultivation,en
Brinjal planting season,General Agriculture,en
Asked about Top dressing fertilizer management for Groundnut,Fertilizer,en
Asked about Northeast Monsoon information,Weather,en
Asking about stem borer and sheath blight control in paddy,Crop Disease,en
Asking about paddy stem borer management,Pest Management,en
Asked about leaf caterpillar management for Chilli,General Agriculture,en
asking about Boron Deficiency in jasmine,Fertilizer,en
asking about cuddalore today weather Report,Weather,en
Asked about leaf blight management in tuberose,Crop Disease,en
asking about Betel vine foliar application information,Fertilizer,en
Asking about Sapota fertilizer management 1st year tree,Fertilizer,en
Asked about suitable paddy varieties for kuruvai season,Crop Information,en
mosaic virus in black gram and green gram,Crop Disease,en
Rhizome rot in turmeric,General Agriculture,en
asked about ear head bug and stem borer management in paddy,Pest Management,en
asking about groundnut sucking pest management,Pest Management,en
Asked about suitable sowing season & varieties for Ragi,Weather,en
asking about paddy season and varieties (samba season),Crop Information,en
Asked about sfssch 444 BG 11 cotton variety information,Crop Information,en
asking about groundnut root rot management,Crop Disease,en
Asked about Paddy weed management,Irrigation,en
amla post harvest technalogy,Harvesting,en
Asking about Crop Insurance details (application status),Cultivation,en
Asked about management of effect of herbicide,Fertilizer,en
asking about vermicompost availability information,General Agriculture,en
basal fertilizer for sunflower,Fertilizer,en
suitable sunflower season and variety,Crop Information,en
top dressing fertilizer managment for paddy,Fertilizer,en
asking about shoot and fruit borer in brinjal,Pest Management,en
Asked about paddy CR 1009 and CR 1009 Sub 1 yield information,Crop Information,en
asked about weed management in uncultivated land,Pest Management,en
Tirunelveli district weather forecast,Weather,en
Asking about flower shed management in moringa,General Agriculture,en
Asking about Thrips pest management in paddy,Pest Management,en
Post emergence weed management for green gram,Pest Management,en
asked about sowing season of maize,Weather,en
Asking about Maize and Groundnut sowing season,Weather,en
paiyur research statio0n contact no.,General Agriculture,en
asking about weather report for Trichy district,Weather,en
Asking about Suitable red gram varieties in Chithiraipattam,Crop Information,en
root rot in celosia,General Agriculture,en
asked about fruit rot management in jackfruit,Crop Disease,en
Asked about paddy ADT36 and ADT37 variety details,Crop Information,en
soil tesing technique,Soil,en
paddy Seed availability contact number,Cultivation,en
"Asking about cutworm, sucking pest management for Brinjal",Pest Management,en
"foliar spray in blackgram,",Fertilizer,en
Asking about subsidy for solar plate,Pest Management,en
Asking about weather report for Namakkal,Weather,en
suitable sowing season for Pulse,Crop Information,en
"Asked about Paddy ADT 54 variety sowing season, grain type, total duration, yield and special characteristics",Crop Information,en
Asked about humic acid application time & dosage information for tapioca crop,Fertilizer,en
asking about bacterial leaf blight in paddy,Crop Disease,en
asking about red gram season and varieties,Crop Information,en
Thoothukudi Agricultural Engineering Department contact number details,Cultivation,en
asking about Navarai season paddy varieties,Cultivation,en
Asking about Acid lime bio fertilizer management,Pest Management,en
Asked about Paddy Top fertilizer application,Fertilizer,en
Asking about Cowpea sowing season and Varieties,Weather,en
control measure for fruit borer in brinjal,General Agriculture,en
Asking about Chilli root rot management,Crop Disease,en
Asked about PM kisan samman nidhi yojana scheme 13th Installment status,General Agriculture,en
asking about address for Cuddalore soil testing laboratory,Soil,en
Asking about Sucking Pest management in Groundnut,Pest Management,en
Paddy foliar spray,Fertilizer,en
Asked about Rice tungro disease management in Paddy,Crop Disease,en
Paddy varieties (kar),Crop Information,en
"Asked about Tea mosquito bug and Fruit borer management for Cashew plant ,Fipronil pesticide availability",Pest Management,en
details about forage crops,Cultivation,en
Suitable paddy varieties for Villupuram,Crop Information,en
Asked about Information on spraying maize crops insecticide and sticking agent,Pest Management,en
asking about marigold fertilizer (MN) management,Fertilizer,en
Asking about Root rot Control management in Brinjal (Precautions),Crop Disease,en
Asked about sesame sowing season and variety for kallakurichi district,Weather,en
Asking about Brown plant hopper in paddy,Fertilizer,en
Asked about Bhendi thrips & aphids management,General Agriculture,en
Asking about Fertilizer availability,Fertilizer,en
Asking about PM Kisan Samman Nidhi Aadhar OTP Ekyc information,General Agriculture,en
Asked about Blackgram crop insurance details,General Agriculture,en
Fusarium wilt in banana,Crop Disease,en
Asking about mealy bug management in guava,General Agriculture,en
Asking about Root rot management in paddy,Crop Disease,en
Asked about suitable paddy varieties for vellore district,Crop Information,en
Asked about weed management for tapioca,Pest Management,en
Asking about Suitable varieties for Paddy (April-May),Crop Information,en
Asked information about sorna sub-1 variety in rice,Crop Information,en
market rate for paddy,General Agriculture,en
whitefly control in bhendi,General Agriculture,en
Asking about Paddy storage pest control,Harvesting,en
Asked about azolla seeds availability and KVK contact information,Cultivation,en
Asked about weed management for Snake gourd,Cultivation,en
Asking about Paddy navarai season of planting and varieties for Salem/Namakkal,Weather,en
Asked about Direct paddy procurement center toll free number (price),General Agriculture,en
Asked about management of whitefly in guava,General Agriculture,en
Asking about Foliar spray in guava,Fertilizer,en
sowing season for ragi,Crop Information,en
Elephant yam top dressing fertilizer management,Fertilizer,en
Asked about Germination days for Bitter gourd (in Mulching sheet),Cultivation,en
asking about Erode today weather Report,Weather,en
Asked about paddy moth adult pest managment,Pest Management,en
Asked about Kudirai vali sowing season,Cultivation,en
Asking about Special features for CO 52 paddy variety,Cultivation,en
Asked about sucking pest management in green gram,Pest Management,en
Asking about banana disease managment,Cultivation,en
asking about Bacterial leaf blight control in paddy,Crop Disease,en
Asking about Biofertilizer liquid application for Paddy,Pest Management,en
Asked about Maize hybrid seeds availability place information (CO 6),Cultivation,en
Groundnut planting season,Weather,en
Asking about vellore today weather Report,Weather,en
asked about growth information of onion,Cultivation,en
Asking about cashew disease managment,Crop Disease,en
Red spider mite in jasmine,Pest Management,en
Asked about pm kisan 14th installment status checking detail (Not registered in eKYC),General Agriculture,en
Asking about black gram seeds availability information,Cultivation,en
Asking about Spiny beetle pest management in paddy,Pest Management,en
Asked about For which crop should be used to inhibit Phosphobacterium and acetobacter ?,Fertilizer,en
paddy varieties for navarai season,Crop Information,en
Kancheepuram Farmers Training Centre contact number,Crop Information,en
Brinjal in blight,Crop Disease,en
Asked about Brinjal flower drop management,Fertilizer,en
Asked about Mancozeb fungicide uses,Cultivation,en
Asking about Soil testing details,Soil,en
Asking about Coconut Thanjavur wilt management,Crop Disease,en
Asked about Prevention for Sugarcane internode borer,Pest Management,en
weeds control in paddy,Pest Management,en
Asked about weather forecast (Cyclone related information,Weather,en
fruit rot in tomato,Crop Disease,en
Weather details about rainfall,Weather,en
Asked about Boron fertilizer information,Fertilizer,en
Asking about Gibberellic acid application advantages,Fertilizer,en
asking about perambalur district rain details,Weather,en
top dressing for coconut,Fertilizer,en
Asking collar rot disease management n brinjal crop,Crop Disease,en
Asked about Need for Sugarcane research station contact numbers,Crop Information,en
Asked about weed management for maize,Pest Management,en
root rot in jasmine and dhaincha cultivation,Crop Disease,en
Asking about sowing season & suitable paddy varieties for Sornavari season,Crop Information,en
Asking about weed management for beans,Cultivation,en
Suitable paddy varieties for villupuram district,Crop Information,en
asking about Cuddalore district rain details,Weather,en
Asked about sowing season & duration (Karunkuruvai) for paddy,Crop Information,en
weather report for krishnagiri,Weather,en
honey bee training details,General Agriculture,en
Asked about coriander seed rate,Cultivation,en
marigold top dressing fertilizer management,General Agriculture,en
Weather report for Salem district,Weather,en
Asked about Castor sowing season,Weather,en
Asking about Onion Basal rot management,General Agriculture,en
Asked about Cotton stem borer management,Pest Management,en
asking about groundnut market rate,General Agriculture,en
Asking about season for green gram,Fertilizer,en
Asked about suitable groundnut varieties and yield information,Crop Information,en
Asking about Market rate for maize,General Agriculture,en
Chillies sowing season,Fertilizer,en
Sowing season of beetroot,Cultivation,en
Suitable sesame varieties,Weather,en
Nagapattinam district weather forecast,Weather,en
Internode Borer in Sugarcane,Pest Management,en
asking about paddy ADT 45 variety details,Crop Information,en
Asking about Tapioca foliar foliar nutrition spray management,Fertilizer,en
Asking about Budworm management in Jasmine,General Agriculture,en
Shoot and fruit borer control in bhendi,Pest Management,en
Asking about Water Technology Centre phone number,Irrigation,en
paddy varieties for Tiruvannamalai,Crop Information,en
Asked about foliar spray for maize (yield increase),Fertilizer,en
Top dressing for Brinjal,Fertilizer,en
Asking about weather report for villupuram district,Weather,en
Asked about stem borer management in paddy,Pest Management,en
Asked about sucking pest and leaf cater pillar management in cotton,Pest Management,en
Asking about spacing for tapioca,Cultivation,en
Asked about stem borer mangaement in brinjal,Pest Management,en
asking about redgram pod borer management,Pest Management,en
Asking about Neem plant nursery availability,Cultivation,en
thirupur weather report,Weather,en
"Asked about Sucking Pest , Beetles and Shoot borer management in Brinjal",Pest Management,en
erode weather report details,Weather,en
krishnagiri Navarai paddy varieties,Crop Information,en
fusarium wilt in ixora coccinea,Crop Disease,en
asking about spider mite control in black gram,Pest Management,en
SRI weed management,Pest Management,en
Mango foliar application,Fertilizer,en
Asked about TNAU Rice ADT 50 Variety information,Crop Information,en
Asking about soil sample collecting procedure,Soil,en
Asked about paddy ASD 16 duration (Days),Crop Information,en
Asking about Sowing season of Redgram,Weather,en
Asked about Mango sucking pest management management,Pest Management,en
Asked about paddy ADT53 and ADT54 variety details,Crop Information,en
Asked about Yellow sigatoka disease management for Banana,Crop Disease,en
"Asked about sowing season , duration & specification for traditional paddy variety poongar , thuyamalli",Crop Information,en
Asking about Paddy Variety Poongar duration,Crop Information,en
asked about seed rate of kodo millet,Cultivation,en
Asked about Sesame Harvesting information,Harvesting,en
Weather report for tooththukudi district,Weather,en
Asked about Acid lime Hybrids & saplings availability place information,Cultivation,en
Asking about Paddy ADT 49 sowing season,Crop Information,en
Krishi Vigyan Kendra - kanchepuram,Soil,en
Asked about Blackgram planting season information,Weather,en
Asking about Time to spray pesticides during the winter season,Pest Management,en
Asking about Thanjore wilt control management in coconut,Crop Disease,en
Asking about asking about villupuram today weather Report,Weather,en
Asking about relief fund details for cyclone affected crops,Crop Information,en
Asking about Azadiractin application method for Bhendi,Pest Management,en
Asked about Thenneri water level today information,Irrigation,en
Maize sowing season,Weather,en
Asked about accident information of cow,Crop Disease,en
Asked about availability of biofertilizers information,Pest Management,en
Asked about Paddy Top Dressing fertilizer application (MN),Fertilizer,en
asking about kvk number of namakkal,Weather,en
Asked about scab disease management for Acid lime,Crop Disease,en
"asking about Blackgram variety VBN 8 special features, duration and yield information",Crop Information,en
Asking about Pink disease management in Cashewnut,Crop Disease,en
Asking about need for blackgram seeds,Cultivation,en
Asking about Groundnut sowing season,Cultivation,en
Asked about Weed management for Cumbu,Pest Management,en
Asking about foliar spray for jasmine (flower quality increase),Fertilizer,en
Asked about Magnesium deficiency management in cotton,Fertilizer,en
Asking about Veterinary University Training and Research Centre phone number,Crop Disease,en
coconut Stem bleeding disease,Crop Disease,en
Asked about Weed management for Paddy (21 DAP),Pest Management,en
weather report in villupuram district,Weather,en
Asked about CO 55 paddy variety,Crop Information,en
Asked about Watermelon season and varieties,Cultivation,en
Asked about azospirrillum + phosphobacteria bio fertilizer information,Fertilizer,en
Asked about fertigation for tapioca crop,Fertilizer,en
weed management for paddy,Pest Management,en
Asked about Salem today weather Report,Fertilizer,en
Asked about sowing season for banana (Garden lands),Cultivation,en
Asking about Paddy Crop Yield Loss information,Fertilizer,en
Asking about premature fruit drop management in chilli,Fertilizer,en
Asked about Zinc sulphate using quantity and spraying procedure for Paddy,Fertilizer,en
Asking about Thanjavur Krishi Vigyan Kendra contact number,General Agriculture,en
Asking about Suitable varieties for Groundnut (Anippattam),Crop Information,en
control measure for shoot borer in sugarcane,General Agriculture,en
Asked about Paddy Stem borer and Leaf folder management in Paddy,Pest Management,en
Mealy bug for cotton,General Agriculture,en
Asked about Stem borer & sucking pests management for paddy,Pest Management,en
Asking about weather report for pudukottai district,Weather,en
"Asked about Soil testing ,Water testing laboratory address and phone number",Soil,en
asked about sowing season and suitable varieties of maize,Crop Information,en
Asking about Cotton Fusarium wilt Management,Crop Disease,en
Asked about suitable paddy varieties for saline soil,Crop Information,en
Cow production details,General Agriculture,en
foliar spray for tomato,Fertilizer,en
Asked about Water management after fertilizer application,Irrigation,en
Asking about Root rot management in Mulberry,Crop Disease,en
Asked about top dressing fertilizer for Maize (30th day ),Fertilizer,en
Asking about Root rot management in groundnut,Crop Disease,en
Asking about Trichy district rainfall information,Weather,en
Asked about Leaf folder management in Paddy,General Agriculture,en
asking about Bunchy top virus management in Banana,Crop Disease,en
asking about sowing season for maize,Weather,en
groundnut seed treatment information,Cultivation,en
Asked about Duration & suitable sowing season for Maize Hybrid 11,Crop Information,en
paddy varieties for,Crop Information,en
Asked about Red spider mite management in Tapioca,Pest Management,en
Asked about paddy sowing season and variety in vellore district,Weather,en
contact number for veterinary training in thirupur district,Crop Disease,en
Asking about sowing season & characteristics of groundnut variety kadiri 1812,Crop Information,en
Asking about Paddy Shoot and stem borer management,Pest Management,en
suitable season for sugarcane,General Agriculture,en
Sivaganga today weather Report,Weather,en
Asking about soil sample collecting procedure & soil testing laboratory in Madurai district,Cultivation,en
onion top dressing fertilizer management,Fertilizer,en
Paddy sowing season and variety,Weather,en
comtrol measure for chilli thrips,General Agriculture,en
Asking about Vegetable seed availability,Cultivation,en
Asked about fruit borer & flower shed management for Chilli,Pest Management,en
paddy shoot borer control,Pest Management,en
Asked about Guava Planting Spacing and Plant population,General Agriculture,en
Basal fertilizer management for rice,Fertilizer,en
Asked about sowing season for ASD 21 information,Crop Information,en
varieties for black gram,Crop Information,en
Asking about Papaya Leaf curl virus and Papaya ring spot virus management,Crop Disease,en
groundnut weed management,Pest Management,en
Asked about management of tanjore wilt in coconut,Crop Disease,en
Banana diseases Yellow sigatoka management,Crop Disease,en
Asking about weather report for erode district,Weather,en
Asking about suitable sesame varieties for Tiruvannamalai district,Crop Information,en
weed management detail,Pest Management,en
Asked about Root rot disease management in groundnut crop,Crop Disease,en
Asking about Nematode control and Root growth increase in Tomato,Pest Management,en
Alterneria leaf blight: cotton,Crop Disease,en
Asked about Banana sales related details,Fertilizer,en
Asking about Suitable paddy varieties for sornavari season,Crop Information,en
asking about ariyalur weather report,Weather,en
Asked about Groundnut sowing season and varieties,Crop Information,en
pumpkin growth regulators,Fertilizer,en
asking about Bacterial Wilt in watermelon,Crop Disease,en
flower drop in tomato,Fertilizer,en
paddy sheath blight,Crop Disease,en
When can it rain after spraying herbicides?,Pest Management,en
Asking about Pm kisan samman nidhi yojana scheme new registration information,General Agriculture,en
Asking about navarai season paddy varieties,Crop Information,en
Tillering stage fertilizer management for paddy,Fertilizer,en
Paddy in blast,General Agriculture,en
Asking about cotton Pre sowing seed treat management,Cultivation,en
Asking about soil testing information,Soil,en
Asked about Wettable sulphur and Oberon pesticide can be mixed,Pest Management,en
Asked about Fruit Rot and Die Back management for Chilli plant (Copper oxy chloride and Nativo fungicide can be spray),Crop Disease,en
Asking about Paddy basal fertilizer management,Fertilizer,en
Asking about Beta-Cyfluthrin + Imidacloprid 300 OD pesticide details,Pest Management,en
asked about top dressing fertilizer management in cotton,Fertilizer,en
Asking about maize sowing season and Variety,Weather,en
greengram flowering stage,Weather,en
Asking about Water management for Chilli plant (before spraying fungicide),Irrigation,en
Asked about Cow Mastitis management,Crop Disease,en
timber trees nursery availability,Weather,en
groundnut top dressing fertiliizer,Fertilizer,en
jasmine root rot,Crop Disease,en
Asking about suitable paddy varieties for Ariyalur District,Crop Information,en
Asking about Paddy top dressing fertilizers,Fertilizer,en
Asked about pest and disease identification information,Crop Disease,en
Asked about prevent wild boers in agriculture fild,Cultivation,en
Asked about Flower size increase for Jasmine plant,Fertilizer,en
asking about Wilt management in Cotton,Crop Disease,en
weed management for horse gram,Pest Management,en
Storage of seed rhizomes,Harvesting,en
asked about setts rate of cumbu Napier,Cultivation,en
Asked about Mealy bug management in Papaya and Herbal plant extract preparation,General Agriculture,en
asking about celosia pest management,Pest Management,en
paddy varieties for vellore,Crop Information,en
Black gram anthracnose control,General Agriculture,en
Asking about mealy bug & anthracnose disease management in mango tree,Crop Disease,en
Asked about Problematic Soil reclamation information,Soil,en
Asked about Coconut fertilizer management for 15 years old tree,Fertilizer,en
Krishnagiri soil test lab number,Soil,en
Asking about weather detail in cuddalore,Crop Information,en
Asked about fertigation schedule for papaya information,Fertilizer,en
asking about raingauge fertigation schedule,Fertilizer,en
Beetles in watermelon,General Agriculture,en
Asking about water management in coconut,Irrigation,en
Asking about weather report for viruthunagar district,Weather,en
asking about blackgram powdery mildew management,General Agriculture,en
cotton root rot management,Crop Disease,en
Asked about Thuyamalli Paddy sowing season and total duration information,Weather,en
Asking about suitable groundnut varieties,Cultivation,en
Asking about Kudumiyan Malai weather report,Weather,en
Coimbatore weather report details,Weather,en
Asked about Bacterial leaf blight symptoms for paddy,Crop Disease,en
Asked about wilt management in drumstick,Crop Disease,en
Rodent control in paddy field,Cultivation,en
Asking about poultry diseases management,Crop Disease,en
Asked about Farm yard manure and water mixed solution given through Driplines (for Rose plant),Fertilizer,en
Asking about Stem borer management in Brinjal,Pest Management,en
Weather report for Namakkal District,Weather,en
asked about disease and pest resistance information of ADT 54 Paddy variety,Crop Disease,en
button shedding in coconut,Cultivation,en
Asked about sesame planting season,Weather,en
Asked about Mahendra 606 paddy variety duration,Crop Information,en
paddy ADT 46 variety duration (days),Crop Information,en
asking about cotton foliar spray,Fertilizer,en
sheath rot control in paddy,General Agriculture,en
Medicinal coleus planting season,General Agriculture,en
Asked about sesame variety,Crop Information,en
Asking about Suitable agriculture crops cultivation for this season,Weather,en
Asking about Paddy basal dressing fertilizer management,Fertilizer,en
Asked about Chilli Thrips management,General Agriculture,en
Villupuram weather report details,Weather,en
Asking about TNAU agronomy Department contact number (waterlogged soil ),Cultivation,en
Amla seedlings availability information,Cultivation,en
Asking about ADT 53 and ADT 51 paddy varieties detail,Crop Information,en
Asked about paddy Arupadham kuruvai variety sowing season,Crop Information,en
Asking about puthukottai horticultural department contact number,Cultivation,en
Asking about Address for Perambalur soil testing laboratory,Soil,en
Asking about top fertilizer management in cotton,Fertilizer,en
details about azolla cultivation,Cultivation,en
Asked about Panama wilt management in Banana,Crop Disease,en
Asking about cashew flower blight managment,Crop Disease,en
asking about suitable variety of sesame,Crop Information,en
Asking about groundnut foliar application,Fertilizer,en
Asked about weed management for soybean,Pest Management,en
chillies root rot,Crop Disease,en
Asked about paddy direct sowing in un-puddled land,Irrigation,en
Asking about coconut fertilizer management information (Trichoderma),Fertilizer,en
"preparation method of garlic,chilli,ginger extract",Pest Management,en
Asked about suitable direction for installation of drip irrigation,Irrigation,en
Asked about Sucking pest and Leaf curl disease management in Cotton,Crop Disease,en
Asking about Brinjal suitable season,Cultivation,en
Asking about pod borer management for tamarind tree,Pest Management,en
Asked about Weed management for Tapioca and Pendimethalin herbicide price information,Cultivation,en
Asked about fertigation schedule in cotton,Fertilizer,en
asking about tomato early blight management,Crop Disease,en
Asking about Paddy sowing season and varieties,Crop Information,en
Asked about Mosaic disease management for Tomato (Fipronil can be spray),Crop Disease,en
top dressing in paddy,Fertilizer,en
Asked about Vegetable crops that can be grown in November and December,Cultivation,en
paddy Bacterial leaf blight management details,Crop Disease,en
Asking about Animal disease management,Crop Disease,en
Asked about Suitable vegetables for December planting season,Cultivation,en
Asking about Gall midge management for paddy,General Agriculture,en
"Asked about leaf hopper ,thrips & bud borer management in rose flower",Pest Management,en
Asking about Thiruvannamalai horticultural department contact number,Cultivation,en
dharmapuri weather report details,Weather,en
"Department of Post Harvest Technology Centre, TNAU, Coimbatore",Harvesting,en
Aphids in citrus,General Agriculture,en
Asking about Cutworm in onion,Fertilizer,en
Bacteria leaf blight in paddy,Crop Disease,en
Asked about banana Drought management in crossandra,Irrigation,en
black gram sowing season and variety 1,Crop Information,en
Asked about top dressing management for groundnut,Fertilizer,en
Asked about Paddy variety TKM 13 duration special features and yield information,Crop Information,en
Asked about water management in cotton,Irrigation,en
weather report for vellore,Weather,en
Asking about Sirugamani Krishi Vigyan Kendra contact number,Cultivation,en
Asking about Sowing season of Paddy MPR 606,Weather,en
Asking about mango powdery mildew disease managment,Crop Disease,en
Asking about kisan credit card information,General Agriculture,en
Asked about Yellow Vein Mosaic virus management in bhendi,Crop Disease,en
Asked about Soil sampling procedure and Soil testing Fees information,Soil,en
paddy ADT 45 duration (Days),Crop Information,en
Asking about Perambalur Regulator market contact number .,General Agriculture,en
Asked about Leaf curl disease and Leaf blight management for Chilli plant,Crop Disease,en
"Asking about Horticultural College and Research Institute, Periyakulam contact number",General Agriculture,en
Asking about 20 : 20 : 0 : 13 fertilizer Price (Rs/ 50 kgs),Fertilizer,en
Ratoon Stunting in sugarcane,General Agriculture,en
Weather report for Villupuram,Weather,en
Asking about French bean sowing season,Cultivation,en
Rice tungro virus in paddy,Crop Information,en
Good breed of cow,Crop Disease,en
Asked about banana panama wilt management,Crop Disease,en
asking about chilli Leaf curl virus management,Crop Disease,en
Asking about how to control disease in coconut,Crop Disease,en
Asking about Nano urea application for paddy alternate of urea,Fertilizer,en
Asked about Root rot management in Coconut,Crop Disease,en
Sesame sowing season,Weather,en
Asking about paddy navarai season varieties,Crop Information,en
Asking about Thrips management in small onion,General Agriculture,en
Asking about Bacterial leaf Blight control management in Paddy,Crop Disease,en
Root rot in paddy,Crop Disease,en
Asking about Organic Weedicide application information,Pest Management,en
maize stem borer,Pest Management,en
Asked about root rot disease management in jasmine,Crop Disease,en
Sheath Blight control in paddy,Crop Disease,en
"Asked about sowing season , Average yield & lodging for NLR 34449 Paddy variety",Crop Information,en
Asking about Red Gram durations,Crop Information,en
Asked about Brinjal basal fertilizer management,Fertilizer,en
Asked about tomato crop insurance cut off date,General Agriculture,en
asking about Cuddalore district weather details,Weather,en
Asked about Days interval between Glyphosate herbicide spray and Paddy sowing,Pest Management,en
root rot in coleus,Crop Disease,en
Asking about Maize Root Rot control,Crop Disease,en
Asked about ragi sowing season,Weather,en
control measure for leafspot in turmeric,Fertilizer,en
Asking about Villupuram weather for sowing,Weather,en
Pre emergence weed management in black gram,Pest Management,en
weather detail for tirunelveli dist,Weather,en
asking about sowing season & varieties for maize,Weather,en
Asking about Root rot in tuberose,Crop Disease,en
Asking about Ribbed gourd season and variety details,General Agriculture,en
Asking about Pseudostem borer management in banana,Pest Management,en
Asked about Sucking Pest management in Groundnut,Pest Management,en
control measure for root rot in cotton,General Agriculture,en
Asking about leaf blight in paddy,Crop Disease,en
cowpea booster application,Fertilizer,en
Asked about Leaf spot and Leaf blight disease management for Blacknight shade plant and Pseudomonas fluorescens availability,Crop Disease,en
asking about paddy top dressing fertilizer management,Fertilizer,en
Rainfall information for namakkal district.,Weather,en
Asking about forest department phone number,Cultivation,en
pod borer control in black gram,Pest Management,en
asking for the counseling call letter,Weather,en
Asking about azolla seeds availability information (Coimbatore),General Agriculture,en
Paddy Gall midge management details,General Agriculture,en
Asking about Department of Agrl. Entomology contact number,General Agriculture,en
weed management in coconut,Pest Management,en
Asking about paddy top dressing fertilizer application,Fertilizer,en
Asked about prevent root rot management in chrysanthemum,Crop Disease,en
Asking about Ragi sowing season and variety,Crop Information,en
Asking about Sowing season of Agriculture crops (Millets),Weather,en
asking about weather report for tirupur district,Weather,en
asked about sheath blight management in paddy,Crop Disease,en
Asking about Turmeric Rhizome rot Management,General Agriculture,en
Trichy district Soil testing Laboratory contact details,Soil,en
Asking about flower drops (fusarium wilt) in chilli,Crop Disease,en
Asked about ADT 37 planting season information,Crop Information,en
leaf foder in paddy,General Agriculture,en
Asked about root rot management for cotton,Crop Disease,en
Weather report for Thirunelveli,Weather,en
Chilli in leaf curl virus,Crop Disease,en
asking about sesame sowing season and varieties,Crop Information,en
Asking about need for pulses cultivation training,General Agriculture,en
Asked about foliar application in brinjal,Fertilizer,en
Asking about weed management in sunflower,Pest Management,en
Asking about white ponni paddy variety total duration,Crop Information,en
Asking about paddy variety CR1009 details,Crop Information,en
Asked about Bacterial Blights management in Lab Lab,Crop Disease,en
paddy season for Tirunelveli,Cultivation,en
papaya seedling availability,Cultivation,en
"Asked about Blackgram sowing season ,seed rate and total duration information",Weather,en
flower drops (fusarium wilt) in brinjal,Crop Disease,en
perambalur today weather Report,Weather,en
Perambalur district soil testing lab contact number,Soil,en
Asking about groundnut dharani variety details,Crop Information,en
asked about yield of ASD 16 Paddy variety,Cultivation,en
Asked about caterpillar and sucking pest management in mullai,Pest Management,en
Asking about Pudukottai today weather Report,Weather,en
asking about villupuram district weather Report,Weather,en
Banana post harvest technology training,Harvesting,en
Asked about Latest high yielding blackgram varieties (Adipattam),Crop Information,en
maize fertilizer (MN) management,Fertilizer,en
Asking about Calcium Deficiency in tomato,Fertilizer,en
Asked about Eucalyptus planting,Weather,en
Asking about Caterpillar and Yellow mosaic virus and Cercospora leaf spot management in black gram,Crop Disease,en
Thiruvananmaal soil test lab,Soil,en
asking about Kancheepuram weather Report,Weather,en
Asked about Weed management for direct sowing paddy (15th day),Pest Management,en
Asked about Coffee first harvesting time period,Cultivation,en
Jasmine root rot managment,Crop Disease,en
black gram Breeder seeds availability information,Cultivation,en
early shoot borer in maize,Pest Management,en
Black gram sowing varieties for vilupuram,Crop Information,en
Asked about planting season for Banana (Garden lands),Cultivation,en
Asked about Sorghum Disease identification,Crop Disease,en
Asking about Root rot Management in Blackgram,Crop Disease,en
"Asking about small onion seed rate, time of transplanting in onion seedlings",Cultivation,en
asking about Groundnut booster application,Fertilizer,en
Asked about Paddy variety CR 1009 Sub 1 and CR 1009 information,Crop Information,en
Asked about suitable varieties for chilli,Cultivation,en
Asking about bitter gourd fruit fly management,General Agriculture,en
Asked about Paddy white ponni seed problem information,Crop Information,en
Asking about Suitable black gram varieties in Chithiraipattam,Cultivation,en
Asking about brinjal sowing season and variety,Cultivation,en
ash gourd market information,General Agriculture,en
Castor hairy caterpillar in banana,General Agriculture,en
Asking about Botrytis Blight management in rose,Crop Disease,en
Asked about Paddy nutrient management,Fertilizer,en
soil test in technique,Soil,en
Asked about Whitefly and Yellow mosaic disease management for Tapioca,Crop Disease,en
Asked about Weed management for Cotton,Pest Management,en
Asked about Stem borer management for paddy,Fertilizer,en
Asked about fruit borer and aphids management in vegetable cowpea,Pest Management,en
Asking about weed management for sesame,Pest Management,en
cut worm control in banana,Pest Management,en
Asking about paddy sowing season and varieties,Weather,en
Asked about tuberose top dressing fertilizer management,Fertilizer,en
Asked about sugarcane trash decompose method,General Agriculture,en
Asked about flower increase in papaya,Cultivation,en
Asked about direct sowing paddy seed rate,Cultivation,en
Asking about Root grub and root worms control in Beans,Pest Management,en
Asked about fertigation schedule for Sugarcane,Fertilizer,en
asked about Weed management in black gram,Pest Management,en
Cuddalore veterinary training center,Crop Disease,en
"Asking about Stem borer , Leaf folder and Sucking pest control management in Paddy",Pest Management,en
weed management for black gram,Pest Management,en
Asking about fertilizer management for Red banana & Crop duration,Fertilizer,en
asking about Bellary onion sowing season,Cultivation,en
Asking about weather detail in nagai,Weather,en
Soil testing techniques,Soil,en
suitable blackgram variety,Crop Information,en
Asked about Maize yield information,Crop Information,en
krishnagiri weather report,Weather,en
Asking about sowing season for onion,Cultivation,en
Asked about Azolla seeds availability information,Cultivation,en
Asked about Guava Fertigation information,Fertilizer,en
Asked about Soil testing in Coconut field,Soil,en
Asking about weather detail for Erode dist,Weather,en
Asked about Dhaincha Seed Rate and cultivation,Fertilizer,en
prposis julifera management in agriculture land,Pest Management,en
coconut weed management,Pest Management,en
Asking about Namakkal district rainfall information,Weather,en
asked about duration of ADT 54 Paddy variety,Cultivation,en
"black gram season , paddy pest , drip irrigation, agri enginnering department no.",Pest Management,en
Asking about ADT 37 & ADT 46 paddy variety total duration,Crop Information,en
Asked about ADT 37 Planting Season,Crop Information,en
asking about paddy leaf folder and mealy bug management,General Agriculture,en
Asking about Greengram procurement market price information,Harvesting,en
asking about tirupur weather Report,Weather,en
Asking about Suitable paddy varieties for Tiruvannamalai,Crop Information,en
asking about polur weather report,Weather,en
Asking about agri engineering department contact number,General Agriculture,en
"Asked about maize sowing season ,varieties and yield",Crop Information,en
Thiruvarur district weather forecast,Weather,en
weather report for tiruppur,Weather,en
Asked about Contact details of water testing lab,General Agriculture,en
Asking about Bhendi suitable season,Cultivation,en
Asking about leaf curl in chilli,General Agriculture,en
sesame market rate,General Agriculture,en
asking about Aloe Vera varieties information,Cultivation,en
Asked about Sucking Pest management in Black gram,Pest Management,en
Asking about leaf blight management in cucumber,Crop Disease,en
"Asking about Krishi Vigyan Kendra, Papparappatti, Dharmapuri contact no.",Cultivation,en
paddy stem borer management,Pest Management,en
Weather report for tirupur,Weather,en
asking about soil test laboratory inforamtion,Soil,en
Asked about market price for timber price,General Agriculture,en
Chilies root rot control,Crop Disease,en
asking about blackgram root rot management,Crop Disease,en
Red gram sowing season and variety,Cultivation,en
asking about onion weed management,Pest Management,en
Root rots bio fungicide application for groundnut,Pest Management,en
Asking about Rose sucking pest management,Pest Management,en
Vellore district weather forecast,Weather,en
Asking about navarai season varieties grain type,Crop Information,en
Asked about Leaf caterpillar management for Sesame,Cultivation,en
micronutrient deficiency in bottle gourd,Fertilizer,en
Asking about The nilgiris horticultural department contact number,General Agriculture,en
vegetable cowpea flower drop management,Fertilizer,en
Asked about button shed management for coconut,Fertilizer,en
total duration of ADT 39,Cultivation,en
Asking about Tirunelveli weather Report,Weather,en
Stem borer in paddy,Pest Management,en
Asking about Microhizae (VAM) bio fertilizer application,Pest Management,en
Farmer asked price detail of Maize in Theni mandi.,General Agriculture,en
Asked about fruit drop management in guava,Fertilizer,en
Asking about suitable varieties for paddy (December -January),Crop Information,en
Asked about green gram sowing season and varieties,Crop Information,en
Asking about Contact number of Musiri agriculture officer for subsidy,General Agriculture,en
Asked about water management in cotton crop,Irrigation,en
asking for the tungro virus management in paddy,Crop Disease,en
Asking about weather detail in VILLUPURAM,Weather,en
planting spacing of sri method paddy,Cultivation,en
Rice tungro virus,Crop Disease,en
Dindugal weather report details,Weather,en
bacterial leaf blight management,Crop Disease,en
Asking about Banana bunchy top virus management (organic),Crop Disease,en
Asking about sesame seeds availability information,Cultivation,en
Asked about weed management in dewgram,Pest Management,en
Asked about suitable paddy varieties for samba season,Crop Information,en
Dindukal horticulture department,General Agriculture,en
bhendi foliar application information,General Agriculture,en
"Asked about Foliar spray for Tomato ,Chilli and Brinjal (Growth increase)",Cultivation,en
Asked about flax seeds availability information,Cultivation,en
villupuram weather Report,Weather,en
Asked about IR 50 paddy seeds availability information,Crop Information,en
Asking about Dindigul today weather Report,Weather,en
Asked about increase branches and flowering in marigold,Fertilizer,en
Asked about Pencil point disorder management,Fertilizer,en
suitable redgram variety,Crop Information,en
Chennai cucumber market rate,General Agriculture,en
asking about weather details,Weather,en
Asked about Potassium nitrate and Magnesium sulphate can be used for Cotton,Fertilizer,en
Farmer asked price detail of Black Gram (Urd Beans)(Whole) in Kallakurichi mandi.,General Agriculture,en
Asking about Tomato seed availability,Cultivation,en
Asking about thrips & powdery mildew disease management in chilli crop,Crop Disease,en
weather report for perambalur,Weather,en
Asking about Water management for Sesame,Cultivation,en
Asking about weather report for pondicherry,Weather,en
weed management for wetland,Pest Management,en
Asking about Beauveria bassiana and pesticide using days interval information,Pest Management,en
Asked about ADT 5 Black gram sowing season,Crop Information,en
Banana bunchy top virus management,Crop Disease,en
Asked about Mapillai samba paddy variety age and health benefits information,Crop Information,en
Asking about Required seed rate for Black gram,Cultivation,en
Asked about Crops Suitable for Chithirai Pattam,Weather,en
Asking about sugarcane press mud application in banana,Cultivation,en
Asking about co 51 paddy varieties details,Crop Information,en
Asking about stem borer Management in paddy,Pest Management,en
Bitter gourd sowing season,Fertilizer,en
Asking about jasmine red spider mites management,Pest Management,en
Asked about Pruning stage for Tamarind tree,Cultivation,en
Asking about rotavator with green gram crop in land there after black gram sowing detail,Cultivation,en
top dressing fertilizer mangement for paddy,Fertilizer,en
yellow muranai mite in chilli,Pest Management,en
water management in paddy field,Irrigation,en
Banana Fusarium wilt,Crop Disease,en
Asking about Stem borer and Leaf folder control management in Paddy,Pest Management,en
paddy White backed plant hopper management,General Agriculture,en
Asked about groundnut market price information,General Agriculture,en
Asked about bhendi sowing season,Cultivation,en
asking about paddy sowing season and varieties at vellore,Crop Information,en
Asked about leaf spot management for management,General Agriculture,en
sucking pest attack in chillie,Pest Management,en
groundnut seeds availability information,Cultivation,en
Asked about Dioscorea planting season & seed rate,Cultivation,en
Asked about management of wilt in watermelon,Crop Disease,en
Asked about Sugarcane yield per acre,Crop Information,en
Foliar nutrient spray for jasmine,Fertilizer,en
maize sowing season,Cultivation,en
Asked about suitable sowing season for Snake Gourd,Cultivation,en
Asked about salem weather report information,Weather,en
Asking about Thiruvannamalai today weather Report,Weather,en
Brinjal fruit borer management,Pest Management,en
weed management in green gram,Pest Management,en
Asked about navarai season varieties grain type,Cultivation,en
Paddy navrai varieties for thiruvananmalai,Crop Information,en
Asking about suitable sesame varieties for Villupuram district,Crop Information,en
Asking about Rhizopus rot management in jack,General Agriculture,en
contact number of Department of Medicinal and Aromatic Crops,General Agriculture,en
Asked about sesame seed rate,Crop Information,en
Asking about paddy basal biofertilizer management,Pest Management,en
askign about Tirupur today weather Report,Weather,en
Rainfall information for thiruvarur district,Weather,en
Asked about Leaf folder and Stem borer control management in Paddy,Pest Management,en
Foliar application in paddy,Fertilizer,en
Asking about Papaya leaf curl virus management,Crop Disease,en
Asked about Jack fruit rot management,Crop Disease,en
asking about need for mulching sheets,General Agriculture,en
Asking about TNAU Department of Fruit Crops contact number (citrus flowering),Fertilizer,en
Jasmine in white fly,Fertilizer,en
Asking about sowing season & varieties for sesame,Crop Information,en
Asked about fruit rot management for Chilli,Crop Disease,en
Asking about LRG 41 red gram seeds availability,Cultivation,en
asking about Black spot in rose,General Agriculture,en
Asking about suitable traditional paddy varieties for Navarai season,Crop Information,en
Suitable black gram varieties,Crop Information,en
Asked about popcorn and sweet corn maize variety,Crop Information,en
Asked about Top fertilizer management for Sesame,Fertilizer,en
Asking about root rot management in black gram,Crop Disease,en
Asking about features of superior coconut mother palms,Cultivation,en
asked about sucking pest management in lab lab,Pest Management,en
Asking about Groundnut Seeds availability information,Crop Information,en
Asking about Ticks management in Cow,Crop Disease,en
Asked about Panama wilt management in Banana information,Crop Disease,en
Asking about weather report for thiruvannamalai,Weather,en
Asking about krishnagiri horticulture office contact number,Weather,en
Asked about paddy nursery Bacterial Leaf Blight,Crop Disease,en
Asking about castor market price,General Agriculture,en
Asked about crops sown in alkaline soil,Soil,en
Black gram aphid management,General Agriculture,en
tobacco cutworm in chillies,General Agriculture,en
groundnut seed availability and pest management in paddy,Pest Management,en
thirupur weather report details,Weather,en
Asking about suitable paddy varieties for Thanjavur District (Kuruvai),Crop Information,en
Asking about Application method of Phosphobacteria,Pest Management,en
"Asked about leaf folder, horned caterpillar and tungro virus management in paddy",Crop Disease,en
Asked about weed management in ragi crop,Pest Management,en
Asking about Induce flowering in Brinjal,Fertilizer,en
Asking about weather report for thanjavur,Weather,en
soil testing laboratory,Soil,en
Asking about stem borer in Paddy,Pest Management,en
Asking about Kallakurichi black gram market rate,General Agriculture,en
Asked about Panchagavya preparation,General Agriculture,en
Lablab pod borer,Pest Management,en
WEATHER REPORT INFORMATION,Weather,en
Asked about coimbatore today weather Report,Fertilizer,en
asking about suitable varieties for paddy (April -may),Cultivation,en
asking about Theni today weather Report,Weather,en
Asked about Vamban 8 and Vamban 11 Blackgram variety information,Crop Information,en
ariyalur weather report details,Weather,en
banana weed management,Pest Management,en
Asking about Sesame gram sowing season and varieties,Crop Information,en
Asking about CHEMBARAMBAKKAM water level,Irrigation,en
asking about Wilt in Cotton,Crop Disease,en
Brinjal foliar spray,Fertilizer,en
"Asking about Executive Engineer (AE), Cuddalore contact no.",General Agriculture,en
"Asked about groundnut sowing season, varieties and yield",Crop Information,en
Asked about leaf folder and stem borer management in paddy,Pest Management,en
Asking about water management in groundnut,Irrigation,en
banana leaf spot,General Agriculture,en
Asking about root rot management in tuberose,Crop Disease,en
Asking about adult insect management in paddy,Pest Management,en
Asked about crop insurance application status information,General Agriculture,en
bark borer in mango,Pest Management,en
Asking about sugarcane trashes decomposing detail,Fertilizer,en
asking about arecanut seedling planting information,Cultivation,en
Asked about suitable agriculture crops cultivation for chithiraipattam,Weather,en
Asked about transplanting age for ADT 45 paddy variety,Crop Information,en
cowpea root rot management,Crop Disease,en
asking about sowing season for Sesamum,Fertilizer,en
Asking about cow disease management,Crop Disease,en
control measure for root rot in brinjal,General Agriculture,en
Asking about 8 loculed sesame varieties information,Cultivation,en
Asking about azolla seeds availability information,Cultivation,en
Asked about planting season for drum stick,Weather,en
asking about weather detail for Pudukottai dist,Weather,en
Asked about NRCB contact number,General Agriculture,en
bud borer in groundnut,General Agriculture,en
Perambalur district weather forecast,Weather,en
Asking about Water testing information,Soil,en
asking about whitefly management in brinjal,General Agriculture,en
weather report for krishnakiri,Weather,en
maize market rate,General Agriculture,en
Paddy Rice earhead bug control,General Agriculture,en
Soil test Nagapattanam,Soil,en
Asking about sowing season for sesamum,Crop Information,en
sucking pest attack in radish,Pest Management,en
Asking about sowing season & sowing time for sesame,Weather,en
Tuberose stem blight,Crop Disease,en
Asked about fruit borer management in chilly,Pest Management,en
asking about cold storage & storage govt. schemes information,Harvesting,en
Asked about flower blight disease management in brinjal & ribbed gourd crop,Crop Disease,en
sapota fertilizer recommended,Fertilizer,en
Asking about Crop insurance registration details,General Agriculture,en
Asked about suitable vegetable crops for April month,Cultivation,en
Asking about Drumstick foliar spray management,Fertilizer,en
Weather report for thiruvallur district,Weather,en
Asked about weed management for paddy,Pest Management,en
Asking about brinjal stem borer management,Pest Management,en
Asking about button shed in coconut,General Agriculture,en
Asked about sesame seed treatment details,Fertilizer,en
Asked about cotton RCH varieties information,Crop Information,en
"Asked about Sucking pests, Shoot and fruit borer management for Brinjal",Pest Management,en
Asked about Mahatma Gandhi National Rural Employment Guarantee Scheme help line number (Complaint related ),Cultivation,en
Asking about Can mixing with DAP & Zinc sulphate,Cultivation,en
"Asked about Groundnut sowing season , varieties and high yielding variety seeds availability",Crop Information,en
Asked about Cost of cultivation for banana,Cultivation,en
Asking about Pandal type lab lab Basal fertilizers applications,Fertilizer,en
Asked about ash gourd mosaic virus management,Crop Disease,en
Asking about foliar spray for snake gourd,Fertilizer,en
asking about watermelon sowing season,Cultivation,en
Asking about Weed management for Tapioca,Cultivation,en
cashew nut fertilizer management,Fertilizer,en
Asked about Mango flower blight management,Fertilizer,en
Asking about flower shed in chilli,Fertilizer,en
Asked about snake gourd fertilizer management,Fertilizer,en
Yellow Mosaic virus disease management in green gram,Crop Disease,en
Asking about need for mango seedlings,Cultivation,en
ground nut market rate details,General Agriculture,en
Asked about black gram weed management ( 15 -20 days),Pest Management,en
Seed treatment for groundnut,Pest Management,en
root rot in moringa,Crop Disease,en
Fodder crop seed availability,Cultivation,en
Asked about Pesticide subsidy details,Cultivation,en
Asked about solar bub related details,Harvesting,en
Asked about coconut fertilizer dosage & application method information,Cultivation,en
soil test lab contact address,Soil,en
asking about celosia blooming time,Cultivation,en
Asked about Fish amino acid spray for Jasmine,Pest Management,en
Asking about cut warm management in banana,Weather,en
duration for ADT39 paddy,Crop Information,en
Asked about cattle disease management,Crop Disease,en
Mango Varieties suiable for Tamil Nadu,Cultivation,en
leaf blight onion,Crop Disease,en
Asking About Required documents for tractor subsidy registration,General Agriculture,en
Cono weeder contact number,Pest Management,en
Asking about Top fertilizer management for Coconut (13 years old plant),Fertilizer,en
Asked about Suitable sowing season & varieties for Paddy (Sornavari),Weather,en
Asked about saline-alkaline soil management in tuberose,Soil,en
onion sowing season,Cultivation,en
Asking about Groundnut suitable season,Cultivation,en
asked about dieback management in mango,General Agriculture,en
Asking about Jack fruit plants nursery availability,Cultivation,en
Asking about ragi organic disease control,Fertilizer,en
Asking about suitable paddy varieties for samba season,Crop Information,en
Asking about black gram basal fertilizer management,Fertilizer,en
Asked about groundnut sowing season,Cultivation,en
Asking about rugose whitefly management in coconut (sooty mould),General Agriculture,en
asking about villupuram horti. Dept contact number,Cultivation,en
Asking about Lime/orange tree borer management,Pest Management,en
Asking about Sugarcane CoC 13339 and CoC 25 variety information,Crop Information,en
Asked about foliar application in onion,Fertilizer,en
Asked about water requirement in banana /day & planting spacing,Irrigation,en
Asked about Sunflower sowing season and variety,Crop Information,en
Asked about sowing season & duration for blackgram variety MDU1,Crop Information,en
Asked about Weed management in SSI,Pest Management,en
Asked about Cotton market information,General Agriculture,en
Asking about peacock birds and monkey control in paddy field,Cultivation,en
Asked about Sucking pest management for Ridge gourd,Pest Management,en
Asking about leaf blight management in coconut,Crop Disease,en
Weather report for Tuticorin,Weather,en
sugarcane early shoot borer,Pest Management,en
asking about new govt.schemes details,General Agriculture,en
Pudukkottai sesame sowing season and variety,Cultivation,en
asking about Paddy CO 51 and ADT 45 variety yield information,Crop Information,en
Asking about Weed management for direct sowing paddy,Pest Management,en
Asking about Panama Wilt management in banana,Crop Disease,en
Asked about water management in soybean,Irrigation,en
Shoot & fruit borer in brinjal,General Agriculture,en
Farmer asked price detail of Cotton in Villupuram mandi.,General Agriculture,en
Asked about Water management in Maize,Irrigation,en
asking for the leaf blight in tomato,Fertilizer,en
Panama wilt disease in banana,Crop Disease,en
Asking about Water management for Cotton(Humic acid spraying time),Irrigation,en
Pre - emergence weed management for Maize,Pest Management,en
sugarcane weed management,Pest Management,en
Leaf Blight in Colocasia,Crop Disease,en
asking about erode weather,Weather,en
Asking about Fruit borer in Brinjal,Pest Management,en
Red Gram pod borer management details,Pest Management,en
Asking about coriander sowing season,Cultivation,en
Cluster beans sowing season and varieties,Cultivation,en
Panama Disease in banana,Crop Disease,en
Asking about Crop insurance claim information,General Agriculture,en
Asking about Paddy direct sowing wet seed weed management,Pest Management,en
stem borer in sugarcane,General Agriculture,en
mushroom training detail,General Agriculture,en
Asked about Stem rot disease management for Papaya,Crop Disease,en
Asked about paddy sowing season and suitable varieties information,Crop Information,en
Asked about water management for blackgram crop,Irrigation,en
Asked about Cotton Foliar application,Fertilizer,en
asked about stem borer management in mango,Pest Management,en
Asked about Ribbed Gourd cultivation practice( sowing season),Cultivation,en
Asking about panjakavya foliar application in brinjal,General Agriculture,en
Asked about Weed managementy in Paddy,Pest Management,en
Asking about Soil sampling procedure (how many samples can collect/acre?),Soil,en
foliar spray for groundnut,Crop Information,en
nendran banana fertilizer management,Fertilizer,en
Asking about black gram sowing season and suitable varieties for Markazhi – Thaipattam,Weather,en
black gram season and variety,Crop Information,en
Asking about foliar nutrient spray for Sorghum,Fertilizer,en
Asked about Can mixing with spray for Copper oxy chloride & Micronutrient mixture,Cultivation,en
Asked about mahogani tree seedlings availability,Cultivation,en
asked about biofertilizer management in coconut,Fertilizer,en
Asked about ADT 5 blackgram variety sowing season,Crop Information,en
Asked about Mahyco MRM 4065 maize variety duration information,Crop Information,en
Asked about Yellow mosaic disease management for Ribbed gourd,Crop Disease,en
Asked about suitable paddy varieties for samba season information,Crop Information,en
Asked about paddy stem borer managment,Pest Management,en
Asked about Ragi sowing season and varieties,Crop Information,en
Asking about Coccinia Sucking pest management,Pest Management,en
Tirunelveli weather Report,Weather,en
co 51 paddy sowing season,Cultivation,en
Asked about Jasmine and Mullai planting spacing information,Cultivation,en
Top dressing fertilizer management for Maize,Fertilizer,en
Asking about Weed management around the wire fence,Pest Management,en
Asking about Water Management for wheat information,Irrigation,en
asked about micronutrient management in paddy,Fertilizer,en
asking about foliar spray for tuberose,Fertilizer,en
Cotton high yielding variety,General Agriculture,en
crossandra basal fertilizer,Fertilizer,en
Asked about Leaf curl disease and Aphid management for Chilli plant,Crop Disease,en
Asked about Coconut grows in Rock like soil,Soil,en
Asking about root rot in water melon,Crop Disease,en
Asked about Black gram sowing season and varieties,Crop Information,en
"Spotted pod borer , beetle in Green gram",Pest Management,en
Asked about Organic farming training,General Agriculture,en
Asking about cotton weed management ( 15 -20 days),Pest Management,en
asked about nutrient management in pumpkin,Fertilizer,en
asking about basal fertilizer management for cumbu,Fertilizer,en
anthracnose control in cotton,Pest Management,en
asked about grain type of TKM 13 Paddy variety,Crop Information,en
flower shed in brinjal,Fertilizer,en
Asking about weed management in maize,Pest Management,en
Asking about TMV 7 sesame seeds availability details,Crop Information,en
Asking about Paddy crop insurance amount claiming information (2019-2020),General Agriculture,en
Asking about Average yield for ADT 5 black gram variety,Cultivation,en
asking about Early blight in tomato,Crop Disease,en
Asking about Groundnut G7 variety duration,Crop Information,en
Suitable paddy varieties,Weather,en
Asking about onion seeds availability information,Cultivation,en
Asking about Shoot and fruit borer management in brinjal (adult),Pest Management,en
asked about sowing season of mustard,Weather,en
Asked about nutrient management in tapioca,Fertilizer,en
Asked about prevention mosaic virus management in chilli & Brinjal crop,Crop Disease,en
Asking about suitable medium grain varieties for paddy navarai season,Crop Information,en
Asking about Fruit borer in cotton,Pest Management,en
asking about groundnut sowing season and varieties,Crop Information,en
paddy stem borer,Pest Management,en
Asking about Green leaf hopper in paddy Nursery,Cultivation,en
Asked about water management in black gram,Irrigation,en
Asked abour Private Paddy variety information,Crop Information,en
Asked about Soil Testing information,Soil,en
Asking about Kattupakkam Veterinary KVK contact number,General Agriculture,en
Asked about Groundnut GG-7 and GJG-9 yield,Crop Information,en
Asked about Cotton foliar nutrition management,Fertilizer,en
fertilizer management in malligai,Fertilizer,en
asking about paddy season and varieties details,Crop Information,en
asking about cotton season and varieties,Crop Information,en
asking about cow veterinary farm information,Crop Disease,en
Sheath blight in rice,Crop Disease,en
Weather report for cuddalore,Weather,en
asked about available of guinea grass seeds,Cultivation,en
ariety for cotton and groundnut,General Agriculture,en
Asking about paddy stem borer and sucking pests management,Pest Management,en
Asked about fruit borer mangement (organic ),Pest Management,en
Asking about Sudden Wilt management in watermelon,Crop Disease,en
asking about spacing for coconut (Dwarf Varieties),Cultivation,en
what are the uses Bio- mineralizer,Pest Management,en
Asking about soil testing lab contact information,Soil,en
Farmer asked price detail of Kodo Millet(Varagu) in Virudhachalam mandi.,General Agriculture,en
Asked about Chembarabakkam water level information,Irrigation,en
jamun induce flowering,Fertilizer,en
Asking about basal fertilizer management for black gram,Fertilizer,en
"asking about Krishi Vigyan Kendra, Cheyyar, Thiruvannamalai District contact no",Weather,en
Asking about Panama wilt disease management in banana,Crop Disease,en
Farmer asked price detail of Maize in Namagiripettai mandi.,General Agriculture,en
Farmer asked price detail of Cowpea (Lobia/Karamani) in Virudhachalam mandi,General Agriculture,en
"Asked about Paddy variety CO 51, CO 54, ADT 51 duration information",Crop Information,en
variety suitable for late samba,General Agriculture,en
fertilizer management for paddy nursery,Fertilizer,en
Thiruvannamalai weather report details,Weather,en
Asked about suitable vegetable crops cultivation for this season,Cultivation,en
"asking about Cotton Research Station, Veppanthattai, Perambalur district contact no.",Fertilizer,en
asking about Forest Department kancheepuram district contact no.(casurina root enhance),Cultivation,en
paddy seed rate,Cultivation,en
Asked about Pest and Disease diagnosis in Coconut (stem bleeding reason ),Crop Disease,en
Dharmapuri weather Report,Weather,en
Asked about Suitable sowing season for Chilli,Cultivation,en
"Asked about Mushroom Research and Training Centre,Dept. of Plant Pathology contact number",General Agriculture,en
foliar spray for black gram,Fertilizer,en
asking about panruti weather report,Weather,en
Asked about Irrigation management in Coconut,Irrigation,en
Asked about trichy uzhavar santhai address information,General Agriculture,en
Asking about ADT 46 paddy variety total duration,Crop Information,en
Asking about sowing season for vegetable crops in may months,Cultivation,en
agricultural department contact number,General Agriculture,en
asked about sowing season and suitable varieties of paddy,Weather,en
Asked about weed management,Pest Management,en
Bitter gourd stem rot management,General Agriculture,en
Asked about root rot management in blackgram,Crop Disease,en
Asking about Suitable Black gram varieties for this season,Crop Information,en
Asking about weed management for sesame crop,Pest Management,en
asking about paddy Gall midge management,General Agriculture,en
Asking about Severity of mottle streak diseases management in Ragi,Crop Disease,en
Asked about veterinary information,Crop Disease,en
asking about paddy leaf folder management,General Agriculture,en
asking about gingelly season and varieties,Crop Information,en
Asked about paddy active tillering stage fertilizer management,Fertilizer,en
Asked about Termite management in Groundnut,General Agriculture,en
Asking about Viralimalai weather Report,Weather,en
Prevention disease in tomato field,Crop Disease,en
Asking abut Root rot management for Casurina,Crop Disease,en
Asking about sesame varieties,Crop Information,en
Asked about bio fertilizer management in maize,Pest Management,en
Asking about solar light trap availability,Cultivation,en
Asking about kadayampatti taluk weather report,Weather,en
Asking about Yellowing of paddy leaves (after flood ),Fertilizer,en
Asking about suitable cotton varieties for Tirunelveli district,Crop Information,en
Asking about shoot and fruit borer management in brinjal,Pest Management,en
how control leaf spot in banana,General Agriculture,en
Asked about soil sample collection information,Soil,en
asking about tree seedlings availability,Cultivation,en
Asking about water management for cotton,Irrigation,en
Asking about Madathukulam Copra market rate,General Agriculture,en
Asking about Planting spacing for coconut,Cultivation,en
Asking about private paddy variety duration information,Cultivation,en
asking about Theni weather today Report for the reason irrigation,Weather,en
asking about regulated market contact details,General Agriculture,en
sowing season for cumbu,Weather,en
Asked about AED contact number for Krishnagiri,General Agriculture,en
Asking about SMS Not receiving information,General Agriculture,en
brinjal Shoot and fruit borer management,Cultivation,en
"Asked about PM kisan samman nidhi yojana scheme 11,12,13 & 14 th installment status",General Agriculture,en
Asking about Caterpillar control in Lab lab,Pest Management,en
Askling about Neyveli weather Report,Weather,en
Rust in chrysanthemum,Crop Disease,en
Asking about green gram varieties,Crop Information,en
weeds control in groundnut,Pest Management,en
Asking about paddy CO 51 variety duration (days),Crop Information,en
Asking about jackfruit planting season,Cultivation,en
stem borer in Moringa,Pest Management,en
Asked about suitable paddy varieties for april-may month,Crop Information,en
Rhinoceros beetle in coconut,General Agriculture,en
root knot nematode in brinjal,Pest Management,en
asking about Department of Post Harvest Technology phone number,Harvesting,en
Paddy algae management,Pest Management,en
Navarai season sowing Paddy varieties,Crop Information,en
Asked about Root rot management for Groundnut,Crop Disease,en
Asked about basal stem rot disease mangement in coconut,Crop Disease,en
asking about need for agri index date,General Agriculture,en
Asking about Ethrel application for cucumber,Fertilizer,en
Asked about short duration fish varieties,Cultivation,en
Asking about CO (ON)5 onion seeds availability,Cultivation,en
Asking about Preparation method of Panjakaviyam and water mixing level,General Agriculture,en
asking about green gram season and varieties,Crop Information,en
Asked about disease prevention for turmeric,Crop Disease,en
Asking about Salem today weather Report,Weather,en
sowing season for (c0 4 )Napier grass,Weather,en
Asked about mealy bug management in mango (organic),General Agriculture,en
paddy season and varieties for Tiruvannamalai dist.,Crop Information,en
Asking about top fertilizer application time in cotton,Fertilizer,en
Asked about water management in paddy (direct sowing),Irrigation,en
thrips control in Paddy,General Agriculture,en
Asking about suitable Blackgram varieties and their characteristics,Crop Information,en
asking about watermelon suitable varieties,Cultivation,en
Asked about stem borer & Blast disease Management for Paddy,Crop Disease,en
Root rot in tomato,Crop Disease,en
Asking about flower shed in cashew,Fertilizer,en
Asking about sowing season for bhendi,Cultivation,en
Asked about Disease management for Paddy,Crop Disease,en
Asking about brown spot and leaf folder in paddy,General Agriculture,en
Asked about black gram variety VBN 8 sowing season information,Crop Information,en
Asking about transplanting age for TRY 3 paddy variety,Cultivation,en
Nagapatinam paddy variety details,Cultivation,en
Asked about prevention of diseases in watermelon crop,Crop Disease,en
Asked about leaf caterpillar management in citrus tree,General Agriculture,en
Asked about black gram sowing season and seed rate,Cultivation,en
Asking about flower increases in black gram,Fertilizer,en
gram pod borer in blackgram,Crop Information,en
Paddy leaf blight,Crop Disease,en
Asked about sugarcane sowing season information,Weather,en
Asking about Acetamiprid 20 % SP spray dosage for citrus crop (sucking pests ),Pest Management,en
Asking about Pradhan Mantri Kisan Samman Nidhi claim status information,General Agriculture,en
Asked about management of red spider mite bhendi and tomato information,Pest Management,en
Asking about Paddy navarai season of planting and varieties for Thanjavur/Nagapattinam/Tiruvarur,Weather,en
Asking about Black gram thrips management,General Agriculture,en
Asked about well maintenance from blue green algae,Irrigation,en
Asking about basal fertilizer management in tapioca,Fertilizer,en
Asked about pomegranate leaf spot disease managment,Crop Disease,en
Asked about Paddy variety TPS 5 duration & yield special features information,Crop Information,en
Chilies leaf curl virus control,Crop Disease,en
Asking about weather detail in trichy,Weather,en
market rate for white ponni,General Agriculture,en
weather report for nagapattinam,Weather,en
blight and leaf spot problem in onion crop?,Crop Disease,en
"Farmer asked price detail of Sesamum(Sesame,Gingelly,Til) in Thirukovilur mandi.",General Agriculture,en
Asked about banana fertilizer management,Fertilizer,en
Asking about leaf caterpillar management in chrysanthemum,General Agriculture,en
Asked about Sorghum crop insurance claim amount information (2020 -2021),General Agriculture,en
Asking about TPS 5 paddy variety total duration,Crop Information,en
Asking about Water testing laboratory phone number,Irrigation,en
Farmer asked price detail of Maize in Karumanturai mandi.,General Agriculture,en
asking about Pudukottai district agricultural engineering department contact number,General Agriculture,en
Top dressing fertilizer management for cotton,Fertilizer,en
Asking about Suitable ragi varieties in adipattam,Crop Information,en
Asked about TPS 5 paddy variety information,Crop Information,en
Rice tungro virus test in paddy,Crop Disease,en
Asked about BSNL network problems,Weather,en
Asked about Farmers grievance day meeting related information,General Agriculture,en
about salem district rain details,Weather,en
"curry leaf production, vermi compost ,coconut , Garlic, Chilli, Ginger, extract Preparation",General Agriculture,en
Asked about water management for Sesame,Irrigation,en
suitable groundnut variety,Crop Information,en
Asking about Cow disease reporting information,Crop Disease,en
Asking about suitable crops cultivation for this month,Cultivation,en
Asked about water management for fertilizer applied maize field,Irrigation,en
Department of Post Harvest Technology Centre contact number,Harvesting,en
Beans rust management,Crop Disease,en
"thrips, Stem borer in paddy",Pest Management,en
Asked about foliar spray application for Bhendi,Fertilizer,en
yellow vein mosaic virus in blackgram,Crop Disease,en
"Asked about Weed management for Groundnut (Pre-emergence,Post-emergence herbicide)",Pest Management,en
asking about iluppur weather report,Weather,en
Paddy navarai varieties thiruvananmalai,Crop Information,en
Asking about Ragi Sowing season and Varieties,Crop Information,en
sugarcane fertilizer managemen,General Agriculture,en
Asking about Suitable varieties for Crossandra,Cultivation,en
Asking about Average yield of ADT 45,Crop Information,en
Asked about BSR 1 variety yield information,Crop Information,en
Asked about pod borer and Bug management in Lab lab,Pest Management,en
tirupur weather report details,Weather,en
Asking about water management in cotton,Irrigation,en
asking about bottle gourd fruit rot management,Crop Disease,en
asking about soil testing laboratory availability information,Soil,en
Asking about information on SVPR 2 variety cotton,Crop Information,en
sowing season for paddy,Cultivation,en
Thrips in cotton,General Agriculture,en
Asking about Thoothukudi weather Report,Weather,en
paddy varieties for kancheepuram,Crop Information,en
Asked about sorghum seeds availability information,Cultivation,en
asking about veterinary department no of karur,General Agriculture,en
Asked about preventive pesticide spray for paddy,Crop Information,en
asking about co-operative society loan,General Agriculture,en
Asked about soil test information,Soil,en
Asked about TNAU Soil Testing and Technology Advisory Centre,Soil,en
Asking about coconut seedling availability,Cultivation,en
asking about cotton flower and fruit drop management,Fertilizer,en
Asked about Water management for Paddy (after spraying herbicide),Irrigation,en
Asking about weather report for cuddalore,Weather,en
Asked about Minor Millets Sowing Season,Weather,en
soil testing lab in kancheepuram,Soil,en
Asked about need for bamboo tree saplings,Cultivation,en
Asking about Paddy saline tolerant varieties,Crop Information,en
Asking about Iris herbicide (Sodium Acifluorfen 16.5% + Clodinafop Propargyl 8% EC) information,Pest Management,en
Asked about The amount of seed per acre for ragi sowing,Cultivation,en
weather report in cuddalore district,Weather,en
Asking about suitable crops cultivation for Chithiraipattam (April -May ),Weather,en
Asking about ragi sowing season,Weather,en
Asked about TNAU Demic department contact number (cotton price forecast),General Agriculture,en
horse gram germination affected,Weather,en
Asked about Paddy variety ADT 46 duration special features and yield information,Crop Information,en
weather forecast for villupuram,Weather,en
Asked about Powdery mildew management in bhendi,General Agriculture,en
Asked about need for crop loan details,General Agriculture,en
Asking about Suitable Paddy varieties and Duration information,Crop Information,en
Asking about Mango hopper & caterpillar management,Cultivation,en
Asking about stem borer and leaf folder management in paddy (adult),Pest Management,en
weather report for virudhunagar,Weather,en
Asking about black gram variety VBN 8 sowing season,Crop Information,en
Asking about Groundnut seed availability,Crop Information,en
Asking about Coconut suitable intercrops,Cultivation,en
Asked about Forage crop Seeds information,Cultivation,en
asking about coconut fertilizer management,Fertilizer,en
Asked about Kattuyanam Paddy Variety information,Crop Information,en
Asking about Average yield for ADT 53 Paddy variety,Crop Information,en
Asking about Need for Onion storage details,Harvesting,en
asking about paddy CORH 4 seeds availability,Cultivation,en
asking about Groundnut rich availability information,Fertilizer,en
Borer management for sorghum,Pest Management,en
Asked about Paddy variety ADT 54 duration special features and yield information,Weather,en
Asked about Groundnut Variety CO 7 information,Crop Information,en
Asking about Asking about groundnut variety (G 7) description for research purpose,Cultivation,en
Asked about flower drops (fusarium wilt) in chilli,Crop Disease,en
Asked about Top fertilizer management for Paddy,Fertilizer,en
Asking about Tuberose Nematodes management,Pest Management,en
asked about top dressing fertilizer management in crossandra,Fertilizer,en
Asked about TPS 3 seed availability information,General Agriculture,en
Asked about pest and disease prevention management in cotton,Cultivation,en
asking about weather detail for Tiruvarur dist,Weather,en
paddy variety and sowing season,Crop Information,en
Asked about stem borer management for paddy,Pest Management,en
banana bio fertilizer application,Pest Management,en
asking about suitable varieties of tapioca,Crop Information,en
tapioca root rot management,Crop Disease,en
Asked about Free Veterinary service contact number,General Agriculture,en
onion top fertilizer management,Fertilizer,en
Asking about Foliar nutrient application for Blackgram,Fertilizer,en
Asked about Paddy short duration varieties information,Crop Information,en
Asked about Flower setting management and yield increase for Tomato,Fertilizer,en
Asking about sowing season for paddy from Tiruvannamalai district,Weather,en
Asked about Ribbed gourd CO 1 variety Fruit size height information,Cultivation,en
nematode pest in groundnut,General Agriculture,en
sowing season of watermelon,Cultivation,en
Weather report for Tirupur district,Weather,en
Asked about wilt disease management in brinjal crop,Crop Disease,en
asking about cow production training details,General Agriculture,en
Asking about black gram sowing season,Cultivation,en
better bunchy fruit size increase in banana,Fertilizer,en
foliar spray in watermelon,Fertilizer,en
Asked about Paddy leaf folder & stem borer management,Pest Management,en
ragi variety details,Cultivation,en
Stem borer control in cotton,Pest Management,en
Asked about fertigation schedule for tapioca (151 to 240 days ),Fertilizer,en
sugarcane cultivation practices details,Cultivation,en
Asking about spacing for banana (leaf purpose),Cultivation,en
Asking about Panama wilt disease in banana,Fertilizer,en
asking about combination of DAP with pesticide,Pest Management,en
Asking about Red spider mite in Tapioca,Pest Management,en
Asking about blackgram foliar application,General Agriculture,en
yellow vien mosaic virus in bhendi,Crop Disease,en
Asked about banana disease managment,Crop Disease,en
Asking about Thiruvallur today weather Report,Weather,en
asking for the soil testing lab,Soil,en
weather report tirunelveli district,Weather,en
groundnut seed availability,Cultivation,en
Asking about Paddy Co 52 seeds availability information,Cultivation,en
asking about erode district today weather Report,Weather,en
control measure fruit borer in brinjal,General Agriculture,en
Fusarium wilt in tomato,Crop Disease,en
Asking about weed management in sugarcane,Pest Management,en
weather report for Tiruvannamalai,Weather,en
asking about rat management in paddy field,General Agriculture,en
shoot borer in brinjal,General Agriculture,en
Asked about disease management for Guava,Crop Disease,en
Asking about kisan credit card details,General Agriculture,en
Asked about Irrigation management in Black gram,Irrigation,en
asked about planting season of Crossandra,Cultivation,en
Asking about PM Kisan Samman Nidhi Scheme Installment not credited in my account,General Agriculture,en
asking about water management for melia dubia,Irrigation,en
Weather report for Thirupur,Weather,en
coconut sowing season,Cultivation,en
TNAU MAIZE MAXIM applicationdetails,Crop Information,en
Asked about fertilizer application for pepper crop,Fertilizer,en
Asked about beetle & leaf blight disease management in paddy crop,Crop Disease,en
Asked about Groundnut Seeds availability,Crop Information,en
asking about tapioca sucking pest management,Pest Management,en
asking about Termite management in Mango,General Agriculture,en
Asking about tomato sowing season,Cultivation,en
Asking about ethrel uses in bitter gourd,Fertilizer,en
asking about insects traps details,Pest Management,en
Panama wilt for banana,Crop Disease,en
Asking about fertilizer management for coconut (20:20:0:13),Fertilizer,en
seed rate for sesame,Cultivation,en
Asked about Prevent pest in Cucumber,Pest Management,en
asked about available of groundnut seeds,Cultivation,en
Asking about black gram sowing season for thiruvannamalai district,Weather,en
Asking about Goal weedicide can be spray for Tapioca,Pest Management,en
Asked about sowing season for TPS 5 paddy variety,Crop Information,en
Asking about Fodder sorghum leaf blight management,Crop Disease,en
Asked about Agriculture drone availability contact,General Agriculture,en
Asking about Valapady weather report,Weather,en
Asked about groundnut foliar application (groundnut rich),Fertilizer,en
Asked about vegetables suitable for December,Cultivation,en
Asked about Basal fertilizer management for sesame,Fertilizer,en
Soybean market rate in Madhya Pradesh,General Agriculture,en
paddy varieties for villupuram,Crop Information,en
asked about soil testing information for vegetable cultivation,Cultivation,en
Asking about sowing season for Bottle gourd,Cultivation,en
Asking about Coconut intercropping detail,Cultivation,en
weed management for wasteland,Pest Management,en
