record_id,log_id,raw_text,label,language,device,cleaned_text,tokens,processed_text,stemmed_text,token_count,char_count
1,1589,asked about top dressing fertilizer management in bhendi,Fertilizer,en,android-app-v1,asked about top dressing fertilizer management in bhendi,asked about top dressing fertilizer management in bhendi,asked top dressing fertilizer management bhendi,ask top dress fertil manag bhendi,8,56
2,1717,"Asking about traditional paddy variety mappilai samba, karuppukavuni and sigappu kuruvikar duration",Crop Information,en,ussd-sms,"asking about traditional paddy variety mappilai samba, karuppukavuni and sigappu kuruvikar duration",asking about traditional paddy variety mappilai samba karuppukavuni and sigappu kuruvikar duration,asking traditional paddy variety mappilai samba karuppukavuni sigappu kuruvikar duration,ask tradit paddi varieti mappilai samba karuppukavuni sigappu kuruvikar durat,12,99
3,2849,Asking About Required documents for tractor subsidy registration   ,General Agriculture,en,android-app-v1,asking about required documents for tractor subsidy registration,asking about required documents for tractor subsidy registration,asking required document tractor subsidy registration,ask requir document tractor subsidi registr,8,64
4,2660,Asking about Water management for Sesame,Cultivation,en,unknown,asking about water management for sesame,asking about water management for sesame,asking water management sesame,ask water manag sesam,6,40
5,1802,asking about thiruvannamalai district rain details,Weather,en,android-app-v2,asking about thiruvannamalai district rain details,asking about thiruvannamalai district rain details,asking thiruvannamalai district rain detail,ask thiruvannamalai district rain detail,6,50
6,2408,   Asked about water management in cotton,Irrigation,en,unknown,asked about water management in cotton,asked about water management in cotton,asked water management cotton,ask water manag cotton,6,38
7,2066,Asking about mealy bug management in guava,General Agriculture,en,ussd-sms,asking about mealy bug management in guava,asking about mealy bug management in guava,asking mealy bug management guava,ask meali bug manag guava,7,42
8,1308,asking about tomato top dressing fertilizer appliucation,Fertilizer,en,ussd-sms,asking about tomato top dressing fertilizer appliucation,asking about tomato top dressing fertilizer appliucation,asking tomato top dressing fertilizer appliucation,ask tomato top dress fertil appliuc,7,56
9,1607,   Rice case worm,General Agriculture,en,ussd-sms,rice case worm,rice case worm,rice case worm,rice case worm,3,14
10,3281,shoot  borer in brinjal   ,General Agriculture,en,unknown,shoot borer in brinjal,shoot borer in brinjal,shoot borer brinjal,shoot borer brinjal,4,22
11,2981,Asking about Kattupakkam Veterinary KVK contact number   ,General Agriculture,en,ussd-sms,asking about kattupakkam veterinary kvk contact number,asking about kattupakkam veterinary kvk contact number,asking kattupakkam veterinary kvk contact number,ask kattupakkam veterinari kvk contact number,7,54
12,1584,Asking about Weed management for Blackgram,Pest Management,en,web,asking about weed management for blackgram,asking about weed management for blackgram,asking weed management blackgram,ask weed manag blackgram,6,42
13,3240,ASKED ABOUT FREE VETERINARY SERVICE CONTACT NUMBER,General Agriculture,en,unknown,asked about free veterinary service contact number,asked about free veterinary service contact number,asked free veterinary service contact number,ask free veterinari servic contact number,7,50
14,1155,   Asked about management of panama wilt and yellow sigatoka in banana,Crop Disease,en,ussd-sms,asked about management of panama wilt and yellow sigatoka in banana,asked about management of panama wilt and yellow sigatoka in banana,asked management panama wilt yellow sigatoka banana,ask manag panama wilt yellow sigatoka banana,11,67
15,2152,Shoot and fruit borer control in bhendi   ,Pest Management,en,web,shoot and fruit borer control in bhendi,shoot and fruit borer control in bhendi,shoot fruit borer control bhendi,shoot fruit borer control bhendi,7,39
16,2738,thirupur weather report details,Weather,en,ussd-sms,thirupur weather report details,thirupur weather report details,thirupur weather report detail,thirupur weather report detail,4,31
17,3005,Farmer asked price detail of Maize in Namagiripettai mandi.,General Agriculture,en,android-app-v2,farmer asked price detail of maize in namagiripettai mandi.,farmer asked price detail of maize in namagiripettai mandi,farmer asked price detail maize namagiripettai mandi,farmer ask price detail maiz namagiripettai mandi,9,59
18,2508,   Asked about Latest high yielding blackgram varieties (Adipattam),Crop Information,en,unknown,asked about latest high yielding blackgram varieties (adipattam),asked about latest high yielding blackgram varieties adipattam,asked latest high yielding blackgram variety adipattam,ask latest high yield blackgram varieti adipattam,8,64
19,1154,banana anthracnose disease control   ,Crop Disease,en,unknown,banana anthracnose disease control,banana anthracnose disease control,banana anthracnose disease control,banana anthracnos diseas control,4,34
20,1219,   rice water mgt,Irrigation,en,web,rice water mgt,rice water mgt,rice water mgt,rice water mgt,3,14
21,3303,seed rate for sesame   ,Cultivation,en,web,seed rate for sesame,seed rate for sesame,seed rate sesame,seed rate sesam,4,20
22,3010,   variety suitable for late samba,General Agriculture,en,android-app-v2,variety suitable for late samba,variety suitable for late samba,variety suitable late samba,varieti suitabl late samba,5,31
23,2547,   Asking about weed management for sesame,Pest Management,en,unknown,asking about weed management for sesame,asking about weed management for sesame,asking weed management sesame,ask weed manag sesam,6,39
24,1614,Asking about Micronutrients spray for tuberose   ,Fertilizer,en,android-app-v2,asking about micronutrients spray for tuberose,asking about micronutrients spray for tuberose,asking micronutrient spray tuberose,ask micronutri spray tuberos,6,46
25,2261,PADDY SOWING SEASON AND VARIETY,Weather,en,unknown,paddy sowing season and variety,paddy sowing season and variety,paddy sowing season variety,paddi sow season varieti,5,31
26,2848,LEAF BLIGHT ONION,Crop Disease,en,ussd-sms,leaf blight onion,leaf blight onion,leaf blight onion,leaf blight onion,3,17
27,2903,   Asking about Paddy direct sowing wet seed weed management,Pest Management,en,android-app-v1,asking about paddy direct sowing wet seed weed management,asking about paddy direct sowing wet seed weed management,asking paddy direct sowing wet seed weed management,ask paddi direct sow wet seed weed manag,9,57
28,2745,soil testing laboratory   ,Soil,en,ussd-sms,soil testing laboratory,soil testing laboratory,soil testing laboratory,soil test laboratori,3,23
29,2523,   BLACK GRAM SOWING VARIETIES FOR VILUPURAM,Crop Information,en,web,black gram sowing varieties for vilupuram,black gram sowing varieties for vilupuram,black gram sowing variety vilupuram,black gram sow varieti vilupuram,6,41
30,1742,Asked about Kallurundaiyan Paddy Variety information,Crop Information,en,unknown,asked about kallurundaiyan paddy variety information,asked about kallurundaiyan paddy variety information,asked kallurundaiyan paddy variety information,ask kallurundaiyan paddi varieti inform,6,52
31,1890,Asking About Tnau Department Of Floriculture And Landscaping Contact Number (Rose Varieties )   ,Fertilizer,en,unknown,asking about tnau department of floriculture and landscaping contact number (rose varieties ),asking about tnau department of floriculture and landscaping contact number rose varieties,asking tnau department floriculture landscaping contact number rose variety,ask tnau depart floricultur landscap contact number rose varieti,12,93
32,2119,Asking about Gibberellic acid application advantages,Fertilizer,en,android-app-v1,asking about gibberellic acid application advantages,asking about gibberellic acid application advantages,asking gibberellic acid application advantage,ask gibberel acid applic advantag,6,52
33,1433,Asked about Under Graduate admission( B.sc agriculture) application related information,General Agriculture,en,web,asked about under graduate admission( b.sc agriculture) application related information,asked about under graduate admission b.sc agriculture application related information,asked graduate admission b.sc agriculture application related information,ask graduat admiss b.sc agricultur applic relat inform,10,87
34,2229,Mealy bug for cotton,General Agriculture,en,ussd-sms,mealy bug for cotton,mealy bug for cotton,mealy bug cotton,meali bug cotton,4,20
35,1759,asked about rhizopus fruit rot management in jack tree (organic),Crop Disease,en,ussd-sms,asked about rhizopus fruit rot management in jack tree (organic),asked about rhizopus fruit rot management in jack tree organic,asked rhizopus fruit rot management jack tree organic,ask rhizopus fruit rot manag jack tree organ,10,64
36,2480,Trichy district Soil testing Laboratory contact details,Soil,en,ussd-sms,trichy district soil testing laboratory contact details,trichy district soil testing laboratory contact details,trichy district soil testing laboratory contact detail,trichi district soil test laboratori contact detail,7,55
37,3096,Asked about mealy bug management in mango (organic),General Agriculture,en,android-app-v2,asked about mealy bug management in mango (organic),asked about mealy bug management in mango organic,asked mealy bug management mango organic,ask meali bug manag mango organ,8,51
38,2387,    Asking about Paddy sowing season and varieties   ,Crop Information,en,ussd-sms,asking about paddy sowing season and varieties,asking about paddy sowing season and varieties,asking paddy sowing season variety,ask paddi sow season varieti,7,46
39,3318,PADDY VARIETIES FOR VILLUPURAM,Crop Information,en,android-app-v1,paddy varieties for villupuram,paddy varieties for villupuram,paddy variety villupuram,paddi varieti villupuram,4,30
40,3174,asking about bottle gourd fruit rot management   ,Crop Disease,en,web,asking about bottle gourd fruit rot management,asking about bottle gourd fruit rot management,asking bottle gourd fruit rot management,ask bottl gourd fruit rot manag,7,46
41,3226,   Asked about Groundnut Variety CO 7 information,Crop Information,en,android-app-v2,asked about groundnut variety co 7 information,asked about groundnut variety co 7 information,asked groundnut variety co 7 information,ask groundnut varieti co 7 inform,7,46
42,1962,asking about bhendi sowing season   ,Cultivation,en,android-app-v2,asking about bhendi sowing season,asking about bhendi sowing season,asking bhendi sowing season,ask bhendi sow season,5,33
43,1787,Asked  about paddy market information   ,General Agriculture,en,unknown,asked about paddy market information,asked about paddy market information,asked paddy market information,ask paddi market inform,5,36
44,2431,Asked About Root Rot Management In Coconut,Crop Disease,en,ussd-sms,asked about root rot management in coconut,asked about root rot management in coconut,asked root rot management coconut,ask root rot manag coconut,7,42
45,3229,   Asked about Top fertilizer management for Paddy,Fertilizer,en,android-app-v1,asked about top fertilizer management for paddy,asked about top fertilizer management for paddy,asked top fertilizer management paddy,ask top fertil manag paddi,7,47
46,1810,Asking about Sugarcane Weed management information,Pest Management,en,android-app-v2,asking about sugarcane weed management information,asking about sugarcane weed management information,asking sugarcane weed management information,ask sugarcan weed manag inform,6,50
47,2755,   Asked about Vamban 8 and Vamban 11 Blackgram variety information,Crop Information,en,android-app-v2,asked about vamban 8 and vamban 11 blackgram variety information,asked about vamban 8 and vamban 11 blackgram variety information,asked vamban 8 vamban 11 blackgram variety information,ask vamban 8 vamban 11 blackgram varieti inform,10,64
48,1060,ASKING ABOUT TRICHODERMA APPLIED FOR TURMERIC BY IRRIGATION,Pest Management,en,ussd-sms,asking about trichoderma applied for turmeric by irrigation,asking about trichoderma applied for turmeric by irrigation,asking trichoderma applied turmeric irrigation,ask trichoderma appli turmer irrig,8,59
49,1598,asking about Green leaf hopper management in brinjal   ,General Agriculture,en,web,asking about green leaf hopper management in brinjal,asking about green leaf hopper management in brinjal,asking green leaf hopper management brinjal,ask green leaf hopper manag brinjal,8,52
50,3161,YELLOW VEIN MOSAIC VIRUS IN BLACKGRAM   ,Crop Disease,en,ussd-sms,yellow vein mosaic virus in blackgram,yellow vein mosaic virus in blackgram,yellow vein mosaic virus blackgram,yellow vein mosaic virus blackgram,6,37
51,2071,   Asked information about sorna sub-1 variety in rice,Crop Information,en,ussd-sms,asked information about sorna sub-1 variety in rice,asked information about sorna sub-1 variety in rice,asked information sorna sub-1 variety rice,ask inform sorna sub-1 varieti rice,8,51
52,1508,"Asking about Thrips,fruit fly and leaf blight control in Bitter gourd",Crop Disease,en,web,"asking about thrips,fruit fly and leaf blight control in bitter gourd",asking about thrips fruit fly and leaf blight control in bitter gourd,asking thrip fruit fly leaf blight control bitter gourd,ask thrip fruit fli leaf blight control bitter gourd,12,69
53,1675,Asked about guava nutrient management in guava,Fertilizer,en,unknown,asked about guava nutrient management in guava,asked about guava nutrient management in guava,asked guava nutrient management guava,ask guava nutrient manag guava,7,46
54,3197,Asked about The amount of seed per acre for ragi sowing,Cultivation,en,unknown,asked about the amount of seed per acre for ragi sowing,asked about the amount of seed per acre for ragi sowing,asked amount seed per acre ragi sowing,ask amount seed per acr ragi sow,11,55
55,1207,Cotton  weed control,Pest Management,en,web,cotton weed control,cotton weed control,cotton weed control,cotton weed control,3,19
56,3088,   Asking about Ethrel application for cucumber,Fertilizer,en,ussd-sms,asking about ethrel application for cucumber,asking about ethrel application for cucumber,asking ethrel application cucumber,ask ethrel applic cucumb,6,44
57,3142,ASKING ABOUT PUDUKOTTAI DISTRICT AGRICULTURAL ENGINEERING DEPARTMENT CONTACT NUMBER,General Agriculture,en,unknown,asking about pudukottai district agricultural engineering department contact number,asking about pudukottai district agricultural engineering department contact number,asking pudukottai district agricultural engineering department contact number,ask pudukottai district agricultur engin depart contact number,9,83
58,1339,Asked  About Papaya Ring Spot Disease Managment,Crop Disease,en,ussd-sms,asked about papaya ring spot disease managment,asked about papaya ring spot disease managment,asked papaya ring spot disease managment,ask papaya ring spot diseas manag,7,46
59,1537,Asked about paddy disease identification information   ,Crop Disease,en,unknown,asked about paddy disease identification information,asked about paddy disease identification information,asked paddy disease identification information,ask paddi diseas identif inform,6,52
60,1427,asked about adt 46 paddy crop duration information,Crop Information,en,android-app-v1,asked about adt 46 paddy crop duration information,asked about adt 46 paddy crop duration information,asked adt 46 paddy crop duration information,ask adt 46 paddi crop durat inform,8,50
61,3165,   asking about ragi sowing season and varieties,Crop Information,en,ussd-sms,asking about ragi sowing season and varieties,asking about ragi sowing season and varieties,asking ragi sowing season variety,ask ragi sow season varieti,7,45
62,2262,comtrol measure for chilli thrips,General Agriculture,en,web,comtrol measure for chilli thrips,comtrol measure for chilli thrips,comtrol measure chilli thrip,comtrol measur chilli thrip,5,33
63,1159,Farmer asked price detail of Black Gram (Urd Beans)(Whole) in Thiryagadurgam mandi.,General Agriculture,en,android-app-v1,farmer asked price detail of black gram (urd beans)(whole) in thiryagadurgam mandi.,farmer asked price detail of black gram urd beans whole in thiryagadurgam mandi,farmer asked price detail black gram urd bean whole thiryagadurgam mandi,farmer ask price detail black gram urd bean whole thiryagadurgam mandi,13,83
64,2381,Asking about Brinjal suitable season,Cultivation,en,android-app-v1,asking about brinjal suitable season,asking about brinjal suitable season,asking brinjal suitable season,ask brinjal suitabl season,5,36
65,2884,asked about water management in soybean,Irrigation,en,ussd-sms,asked about water management in soybean,asked about water management in soybean,asked water management soybean,ask water manag soybean,6,39
66,2651,suitable redgram variety,Crop Information,en,ussd-sms,suitable redgram variety,suitable redgram variety,suitable redgram variety,suitabl redgram varieti,3,24
67,2678,water management in paddy field,Irrigation,en,android-app-v2,water management in paddy field,water management in paddy field,water management paddy field,water manag paddi field,5,31
68,1057,   Theni grapes research station contact number   ,Cultivation,en,web,theni grapes research station contact number,theni grapes research station contact number,theni grape research station contact number,theni grape research station contact number,6,44
69,1104,Onion top dressing,Fertilizer,en,android-app-v1,onion top dressing,onion top dressing,onion top dressing,onion top dress,3,18
70,2241,Asked about top dressing fertilizer for Maize (30th day ),Fertilizer,en,web,asked about top dressing fertilizer for maize (30th day ),asked about top dressing fertilizer for maize 30th day,asked top dressing fertilizer maize 30th day,ask top dress fertil maiz 30th day,9,57
71,3291,coconut sowing season,Cultivation,en,android-app-v2,coconut sowing season,coconut sowing season,coconut sowing season,coconut sow season,3,21
72,3104,Root Rot In Tomato,Crop Disease,en,android-app-v2,root rot in tomato,root rot in tomato,root rot tomato,root rot tomato,4,18
73,1046,Asked about Coconut fertilizer management (1 year tree)   ,Fertilizer,en,ussd-sms,asked about coconut fertilizer management (1 year tree),asked about coconut fertilizer management 1 year tree,asked coconut fertilizer management 1 year tree,ask coconut fertil manag 1 year tree,8,55
74,1016,Asking about Department of Agronomy Contact Number,Cultivation,en,android-app-v2,asking about department of agronomy contact number,asking about department of agronomy contact number,asking department agronomy contact number,ask depart agronomi contact number,7,50
75,1252,ASKING ABOUT GROUNDNUT FOLIAR SPRAY MANAGEMENT,Fertilizer,en,unknown,asking about groundnut foliar spray management,asking about groundnut foliar spray management,asking groundnut foliar spray management,ask groundnut foliar spray manag,6,46
76,2139,Asked about Cotton stem borer management   ,Pest Management,en,ussd-sms,asked about cotton stem borer management,asked about cotton stem borer management,asked cotton stem borer management,ask cotton stem borer manag,6,40
77,2105,kancheepuram  farmers training centre contact number,Crop Information,en,web,kancheepuram farmers training centre contact number,kancheepuram farmers training centre contact number,kancheepuram farmer training centre contact number,kancheepuram farmer train centr contact number,6,51
78,1722,    Asked about suitable paddy varieties for sornavari season,Crop Information,en,android-app-v1,asked about suitable paddy varieties for sornavari season,asked about suitable paddy varieties for sornavari season,asked suitable paddy variety sornavari season,ask suitabl paddi varieti sornavari season,8,57
79,1516,asking about Black gram TNAU foliar application,Fertilizer,en,android-app-v2,asking about black gram tnau foliar application,asking about black gram tnau foliar application,asking black gram tnau foliar application,ask black gram tnau foliar applic,7,47
80,2807,   Weather report for thiruvallur district,Weather,en,ussd-sms,weather report for thiruvallur district,weather report for thiruvallur district,weather report thiruvallur district,weather report thiruvallur district,5,39
81,1204,Asking  about paddy root rot management   ,Crop Disease,en,ussd-sms,asking about paddy root rot management,asking about paddy root rot management,asking paddy root rot management,ask paddi root rot manag,6,38
82,1276,ASKING ABOUT SUITABLE PADDY VARIETIES FOR SORNAVARI SEASON & GRAIN TYPE,Crop Information,en,web,asking about suitable paddy varieties for sornavari season & grain type,asking about suitable paddy varieties for sornavari season grain type,asking suitable paddy variety sornavari season grain type,ask suitabl paddi varieti sornavari season grain type,10,71
83,2711,ASKED ABOUT JACK FRUIT ROT MANAGEMENT,Crop Disease,en,ussd-sms,asked about jack fruit rot management,asked about jack fruit rot management,asked jack fruit rot management,ask jack fruit rot manag,6,37
84,2563,Asking about weather detail in nagai,Weather,en,ussd-sms,asking about weather detail in nagai,asking about weather detail in nagai,asking weather detail nagai,ask weather detail nagai,6,36
85,2401,   Asking about Cutworm in onion   ,Fertilizer,en,android-app-v2,asking about cutworm in onion,asking about cutworm in onion,asking cutworm onion,ask cutworm onion,5,29
86,3292,TNAU MAIZE MAXIM APPLICATIONDETAILS,Crop Information,en,android-app-v1,tnau maize maxim applicationdetails,tnau maize maxim applicationdetails,tnau maize maxim applicationdetails,tnau maiz maxim applicationdetail,4,35
87,2512,Asking about Caterpillar and Yellow mosaic virus and Cercospora leaf spot management in black gram,Crop Disease,en,web,asking about caterpillar and yellow mosaic virus and cercospora leaf spot management in black gram,asking about caterpillar and yellow mosaic virus and cercospora leaf spot management in black gram,asking caterpillar yellow mosaic virus cercospora leaf spot management black gram,ask caterpillar yellow mosaic virus cercospora leaf spot manag black gram,15,98
88,1984,   Asking About Betel Vine Foliar Application Information,Fertilizer,en,ussd-sms,asking about betel vine foliar application information,asking about betel vine foliar application information,asking betel vine foliar application information,ask betel vine foliar applic inform,7,54
89,1736,   ASKED ABOUT IMPROVED WHITE PONNI DURATION & YIELD INFORMATION,Crop Information,en,web,asked about improved white ponni duration & yield information,asked about improved white ponni duration yield information,asked improved white ponni duration yield information,ask improv white ponni durat yield inform,8,61
90,1358,   Asking About Blackgram Market Price Information,General Agriculture,en,web,asking about blackgram market price information,asking about blackgram market price information,asking blackgram market price information,ask blackgram market price inform,6,47
91,2358,   asking about paddy basal dressing fertilizer management,Fertilizer,en,android-app-v2,asking about paddy basal dressing fertilizer management,asking about paddy basal dressing fertilizer management,asking paddy basal dressing fertilizer management,ask paddi basal dress fertil manag,7,55
92,1530,"Asking about Krishi Vigyan Kendra, Senagipatti, Thanjavur contact no.",Cultivation,en,android-app-v1,"asking about krishi vigyan kendra, senagipatti, thanjavur contact no.",asking about krishi vigyan kendra senagipatti thanjavur contact no,asking krishi vigyan kendra senagipatti thanjavur contact no,ask krishi vigyan kendra senagipatti thanjavur contact no,9,69
93,2243,Asking about Trichy district rainfall information,Weather,en,android-app-v2,asking about trichy district rainfall information,asking about trichy district rainfall information,asking trichy district rainfall information,ask trichi district rainfal inform,6,49
94,1298,Asking about Beetles management in Bottle gourd,General Agriculture,en,web,asking about beetles management in bottle gourd,asking about beetles management in bottle gourd,asking beetle management bottle gourd,ask beetl manag bottl gourd,7,47
95,2370,Asked about Panama wilt management in Banana,Crop Disease,en,unknown,asked about panama wilt management in banana,asked about panama wilt management in banana,asked panama wilt management banana,ask panama wilt manag banana,7,44
96,3195,Asking about Paddy saline tolerant varieties,Crop Information,en,ussd-sms,asking about paddy saline tolerant varieties,asking about paddy saline tolerant varieties,asking paddy saline tolerant variety,ask paddi salin toler varieti,6,44
97,2025,"   ASKING ABOUT CUTWORM, SUCKING PEST MANAGEMENT FOR BRINJAL",Pest Management,en,ussd-sms,"asking about cutworm, sucking pest management for brinjal",asking about cutworm sucking pest management for brinjal,asking cutworm sucking pest management brinjal,ask cutworm suck pest manag brinjal,8,57
98,2160,Asking about spacing for tapioca,Cultivation,en,web,asking about spacing for tapioca,asking about spacing for tapioca,asking spacing tapioca,ask space tapioca,5,32
99,1464,cotton plus detail,Fertilizer,en,android-app-v1,cotton plus detail,cotton plus detail,cotton plus detail,cotton plus detail,3,18
100,1257,Asking about basal fertilizer management for paddy,Fertilizer,en,android-app-v2,asking about basal fertilizer management for paddy,asking about basal fertilizer management for paddy,asking basal fertilizer management paddy,ask basal fertil manag paddi,7,50
101,2693,maize sowing season,Cultivation,en,ussd-sms,maize sowing season,maize sowing season,maize sowing season,maiz sow season,3,19
102,2064,Asked about Blackgram crop insurance details,General Agriculture,en,web,asked about blackgram crop insurance details,asked about blackgram crop insurance details,asked blackgram crop insurance detail,ask blackgram crop insur detail,6,44
103,1215,ASKING ABOUT MUSK MELON PEST IDENTIFICATION,Pest Management,en,android-app-v2,asking about musk melon pest identification,asking about musk melon pest identification,asking musk melon pest identification,ask musk melon pest identif,6,43
104,1365,bunch  development in banana   ,General Agriculture,en,web,bunch development in banana,bunch development in banana,bunch development banana,bunch develop banana,4,27
105,1172,Asking about Leaf minor and rust control in Lab lab,Crop Disease,en,web,asking about leaf minor and rust control in lab lab,asking about leaf minor and rust control in lab lab,asking leaf minor rust control lab lab,ask leaf minor rust control lab lab,10,51
106,2931,ASKED ABOUT RAGI SOWING SEASON AND VARIETIES   ,Crop Information,en,android-app-v1,asked about ragi sowing season and varieties,asked about ragi sowing season and varieties,asked ragi sowing season variety,ask ragi sow season varieti,7,44
107,3007,Farmer asked price detail of Cowpea (Lobia/Karamani) in Virudhachalam mandi   ,General Agriculture,en,ussd-sms,farmer asked price detail of cowpea (lobia/karamani) in virudhachalam mandi,farmer asked price detail of cowpea lobia/karamani in virudhachalam mandi,farmer asked price detail cowpea lobia/karamani virudhachalam mandi,farmer ask price detail cowpea lobia/karamani virudhachalam mandi,10,75
108,2235,Asking  about Cotton Fusarium wilt Management,Crop Disease,en,unknown,asking about cotton fusarium wilt management,asking about cotton fusarium wilt management,asking cotton fusarium wilt management,ask cotton fusarium wilt manag,6,44
109,1533,asked about farm pond subsidy information,General Agriculture,en,ussd-sms,asked about farm pond subsidy information,asked about farm pond subsidy information,asked farm pond subsidy information,ask farm pond subsidi inform,6,41
110,2978,Asked about water management in black gram,Irrigation,en,android-app-v1,asked about water management in black gram,asked about water management in black gram,asked water management black gram,ask water manag black gram,7,42
111,2042,Asking about Cowpea sowing season and Varieties,Weather,en,android-app-v2,asking about cowpea sowing season and varieties,asking about cowpea sowing season and varieties,asking cowpea sowing season variety,ask cowpea sow season varieti,7,47
112,1410,Asking about Vandavasi weather for sowing,Weather,en,unknown,asking about vandavasi weather for sowing,asking about vandavasi weather for sowing,asking vandavasi weather sowing,ask vandavasi weather sow,6,41
113,1263,   Asking about Farm Machinery subsidy information,Cultivation,en,ussd-sms,asking about farm machinery subsidy information,asking about farm machinery subsidy information,asking farm machinery subsidy information,ask farm machineri subsidi inform,6,47
114,2647,Asking about Dindigul today weather Report,Weather,en,android-app-v2,asking about dindigul today weather report,asking about dindigul today weather report,asking dindigul today weather report,ask dindigul today weather report,6,42
115,3000,   ASKED ABOUT CHEMBARABAKKAM WATER LEVEL INFORMATION,Irrigation,en,web,asked about chembarabakkam water level information,asked about chembarabakkam water level information,asked chembarabakkam water level information,ask chembarabakkam water level inform,6,50
116,1983,   Asked about leaf blight management in tuberose,Crop Disease,en,android-app-v2,asked about leaf blight management in tuberose,asked about leaf blight management in tuberose,asked leaf blight management tuberose,ask leaf blight manag tuberos,7,46
117,2037,asking about red gram season and varieties,Crop Information,en,unknown,asking about red gram season and varieties,asking about red gram season and varieties,asking red gram season variety,ask red gram season varieti,7,42
118,2826,asked about mango flower blight management,Fertilizer,en,ussd-sms,asked about mango flower blight management,asked about mango flower blight management,asked mango flower blight management,ask mango flower blight manag,6,42
119,2862,   Asked about groundnut sowing season,Cultivation,en,ussd-sms,asked about groundnut sowing season,asked about groundnut sowing season,asked groundnut sowing season,ask groundnut sow season,5,35
120,2460,control measure for root rot in cotton,General Agriculture,en,android-app-v2,control measure for root rot in cotton,control measure for root rot in cotton,control measure root rot cotton,control measur root rot cotton,7,38
121,1373,Asked about leaf blight management in mullai,Crop Disease,en,web,asked about leaf blight management in mullai,asked about leaf blight management in mullai,asked leaf blight management mullai,ask leaf blight manag mullai,7,44
122,1092,   rice basal fertilizer,Fertilizer,en,android-app-v1,rice basal fertilizer,rice basal fertilizer,rice basal fertilizer,rice basal fertil,3,21
123,3216,Asked about Forage crop Seeds information   ,Cultivation,en,web,asked about forage crop seeds information,asked about forage crop seeds information,asked forage crop seed information,ask forag crop seed inform,6,41
124,1776,Asking about caterpillar management in blackgram   ,Pest Management,en,web,asking about caterpillar management in blackgram,asking about caterpillar management in blackgram,asking caterpillar management blackgram,ask caterpillar manag blackgram,6,48
125,2050,asked  about rice tungro disease management in paddy   ,Crop Disease,en,ussd-sms,asked about rice tungro disease management in paddy,asked about rice tungro disease management in paddy,asked rice tungro disease management paddy,ask rice tungro diseas manag paddi,8,51
126,1435,Asking about Yellow mite or muranai mite in chilli,Pest Management,en,web,asking about yellow mite or muranai mite in chilli,asking about yellow mite or muranai mite in chilli,asking yellow mite muranai mite chilli,ask yellow mite muranai mite chilli,9,50
127,2111,Asking  about Coconut Thanjavur wilt management,Crop Disease,en,web,asking about coconut thanjavur wilt management,asking about coconut thanjavur wilt management,asking coconut thanjavur wilt management,ask coconut thanjavur wilt manag,6,46
128,1415,Asked about disease management in cow information   ,Crop Disease,en,ussd-sms,asked about disease management in cow information,asked about disease management in cow information,asked disease management cow information,ask diseas manag cow inform,7,49
129,1137,CUDDALORE DISTRCIT WEATHER FORECAST   ,Weather,en,ussd-sms,cuddalore distrcit weather forecast,cuddalore distrcit weather forecast,cuddalore distrcit weather forecast,cuddalor distrcit weather forecast,4,35
130,1099,Asking  about suitable paddy varieties for Navarai season &duration,Crop Information,en,android-app-v1,asking about suitable paddy varieties for navarai season &duration,asking about suitable paddy varieties for navarai season duration,asking suitable paddy variety navarai season duration,ask suitabl paddi varieti navarai season durat,9,66
131,1002,Asking  about Boron Deficiency in coconut   ,Fertilizer,en,android-app-v2,asking about boron deficiency in coconut,asking about boron deficiency in coconut,asking boron deficiency coconut,ask boron defici coconut,6,40
132,1335,Asking about Goat vaccine details,Crop Disease,en,ussd-sms,asking about goat vaccine details,asking about goat vaccine details,asking goat vaccine detail,ask goat vaccin detail,5,33
133,2135,weather report for salem district,Weather,en,android-app-v1,weather report for salem district,weather report for salem district,weather report salem district,weather report salem district,5,33
134,2812,asked about sesame seed treatment details,Fertilizer,en,unknown,asked about sesame seed treatment details,asked about sesame seed treatment details,asked sesame seed treatment detail,ask sesam seed treatment detail,6,41
135,2335,   asking about blackgram powdery mildew management,General Agriculture,en,ussd-sms,asking about blackgram powdery mildew management,asking about blackgram powdery mildew management,asking blackgram powdery mildew management,ask blackgram powderi mildew manag,6,48
136,2953,   ASKING ABOUT COTTON WEED MANAGEMENT ( 15 -20 DAYS),Pest Management,en,android-app-v2,asking about cotton weed management ( 15 -20 days),asking about cotton weed management 15 -20 days,asking cotton weed management 15 -20 day,ask cotton weed manag 15 -20 day,8,50
137,1764,asking about fruit borer management in brinjal,Pest Management,en,ussd-sms,asking about fruit borer management in brinjal,asking about fruit borer management in brinjal,asking fruit borer management brinjal,ask fruit borer manag brinjal,7,46
138,1417,asked about salt content present in tender coconut water in coconut tree,Fertilizer,en,android-app-v2,asked about salt content present in tender coconut water in coconut tree,asked about salt content present in tender coconut water in coconut tree,asked salt content present tender coconut water coconut tree,ask salt content present tender coconut water coconut tree,12,72
139,2575,asked about dhaincha seed rate and cultivation,Fertilizer,en,ussd-sms,asked about dhaincha seed rate and cultivation,asked about dhaincha seed rate and cultivation,asked dhaincha seed rate cultivation,ask dhaincha seed rate cultiv,7,46
140,3270,    weather report tirunelveli district,Weather,en,android-app-v2,weather report tirunelveli district,weather report tirunelveli district,weather report tirunelveli district,weather report tirunelv district,4,35
141,2814,"ASKED ABOUT SUCKING PESTS, SHOOT AND FRUIT BORER MANAGEMENT FOR BRINJAL",Pest Management,en,ussd-sms,"asked about sucking pests, shoot and fruit borer management for brinjal",asked about sucking pests shoot and fruit borer management for brinjal,asked sucking pest shoot fruit borer management brinjal,ask suck pest shoot fruit borer manag brinjal,11,71
142,3204,Asked about Paddy variety ADT 46 duration special features and yield information,Crop Information,en,ussd-sms,asked about paddy variety adt 46 duration special features and yield information,asked about paddy variety adt 46 duration special features and yield information,asked paddy variety adt 46 duration special feature yield information,ask paddi varieti adt 46 durat special featur yield inform,12,80
143,1381,   ASKED ABOUT BANANA BUNCHY TOP VIRUS MANAGEMENT IN BANANA,Crop Disease,en,android-app-v1,asked about banana bunchy top virus management in banana,asked about banana bunchy top virus management in banana,asked banana bunchy top virus management banana,ask banana bunchi top virus manag banana,9,56
144,2787,   bud borer in groundnut,General Agriculture,en,ussd-sms,bud borer in groundnut,bud borer in groundnut,bud borer groundnut,bud borer groundnut,4,22
145,2557,asked about weed management in black gram,Pest Management,en,android-app-v1,asked about weed management in black gram,asked about weed management in black gram,asked weed management black gram,ask weed manag black gram,7,41
146,1766,   asking about chrysanthimum top dressing fertilizers,Fertilizer,en,ussd-sms,asking about chrysanthimum top dressing fertilizers,asking about chrysanthimum top dressing fertilizers,asking chrysanthimum top dressing fertilizer,ask chrysanthimum top dress fertil,6,51
147,1571,   asked about sowing season of maize and finger millet,Weather,en,ussd-sms,asked about sowing season of maize and finger millet,asked about sowing season of maize and finger millet,asked sowing season maize finger millet,ask sow season maiz finger millet,9,52
148,1311,ASKED ABOUT BLACKGRAM PLANTING SEASON   ,Weather,en,ussd-sms,asked about blackgram planting season,asked about blackgram planting season,asked blackgram planting season,ask blackgram plant season,5,37
149,2225,Asking about Thanjavur Krishi Vigyan Kendra contact number   ,General Agriculture,en,web,asking about thanjavur krishi vigyan kendra contact number,asking about thanjavur krishi vigyan kendra contact number,asking thanjavur krishi vigyan kendra contact number,ask thanjavur krishi vigyan kendra contact number,8,58
150,1591,nematode in sugarcane,Pest Management,en,web,nematode in sugarcane,nematode in sugarcane,nematode sugarcane,nematod sugarcan,3,21
151,3078,stem borer in moringa   ,Pest Management,en,android-app-v1,stem borer in moringa,stem borer in moringa,stem borer moringa,stem borer moringa,4,21
152,2481,Asking about flower drops (fusarium wilt) in chilli,Crop Disease,en,ussd-sms,asking about flower drops (fusarium wilt) in chilli,asking about flower drops fusarium wilt in chilli,asking flower drop fusarium wilt chilli,ask flower drop fusarium wilt chilli,8,51
153,1044,Asked about Leaf curl disease management for Chilli plant,Crop Disease,en,ussd-sms,asked about leaf curl disease management for chilli plant,asked about leaf curl disease management for chilli plant,asked leaf curl disease management chilli plant,ask leaf curl diseas manag chilli plant,9,57
154,2319,   ASKED ABOUT SETTS RATE OF CUMBU NAPIER,Cultivation,en,android-app-v2,asked about setts rate of cumbu napier,asked about setts rate of cumbu napier,asked sett rate cumbu napier,ask sett rate cumbu napier,7,38
155,1558,BACTERIAL BLIGHT IN PADDY,Crop Disease,en,android-app-v2,bacterial blight in paddy,bacterial blight in paddy,bacterial blight paddy,bacteri blight paddi,4,25
156,2747,Asking About Stem Borer In Paddy,Pest Management,en,web,asking about stem borer in paddy,asking about stem borer in paddy,asking stem borer paddy,ask stem borer paddi,6,32
157,2004,   suitable sunflower season and variety,Crop Information,en,android-app-v2,suitable sunflower season and variety,suitable sunflower season and variety,suitable sunflower season variety,suitabl sunflow season varieti,5,37
158,1977,   Asked about Northeast Monsoon information,Weather,en,web,asked about northeast monsoon information,asked about northeast monsoon information,asked northeast monsoon information,ask northeast monsoon inform,5,41
159,1468,Sorghum sowing season,Weather,en,web,sorghum sowing season,sorghum sowing season,sorghum sowing season,sorghum sow season,3,21
160,2928,Asked about suitable paddy varieties for samba season information,Crop Information,en,ussd-sms,asked about suitable paddy varieties for samba season information,asked about suitable paddy varieties for samba season information,asked suitable paddy variety samba season information,ask suitabl paddi varieti samba season inform,9,65
161,1076,BASAL ROT IN ONION,Fertilizer,en,android-app-v1,basal rot in onion,basal rot in onion,basal rot onion,basal rot onion,4,18
162,2125,root rot in jasmine and dhaincha cultivation,Crop Disease,en,ussd-sms,root rot in jasmine and dhaincha cultivation,root rot in jasmine and dhaincha cultivation,root rot jasmine dhaincha cultivation,root rot jasmin dhaincha cultiv,7,44
163,1144,   asking about root rot management for groundnut,Crop Disease,en,unknown,asking about root rot management for groundnut,asking about root rot management for groundnut,asking root rot management groundnut,ask root rot manag groundnut,7,46
164,2837,Asked  about solar bub related details   ,Harvesting,en,unknown,asked about solar bub related details,asked about solar bub related details,asked solar bub related detail,ask solar bub relat detail,6,37
165,2015,   Asking about Maize and Groundnut sowing season   ,Weather,en,unknown,asking about maize and groundnut sowing season,asking about maize and groundnut sowing season,asking maize groundnut sowing season,ask maiz groundnut sow season,7,46
166,2873,Asking  about peacock birds and monkey control in paddy field,Cultivation,en,android-app-v1,asking about peacock birds and monkey control in paddy field,asking about peacock birds and monkey control in paddy field,asking peacock bird monkey control paddy field,ask peacock bird monkey control paddi field,10,60
167,1266,asking about market price of karamani,General Agriculture,en,web,asking about market price of karamani,asking about market price of karamani,asking market price karamani,ask market price karamani,6,37
168,1504,Asked about tomato hybrids details,Cultivation,en,android-app-v1,asked about tomato hybrids details,asked about tomato hybrids details,asked tomato hybrid detail,ask tomato hybrid detail,5,34
169,2109,Asked about Mancozeb fungicide uses,Cultivation,en,unknown,asked about mancozeb fungicide uses,asked about mancozeb fungicide uses,asked mancozeb fungicide us,ask mancozeb fungicid us,5,35
170,1347,asking about mango boron deficiency management,Fertilizer,en,unknown,asking about mango boron deficiency management,asking about mango boron deficiency management,asking mango boron deficiency management,ask mango boron defici manag,6,46
171,3317,   Soybean market rate in Madhya Pradesh,General Agriculture,en,web,soybean market rate in madhya pradesh,soybean market rate in madhya pradesh,soybean market rate madhya pradesh,soybean market rate madhya pradesh,6,37
172,2439,maize stem borer,Pest Management,en,ussd-sms,maize stem borer,maize stem borer,maize stem borer,maiz stem borer,3,16
173,3132,market rate for white ponni,General Agriculture,en,web,market rate for white ponni,market rate for white ponni,market rate white ponni,market rate white ponni,5,27
174,1987,Mosaic Virus In Black Gram And Green Gram,Crop Disease,en,android-app-v2,mosaic virus in black gram and green gram,mosaic virus in black gram and green gram,mosaic virus black gram green gram,mosaic virus black gram green gram,8,41
175,1876,Thiruvannamalai paddy variety details   ,Cultivation,en,ussd-sms,thiruvannamalai paddy variety details,thiruvannamalai paddy variety details,thiruvannamalai paddy variety detail,thiruvannamalai paddi varieti detail,4,37
176,1437,Asking about G9 Banana suitable season,Cultivation,en,android-app-v1,asking about g9 banana suitable season,asking about g9 banana suitable season,asking g9 banana suitable season,ask g9 banana suitabl season,6,38
177,2766,Asking about water management in groundnut,Irrigation,en,android-app-v1,asking about water management in groundnut,asking about water management in groundnut,asking water management groundnut,ask water manag groundnut,6,42
178,1623,Asked about water management in paddy   ,Irrigation,en,unknown,asked about water management in paddy,asked about water management in paddy,asked water management paddy,ask water manag paddi,6,37
179,1006,Asking about Fruit rot management for Mango,Crop Disease,en,ussd-sms,asking about fruit rot management for mango,asking about fruit rot management for mango,asking fruit rot management mango,ask fruit rot manag mango,7,43
180,1991,Asked about suitable sowing season & varieties for Ragi,Weather,en,android-app-v1,asked about suitable sowing season & varieties for ragi,asked about suitable sowing season varieties for ragi,asked suitable sowing season variety ragi,ask suitabl sow season varieti ragi,8,55
181,1143,rainfall forecast for thirupur district   ,Weather,en,web,rainfall forecast for thirupur district,rainfall forecast for thirupur district,rainfall forecast thirupur district,rainfal forecast thirupur district,5,39
182,1989,asked  about ear head bug and stem borer management in paddy   ,Pest Management,en,android-app-v1,asked about ear head bug and stem borer management in paddy,asked about ear head bug and stem borer management in paddy,asked ear head bug stem borer management paddy,ask ear head bug stem borer manag paddi,11,59
183,2570,Asking about sowing season for onion   ,Cultivation,en,unknown,asking about sowing season for onion,asking about sowing season for onion,asking sowing season onion,ask sow season onion,6,36
184,2507,Banana post harvest technology training,Harvesting,en,unknown,banana post harvest technology training,banana post harvest technology training,banana post harvest technology training,banana post harvest technolog train,5,39
185,1874,Asking about pod borer management in black gram   ,Pest Management,en,android-app-v2,asking about pod borer management in black gram,asking about pod borer management in black gram,asking pod borer management black gram,ask pod borer manag black gram,8,47
186,1595,Asking About Kakkatam Malli Foliar Application Information,Fertilizer,en,web,asking about kakkatam malli foliar application information,asking about kakkatam malli foliar application information,asking kakkatam malli foliar application information,ask kakkatam malli foliar applic inform,7,58
187,2586,Asking about Suitable paddy varieties for Tiruvannamalai,Crop Information,en,ussd-sms,asking about suitable paddy varieties for tiruvannamalai,asking about suitable paddy varieties for tiruvannamalai,asking suitable paddy variety tiruvannamalai,ask suitabl paddi varieti tiruvannamalai,7,56
188,2008,asked about weed management in uncultivated land,Pest Management,en,unknown,asked about weed management in uncultivated land,asked about weed management in uncultivated land,asked weed management uncultivated land,ask weed manag uncultiv land,7,48
189,3038,asking  about paddy leaf folder management,General Agriculture,en,ussd-sms,asking about paddy leaf folder management,asking about paddy leaf folder management,asking paddy leaf folder management,ask paddi leaf folder manag,6,41
190,1389,Asking about banana weed management   ,Cultivation,en,web,asking about banana weed management,asking about banana weed management,asking banana weed management,ask banana weed manag,5,35
191,3190,asked about water management for paddy (after spraying herbicide),Irrigation,en,unknown,asked about water management for paddy (after spraying herbicide),asked about water management for paddy after spraying herbicide,asked water management paddy spraying herbicide,ask water manag paddi spray herbicid,9,65
192,2340,Coimbatore weather report details,Weather,en,android-app-v1,coimbatore weather report details,coimbatore weather report details,coimbatore weather report detail,coimbator weather report detail,4,33
193,3188,   Asking about coconut seedling availability,Cultivation,en,web,asking about coconut seedling availability,asking about coconut seedling availability,asking coconut seedling availability,ask coconut seedl avail,5,42
194,2972,Asking about suitable medium grain varieties for paddy navarai season   ,Crop Information,en,android-app-v1,asking about suitable medium grain varieties for paddy navarai season,asking about suitable medium grain varieties for paddy navarai season,asking suitable medium grain variety paddy navarai season,ask suitabl medium grain varieti paddi navarai season,10,69
195,1849,Asked about stem borer adult management in paddy   ,Pest Management,en,web,asked about stem borer adult management in paddy,asked about stem borer adult management in paddy,asked stem borer adult management paddy,ask stem borer adult manag paddi,8,48
196,2506,asking about villupuram district weather Report,Weather,en,android-app-v2,asking about villupuram district weather report,asking about villupuram district weather report,asking villupuram district weather report,ask villupuram district weather report,6,47
197,3267,asked  about banana disease managment   ,Crop Disease,en,android-app-v2,asked about banana disease managment,asked about banana disease managment,asked banana disease managment,ask banana diseas manag,5,36
198,1574,   ASKING ABOUT SHOOT BORER MANAGEMENT IN BHENDI,Pest Management,en,ussd-sms,asking about shoot borer management in bhendi,asking about shoot borer management in bhendi,asking shoot borer management bhendi,ask shoot borer manag bhendi,7,45
199,1167,   asked about pre emergence groundnut weed management,Pest Management,en,unknown,asked about pre emergence groundnut weed management,asked about pre emergence groundnut weed management,asked pre emergence groundnut weed management,ask pre emerg groundnut weed manag,7,51
200,1511,asked about paddy tps 5 variety details,Crop Information,en,web,asked about paddy tps 5 variety details,asked about paddy tps 5 variety details,asked paddy tps 5 variety detail,ask paddi tps 5 varieti detail,7,39
201,2271,Asking about Papaya Leaf curl virus and Papaya ring spot virus management,Crop Disease,en,unknown,asking about papaya leaf curl virus and papaya ring spot virus management,asking about papaya leaf curl virus and papaya ring spot virus management,asking papaya leaf curl virus papaya ring spot virus management,ask papaya leaf curl virus papaya ring spot virus manag,12,73
202,1192,asked  about sugarcane shoot borer management,Pest Management,en,web,asked about sugarcane shoot borer management,asked about sugarcane shoot borer management,asked sugarcane shoot borer management,ask sugarcan shoot borer manag,6,44
203,1550,Asking about Thiruvallur horticultural department contact number,Cultivation,en,android-app-v1,asking about thiruvallur horticultural department contact number,asking about thiruvallur horticultural department contact number,asking thiruvallur horticultural department contact number,ask thiruvallur horticultur depart contact number,7,64
204,1073,Soil  testing lab contact number,Soil,en,web,soil testing lab contact number,soil testing lab contact number,soil testing lab contact number,soil test lab contact number,5,31
205,1751,ASKING ABOUT SEED RATE FOR BHENDI   ,Cultivation,en,android-app-v2,asking about seed rate for bhendi,asking about seed rate for bhendi,asking seed rate bhendi,ask seed rate bhendi,6,33
206,3263,   ASKING ABOUT COMBINATION OF DAP WITH PESTICIDE,Pest Management,en,ussd-sms,asking about combination of dap with pesticide,asking about combination of dap with pesticide,asking combination dap pesticide,ask combin dap pesticid,7,46
207,2188,Asking about Paddy ADT 49 sowing season   ,Crop Information,en,unknown,asking about paddy adt 49 sowing season,asking about paddy adt 49 sowing season,asking paddy adt 49 sowing season,ask paddi adt 49 sow season,7,39
208,2059,Asked about sesame sowing season and variety for kallakurichi district   ,Weather,en,ussd-sms,asked about sesame sowing season and variety for kallakurichi district,asked about sesame sowing season and variety for kallakurichi district,asked sesame sowing season variety kallakurichi district,ask sesam sow season varieti kallakurichi district,10,70
209,2567,ASKED  ABOUT MAIZE YIELD INFORMATION,Crop Information,en,android-app-v2,asked about maize yield information,asked about maize yield information,asked maize yield information,ask maiz yield inform,5,35
210,2804,Asking about Crop insurance registration details,General Agriculture,en,android-app-v1,asking about crop insurance registration details,asking about crop insurance registration details,asking crop insurance registration detail,ask crop insur registr detail,6,48
211,1351,Asked about Paddy seeds availability   ,Cultivation,en,unknown,asked about paddy seeds availability,asked about paddy seeds availability,asked paddy seed availability,ask paddi seed avail,5,36
212,3098,    asking about top fertilizer application time in cotton   ,Fertilizer,en,android-app-v2,asking about top fertilizer application time in cotton,asking about top fertilizer application time in cotton,asking top fertilizer application time cotton,ask top fertil applic time cotton,8,54
213,3044,ASKING ABOUT VIRALIMALAI WEATHER REPORT   ,Weather,en,android-app-v1,asking about viralimalai weather report,asking about viralimalai weather report,asking viralimalai weather report,ask viralimalai weather report,5,39
214,3147,ASKED ABOUT BSNL NETWORK PROBLEMS,Weather,en,web,asked about bsnl network problems,asked about bsnl network problems,asked bsnl network problem,ask bsnl network problem,5,33
215,1731,asked about fertigation chart for tapioca (151-240 days),Fertilizer,en,web,asked about fertigation chart for tapioca (151-240 days),asked about fertigation chart for tapioca 151-240 days,asked fertigation chart tapioca 151-240 day,ask fertig chart tapioca 151-240 day,8,56
216,2705,Asking about paddy basal biofertilizer management   ,Pest Management,en,unknown,asking about paddy basal biofertilizer management,asking about paddy basal biofertilizer management,asking paddy basal biofertilizer management,ask paddi basal biofertil manag,6,49
217,1948,asked about blackgram caterpillar and blight managment,Crop Disease,en,web,asked about blackgram caterpillar and blight managment,asked about blackgram caterpillar and blight managment,asked blackgram caterpillar blight managment,ask blackgram caterpillar blight manag,7,54
218,1032,   Asked about foliar application in paddy,Fertilizer,en,ussd-sms,asked about foliar application in paddy,asked about foliar application in paddy,asked foliar application paddy,ask foliar applic paddi,6,39
219,1107,asking about leaf caterpillar and sucking pests management in black gram,Pest Management,en,android-app-v2,asking about leaf caterpillar and sucking pests management in black gram,asking about leaf caterpillar and sucking pests management in black gram,asking leaf caterpillar sucking pest management black gram,ask leaf caterpillar suck pest manag black gram,11,72
220,3295,Asked about Groundnut Seeds availability,Crop Information,en,ussd-sms,asked about groundnut seeds availability,asked about groundnut seeds availability,asked groundnut seed availability,ask groundnut seed avail,5,40
221,1869,Asking about sowing season for black gram   ,Cultivation,en,ussd-sms,asking about sowing season for black gram,asking about sowing season for black gram,asking sowing season black gram,ask sow season black gram,7,41
222,1158,Asking about Onion Market rate Related Details,General Agriculture,en,android-app-v2,asking about onion market rate related details,asking about onion market rate related details,asking onion market rate related detail,ask onion market rate relat detail,7,46
223,1213,Asked about major disease and pest for Mullai,Crop Disease,en,unknown,asked about major disease and pest for mullai,asked about major disease and pest for mullai,asked major disease pest mullai,ask major diseas pest mullai,8,45
224,1835,Asking about agri department contact details   ,Cultivation,en,ussd-sms,asking about agri department contact details,asking about agri department contact details,asking agri department contact detail,ask agri depart contact detail,6,44
225,2935,Asked about Jasmine and Mullai planting spacing information   ,Cultivation,en,android-app-v1,asked about jasmine and mullai planting spacing information,asked about jasmine and mullai planting spacing information,asked jasmine mullai planting spacing information,ask jasmin mullai plant space inform,8,59
226,3212,weather report for virudhunagar   ,Weather,en,android-app-v1,weather report for virudhunagar,weather report for virudhunagar,weather report virudhunagar,weather report virudhunagar,4,31
227,1746,   basal application for groundnut,Fertilizer,en,unknown,basal application for groundnut,basal application for groundnut,basal application groundnut,basal applic groundnut,4,31
228,2346,asking about stem borer management in brinjal,Pest Management,en,ussd-sms,asking about stem borer management in brinjal,asking about stem borer management in brinjal,asking stem borer management brinjal,ask stem borer manag brinjal,7,45
229,1109,Asked  About Paddy Variety Karuppukavuni Information,Crop Information,en,unknown,asked about paddy variety karuppukavuni information,asked about paddy variety karuppukavuni information,asked paddy variety karuppukavuni information,ask paddi varieti karuppukavuni inform,6,51
230,2115,asked about weather forecast (cyclone related information,Weather,en,ussd-sms,asked about weather forecast (cyclone related information,asked about weather forecast cyclone related information,asked weather forecast cyclone related information,ask weather forecast cyclon relat inform,7,57
231,2535,Asking about brinjal sowing season and variety,Cultivation,en,unknown,asking about brinjal sowing season and variety,asking about brinjal sowing season and variety,asking brinjal sowing season variety,ask brinjal sow season varieti,7,46
232,1524,Brinjal water management,Irrigation,en,unknown,brinjal water management,brinjal water management,brinjal water management,brinjal water manag,3,24
233,1341,   ASKING ABOUT SEASON OF SOWING FOR BHENDI   ,Cultivation,en,web,asking about season of sowing for bhendi,asking about season of sowing for bhendi,asking season sowing bhendi,ask season sow bhendi,7,40
234,2147,Nagapattinam district weather forecast,Weather,en,ussd-sms,nagapattinam district weather forecast,nagapattinam district weather forecast,nagapattinam district weather forecast,nagapattinam district weather forecast,4,38
235,1177,Asking about root rot management in watermelon,Crop Disease,en,android-app-v2,asking about root rot management in watermelon,asking about root rot management in watermelon,asking root rot management watermelon,ask root rot manag watermelon,7,46
236,3049,Asking About Solar Light Trap Availability,Cultivation,en,web,asking about solar light trap availability,asking about solar light trap availability,asking solar light trap availability,ask solar light trap avail,6,42
237,2352,paddy ADT 46 variety duration (days),Crop Information,en,ussd-sms,paddy adt 46 variety duration (days),paddy adt 46 variety duration days,paddy adt 46 variety duration day,paddi adt 46 varieti durat day,6,36
238,1126,   Asking about fodder seeds availability information,Cultivation,en,android-app-v2,asking about fodder seeds availability information,asking about fodder seeds availability information,asking fodder seed availability information,ask fodder seed avail inform,6,50
239,2347,weather report for namakkal district,Weather,en,web,weather report for namakkal district,weather report for namakkal district,weather report namakkal district,weather report namakk district,5,36
240,1660,Asking  about total duration for Red gram   ,Cultivation,en,android-app-v2,asking about total duration for red gram,asking about total duration for red gram,asking total duration red gram,ask total durat red gram,7,40
241,3150,"   curry leaf production, vermi compost ,coconut , Garlic, Chilli, Ginger, extract Preparation   ",General Agriculture,en,android-app-v2,"curry leaf production, vermi compost ,coconut , garlic, chilli, ginger, extract preparation",curry leaf production vermi compost coconut garlic chilli ginger extract preparation,curry leaf production vermi compost coconut garlic chilli ginger extract preparation,curri leaf product vermi compost coconut garlic chilli ginger extract prepar,11,91
242,2339,asking about kudumiyan malai weather report,Weather,en,web,asking about kudumiyan malai weather report,asking about kudumiyan malai weather report,asking kudumiyan malai weather report,ask kudumiyan malai weather report,6,43
243,1636,    shoot and fruit borer in brinjal,Pest Management,en,unknown,shoot and fruit borer in brinjal,shoot and fruit borer in brinjal,shoot fruit borer brinjal,shoot fruit borer brinjal,6,32
244,1503,   Asked about Blackgram weed management,Pest Management,en,ussd-sms,asked about blackgram weed management,asked about blackgram weed management,asked blackgram weed management,ask blackgram weed manag,5,37
245,1369,Asked about foliar application for Groundnut,Fertilizer,en,android-app-v1,asked about foliar application for groundnut,asked about foliar application for groundnut,asked foliar application groundnut,ask foliar applic groundnut,6,44
246,1049,   Fruit borer in tomato,Pest Management,en,unknown,fruit borer in tomato,fruit borer in tomato,fruit borer tomato,fruit borer tomato,4,21
247,2806,Asking about Drumstick foliar spray management   ,Fertilizer,en,ussd-sms,asking about drumstick foliar spray management,asking about drumstick foliar spray management,asking drumstick foliar spray management,ask drumstick foliar spray manag,6,46
248,2949,Asked about Black gram sowing season and varieties   ,Crop Information,en,android-app-v2,asked about black gram sowing season and varieties,asked about black gram sowing season and varieties,asked black gram sowing season variety,ask black gram sow season varieti,8,50
249,2632,Asking about weather detail in VILLUPURAM,Weather,en,unknown,asking about weather detail in villupuram,asking about weather detail in villupuram,asking weather detail villupuram,ask weather detail villupuram,6,41
250,1430,ASKING ABOUT WEATHER REPORT FOR TIRUNELVELI DISTRICT   ,Weather,en,android-app-v2,asking about weather report for tirunelveli district,asking about weather report for tirunelveli district,asking weather report tirunelveli district,ask weather report tirunelv district,7,52
251,1059,asking about Chilli top dressing fertilizer management,Fertilizer,en,web,asking about chilli top dressing fertilizer management,asking about chilli top dressing fertilizer management,asking chilli top dressing fertilizer management,ask chilli top dress fertil manag,7,54
252,2966,SUITABLE PADDY VARIETIES,Weather,en,unknown,suitable paddy varieties,suitable paddy varieties,suitable paddy variety,suitabl paddi varieti,3,24
253,2284,   asking about ariyalur weather report,Weather,en,web,asking about ariyalur weather report,asking about ariyalur weather report,asking ariyalur weather report,ask ariyalur weather report,5,36
254,3061,    asking about planting spacing for coconut,Cultivation,en,android-app-v2,asking about planting spacing for coconut,asking about planting spacing for coconut,asking planting spacing coconut,ask plant space coconut,6,41
255,1201,asking  about thiruppur district rain details,Weather,en,android-app-v1,asking about thiruppur district rain details,asking about thiruppur district rain details,asking thiruppur district rain detail,ask thiruppur district rain detail,6,44
256,1683,"asked about uses of urea ,super phosphate and potash fertilizers",Fertilizer,en,android-app-v2,"asked about uses of urea ,super phosphate and potash fertilizers",asked about uses of urea super phosphate and potash fertilizers,asked us urea super phosphate potash fertilizer,ask us urea super phosphat potash fertil,10,64
257,2757,Banana Weed Management,Pest Management,en,web,banana weed management,banana weed management,banana weed management,banana weed manag,3,22
258,1061,Asking about blackgram sowing season,Weather,en,android-app-v1,asking about blackgram sowing season,asking about blackgram sowing season,asking blackgram sowing season,ask blackgram sow season,5,36
259,2035,asking about bacterial leaf blight in paddy   ,Crop Disease,en,android-app-v2,asking about bacterial leaf blight in paddy,asking about bacterial leaf blight in paddy,asking bacterial leaf blight paddy,ask bacteri leaf blight paddi,7,43
260,2274,Banana diseases Yellow sigatoka management,Crop Disease,en,unknown,banana diseases yellow sigatoka management,banana diseases yellow sigatoka management,banana disease yellow sigatoka management,banana diseas yellow sigatoka manag,5,42
261,2478,asked about sheath blight management in paddy,Crop Disease,en,web,asked about sheath blight management in paddy,asked about sheath blight management in paddy,asked sheath blight management paddy,ask sheath blight manag paddi,7,45
262,1117,Asking about kodavasal agricultural department contact number (soybean marketing),General Agriculture,en,unknown,asking about kodavasal agricultural department contact number (soybean marketing),asking about kodavasal agricultural department contact number soybean marketing,asking kodavasal agricultural department contact number soybean marketing,ask kodavas agricultur depart contact number soybean market,9,81
263,1450,VIRUDHACHALAM  GROUND NUT MARKET RATE,General Agriculture,en,android-app-v2,virudhachalam ground nut market rate,virudhachalam ground nut market rate,virudhachalam ground nut market rate,virudhachalam ground nut market rate,5,36
264,1282,Weed management for waste land   ,Pest Management,en,ussd-sms,weed management for waste land,weed management for waste land,weed management waste land,weed manag wast land,5,30
265,1903,ASKED ABOUT SOIL TYPE FOR PUMPKIN CULTIVATION,Cultivation,en,web,asked about soil type for pumpkin cultivation,asked about soil type for pumpkin cultivation,asked soil type pumpkin cultivation,ask soil type pumpkin cultiv,7,45
266,2969,   asked about sowing season of mustard,Weather,en,unknown,asked about sowing season of mustard,asked about sowing season of mustard,asked sowing season mustard,ask sow season mustard,6,36
267,2824,Asking about Weed management for Tapioca,Cultivation,en,android-app-v1,asking about weed management for tapioca,asking about weed management for tapioca,asking weed management tapioca,ask weed manag tapioca,6,40
268,3071,Asking  About Caterpillar Control In Lab Lab,Pest Management,en,web,asking about caterpillar control in lab lab,asking about caterpillar control in lab lab,asking caterpillar control lab lab,ask caterpillar control lab lab,7,43
269,2290,paddy sheath blight,Crop Disease,en,ussd-sms,paddy sheath blight,paddy sheath blight,paddy sheath blight,paddi sheath blight,3,19
270,2823,   ASKING ABOUT WATERMELON SOWING SEASON,Cultivation,en,android-app-v2,asking about watermelon sowing season,asking about watermelon sowing season,asking watermelon sowing season,ask watermelon sow season,5,37
271,2371,Asking about cashew flower blight managment   ,Crop Disease,en,android-app-v2,asking about cashew flower blight managment,asking about cashew flower blight managment,asking cashew flower blight managment,ask cashew flower blight manag,6,43
272,1004,KARUR  WEATHER REPORT   ,Weather,en,web,karur weather report,karur weather report,karur weather report,karur weather report,3,20
273,1241,   ASKING ABOUT SOWING SEASON FOR CAULIFLOWER,Cultivation,en,web,asking about sowing season for cauliflower,asking about sowing season for cauliflower,asking sowing season cauliflower,ask sow season cauliflow,6,42
274,1896,Asking  about Rhizopus rot management in jack fruit,General Agriculture,en,web,asking about rhizopus rot management in jack fruit,asking about rhizopus rot management in jack fruit,asking rhizopus rot management jack fruit,ask rhizopus rot manag jack fruit,8,50
275,1329,Asked about Jasmine planting season,Cultivation,en,android-app-v1,asked about jasmine planting season,asked about jasmine planting season,asked jasmine planting season,ask jasmin plant season,5,35
276,2133,asked about coriander seed rate,Cultivation,en,ussd-sms,asked about coriander seed rate,asked about coriander seed rate,asked coriander seed rate,ask coriand seed rate,5,31
277,1927,erode district soil testing laboratory phone number,Soil,en,android-app-v1,erode district soil testing laboratory phone number,erode district soil testing laboratory phone number,erode district soil testing laboratory phone number,erod district soil test laboratori phone number,7,51
278,3169,Asked about BSR 1 variety yield information   ,Crop Information,en,ussd-sms,asked about bsr 1 variety yield information,asked about bsr 1 variety yield information,asked bsr 1 variety yield information,ask bsr 1 varieti yield inform,7,43
279,2021,asked about fruit rot management in jackfruit   ,Crop Disease,en,android-app-v1,asked about fruit rot management in jackfruit,asked about fruit rot management in jackfruit,asked fruit rot management jackfruit,ask fruit rot manag jackfruit,7,45
280,3164,Paddy navarai varieties thiruvananmalai   ,Crop Information,en,web,paddy navarai varieties thiruvananmalai,paddy navarai varieties thiruvananmalai,paddy navarai variety thiruvananmalai,paddi navarai varieti thiruvananmalai,4,39
281,1024,   TUBEROSE ROOT ROT DISEASE CONTROL,Crop Disease,en,web,tuberose root rot disease control,tuberose root rot disease control,tuberose root rot disease control,tuberos root rot diseas control,5,33
282,1921,Asking about Downey mildew disease management pumpkin,Crop Disease,en,unknown,asking about downey mildew disease management pumpkin,asking about downey mildew disease management pumpkin,asking downey mildew disease management pumpkin,ask downey mildew diseas manag pumpkin,7,53
283,1056,ASKING ABOUT PM KISAN SAMMAN NEW REGISTRATION DETAILS,General Agriculture,en,android-app-v1,asking about pm kisan samman new registration details,asking about pm kisan samman new registration details,asking pm kisan samman new registration detail,ask pm kisan samman new registr detail,8,53
284,1781,Asked  about Bhendi root rot management,Crop Disease,en,unknown,asked about bhendi root rot management,asked about bhendi root rot management,asked bhendi root rot management,ask bhendi root rot manag,6,38
285,2104,paddy varieties for navarai season   ,Crop Information,en,ussd-sms,paddy varieties for navarai season,paddy varieties for navarai season,paddy variety navarai season,paddi varieti navarai season,5,34
286,2616,micronutrient deficiency in bottle gourd,Fertilizer,en,android-app-v2,micronutrient deficiency in bottle gourd,micronutrient deficiency in bottle gourd,micronutrient deficiency bottle gourd,micronutri defici bottl gourd,5,40
287,2834,root rot in moringa,Crop Disease,en,ussd-sms,root rot in moringa,root rot in moringa,root rot moringa,root rot moringa,4,19
288,1895,Asking about Sowing method and Seeds availability information   ,Cultivation,en,web,asking about sowing method and seeds availability information,asking about sowing method and seeds availability information,asking sowing method seed availability information,ask sow method seed avail inform,8,61
289,3217,asking about coconut fertilizer management,Fertilizer,en,web,asking about coconut fertilizer management,asking about coconut fertilizer management,asking coconut fertilizer management,ask coconut fertil manag,5,42
290,2175,Asked about paddy ASD 16 duration (Days),Crop Information,en,web,asked about paddy asd 16 duration (days),asked about paddy asd 16 duration days,asked paddy asd 16 duration day,ask paddi asd 16 durat day,7,40
291,2670,   Asking about co 51 paddy varieties details,Crop Information,en,web,asking about co 51 paddy varieties details,asking about co 51 paddy varieties details,asking co 51 paddy variety detail,ask co 51 paddi varieti detail,7,42
292,1667,Asked about Paddy ADT 51 and CR1009 Sub 1 sowing season,Crop Information,en,android-app-v2,asked about paddy adt 51 and cr1009 sub 1 sowing season,asked about paddy adt 51 and cr1009 sub 1 sowing season,asked paddy adt 51 cr1009 sub 1 sowing season,ask paddi adt 51 cr1009 sub 1 sow season,11,55
293,2905,mushroom training detail,General Agriculture,en,unknown,mushroom training detail,mushroom training detail,mushroom training detail,mushroom train detail,3,24
294,2405,   black gram sowing season and variety 1,Crop Information,en,web,black gram sowing season and variety 1,black gram sowing season and variety 1,black gram sowing season variety 1,black gram sow season varieti 1,7,38
295,1127,Asked about KVK contact information,General Agriculture,en,android-app-v2,asked about kvk contact information,asked about kvk contact information,asked kvk contact information,ask kvk contact inform,5,35
296,1583,Asking about blackgram market information,General Agriculture,en,android-app-v1,asking about blackgram market information,asking about blackgram market information,asking blackgram market information,ask blackgram market inform,5,41
297,2909,   ASKED ABOUT COTTON FOLIAR APPLICATION,Fertilizer,en,android-app-v1,asked about cotton foliar application,asked about cotton foliar application,asked cotton foliar application,ask cotton foliar applic,5,37
298,2954,   asked about nutrient management in pumpkin,Fertilizer,en,ussd-sms,asked about nutrient management in pumpkin,asked about nutrient management in pumpkin,asked nutrient management pumpkin,ask nutrient manag pumpkin,6,42
299,2322,asking about celosia pest management,Pest Management,en,android-app-v1,asking about celosia pest management,asking about celosia pest management,asking celosia pest management,ask celosia pest manag,5,36
300,1363,   Asked about caterpillar management in blackgram   ,General Agriculture,en,android-app-v1,asked about caterpillar management in blackgram,asked about caterpillar management in blackgram,asked caterpillar management blackgram,ask caterpillar manag blackgram,6,47
301,2830,Asking about need for mango seedlings,Cultivation,en,ussd-sms,asking about need for mango seedlings,asking about need for mango seedlings,asking need mango seedling,ask need mango seedl,6,37
302,2509,maize  fertilizer (MN) management,Fertilizer,en,android-app-v2,maize fertilizer (mn) management,maize fertilizer mn management,maize fertilizer mn management,maiz fertil mn manag,4,32
303,1190,season  and varieties for paddy,Cultivation,en,ussd-sms,season and varieties for paddy,season and varieties for paddy,season variety paddy,season varieti paddi,5,30
304,2143,   Asking about Market rate for maize,General Agriculture,en,ussd-sms,asking about market rate for maize,asking about market rate for maize,asking market rate maize,ask market rate maiz,6,34
305,1356,ASKING ABOUT WEATHER REPORT FOR NAGAPATTINAM   ,Weather,en,web,asking about weather report for nagapattinam,asking about weather report for nagapattinam,asking weather report nagapattinam,ask weather report nagapattinam,6,44
306,2454,weather detail for tirunelveli dist,Weather,en,ussd-sms,weather detail for tirunelveli dist,weather detail for tirunelveli dist,weather detail tirunelveli dist,weather detail tirunelv dist,5,35
307,2051,Paddy varieties (kar),Crop Information,en,ussd-sms,paddy varieties (kar),paddy varieties kar,paddy variety kar,paddi varieti kar,3,21
308,2432,Sesame sowing season,Weather,en,web,sesame sowing season,sesame sowing season,sesame sowing season,sesam sow season,3,20
309,2689,   Asked about Dioscorea planting season & seed rate,Cultivation,en,android-app-v2,asked about dioscorea planting season & seed rate,asked about dioscorea planting season seed rate,asked dioscorea planting season seed rate,ask dioscorea plant season seed rate,7,49
310,2756,   ariyalur weather report details,Weather,en,android-app-v2,ariyalur weather report details,ariyalur weather report details,ariyalur weather report detail,ariyalur weather report detail,4,31
311,1871,   veterinary contact number   ,Crop Disease,en,android-app-v2,veterinary contact number,veterinary contact number,veterinary contact number,veterinari contact number,3,25
312,3185,asking  about co-operative society loan,General Agriculture,en,ussd-sms,asking about co-operative society loan,asking about co-operative society loan,asking co-operative society loan,ask co-op societi loan,5,38
313,2123,asked about need for sugarcane research station contact numbers,Crop Information,en,android-app-v1,asked about need for sugarcane research station contact numbers,asked about need for sugarcane research station contact numbers,asked need sugarcane research station contact number,ask need sugarcan research station contact number,9,63
314,1055,ASKING ABOUT BLACK GRAM SEASON AND VARIETY,Crop Information,en,web,asking about black gram season and variety,asking about black gram season and variety,asking black gram season variety,ask black gram season varieti,7,42
315,1609,Asked About Suitable Varieties For Paddy (December-January),Crop Information,en,web,asked about suitable varieties for paddy (december-january),asked about suitable varieties for paddy december-january,asked suitable variety paddy december-january,ask suitabl varieti paddi december-januari,7,59
316,1378,tenai sowing season and variety,Crop Information,en,web,tenai sowing season and variety,tenai sowing season and variety,tenai sowing season variety,tenai sow season varieti,5,31
317,2465,Rainfall  information for namakkal district.,Weather,en,ussd-sms,rainfall information for namakkal district.,rainfall information for namakkal district,rainfall information namakkal district,rainfal inform namakk district,5,43
318,1654,Asked  about Shoot and fruit borer management in brinjal,Pest Management,en,unknown,asked about shoot and fruit borer management in brinjal,asked about shoot and fruit borer management in brinjal,asked shoot fruit borer management brinjal,ask shoot fruit borer manag brinjal,9,55
319,1646,   Asking about Top dressing fertilizer management for Groundnut crop,Fertilizer,en,web,asking about top dressing fertilizer management for groundnut crop,asking about top dressing fertilizer management for groundnut crop,asking top dressing fertilizer management groundnut crop,ask top dress fertil manag groundnut crop,9,66
320,1694,asking about water management in coconut and banana,Irrigation,en,web,asking about water management in coconut and banana,asking about water management in coconut and banana,asking water management coconut banana,ask water manag coconut banana,8,51
321,1432,Asked about Fig planting season,Cultivation,en,android-app-v2,asked about fig planting season,asked about fig planting season,asked fig planting season,ask fig plant season,5,31
322,3121,Asking about Pradhan Mantri Kisan Samman Nidhi claim status information,General Agriculture,en,android-app-v1,asking about pradhan mantri kisan samman nidhi claim status information,asking about pradhan mantri kisan samman nidhi claim status information,asking pradhan mantri kisan samman nidhi claim status information,ask pradhan mantri kisan samman nidhi claim status inform,10,71
323,1474,leaf spot in cotton,General Agriculture,en,ussd-sms,leaf spot in cotton,leaf spot in cotton,leaf spot cotton,leaf spot cotton,4,19
324,2788,    Perambalur district weather forecast,Weather,en,android-app-v1,perambalur district weather forecast,perambalur district weather forecast,perambalur district weather forecast,perambalur district weather forecast,4,36
325,1662,   asked about top dressing management for paddy (25 & 45 das),Fertilizer,en,ussd-sms,asked about top dressing management for paddy (25 & 45 das),asked about top dressing management for paddy 25 45 das,asked top dressing management paddy 25 45 da,ask top dress manag paddi 25 45 da,10,59
326,1108,ASKED ABOUT PM KISAN SAMMAN NIDHI SCHEME CORRECTION STATUS   ,General Agriculture,en,android-app-v2,asked about pm kisan samman nidhi scheme correction status,asked about pm kisan samman nidhi scheme correction status,asked pm kisan samman nidhi scheme correction status,ask pm kisan samman nidhi scheme correct status,9,58
327,2851,   Asking about Top fertilizer management for Coconut (13 years old plant),Fertilizer,en,android-app-v1,asking about top fertilizer management for coconut (13 years old plant),asking about top fertilizer management for coconut 13 years old plant,asking top fertilizer management coconut 13 year old plant,ask top fertil manag coconut 13 year old plant,11,71
328,1083,Asking about groundnut fertilizer (MN) management,Fertilizer,en,web,asking about groundnut fertilizer (mn) management,asking about groundnut fertilizer mn management,asking groundnut fertilizer mn management,ask groundnut fertil mn manag,6,49
329,1801,Asked  about lablab root rot managment,Crop Disease,en,android-app-v2,asked about lablab root rot managment,asked about lablab root rot managment,asked lablab root rot managment,ask lablab root rot manag,6,37
330,2209,Asked  About Magnesium Deficiency Management In Cotton,Fertilizer,en,android-app-v2,asked about magnesium deficiency management in cotton,asked about magnesium deficiency management in cotton,asked magnesium deficiency management cotton,ask magnesium defici manag cotton,7,53
331,1807,   ASKED ABOUT LEAF CATER PILLAR MANAGEMENT IN GROUNDNUT,General Agriculture,en,android-app-v2,asked about leaf cater pillar management in groundnut,asked about leaf cater pillar management in groundnut,asked leaf cater pillar management groundnut,ask leaf cater pillar manag groundnut,8,53
332,2183,Asked About Seed Rate Of Kodo Millet,Cultivation,en,ussd-sms,asked about seed rate of kodo millet,asked about seed rate of kodo millet,asked seed rate kodo millet,ask seed rate kodo millet,7,36
333,1943,asking  about Leaf folder control in paddy,General Agriculture,en,android-app-v2,asking about leaf folder control in paddy,asking about leaf folder control in paddy,asking leaf folder control paddy,ask leaf folder control paddi,7,41
334,2275,   ASKING ABOUT WEATHER REPORT FOR ERODE DISTRICT,Weather,en,android-app-v2,asking about weather report for erode district,asking about weather report for erode district,asking weather report erode district,ask weather report erod district,7,46
335,3245,Asking About Sowing Season For Paddy From Tiruvannamalai District,Weather,en,android-app-v1,asking about sowing season for paddy from tiruvannamalai district,asking about sowing season for paddy from tiruvannamalai district,asking sowing season paddy tiruvannamalai district,ask sow season paddi tiruvannamalai district,9,65
336,2391,asked about vegetable crops that can be grown in november and december,Cultivation,en,unknown,asked about vegetable crops that can be grown in november and december,asked about vegetable crops that can be grown in november and december,asked vegetable crop grown november december,ask veget crop grown novemb decemb,12,70
337,1737,ASKED ABOUT THRIPS MANAGEMENT IN TUBEROSE,General Agriculture,en,android-app-v1,asked about thrips management in tuberose,asked about thrips management in tuberose,asked thrip management tuberose,ask thrip manag tuberos,6,41
338,1494,asked about sucking pest management in blackgram,Pest Management,en,android-app-v2,asked about sucking pest management in blackgram,asked about sucking pest management in blackgram,asked sucking pest management blackgram,ask suck pest manag blackgram,7,48
339,2331,    asking about raingauge fertigation schedule,Fertilizer,en,unknown,asking about raingauge fertigation schedule,asking about raingauge fertigation schedule,asking raingauge fertigation schedule,ask raingaug fertig schedul,5,43
340,1831,Asked About Reclamation Of Hard Soil   ,Soil,en,unknown,asked about reclamation of hard soil,asked about reclamation of hard soil,asked reclamation hard soil,ask reclam hard soil,6,36
341,2988,asking about cow veterinary farm information   ,Crop Disease,en,android-app-v2,asking about cow veterinary farm information,asking about cow veterinary farm information,asking cow veterinary farm information,ask cow veterinari farm inform,6,44
342,2750,Lablab pod borer   ,Pest Management,en,android-app-v1,lablab pod borer,lablab pod borer,lablab pod borer,lablab pod borer,3,16
343,1152,    asking about mango crop details   ,General Agriculture,en,web,asking about mango crop details,asking about mango crop details,asking mango crop detail,ask mango crop detail,5,31
344,2761,Brinjal foliar spray,Fertilizer,en,android-app-v2,brinjal foliar spray,brinjal foliar spray,brinjal foliar spray,brinjal foliar spray,3,20
345,1490,Asking about Greengram sowing season and variety,Crop Information,en,web,asking about greengram sowing season and variety,asking about greengram sowing season and variety,asking greengram sowing season variety,ask greengram sow season varieti,7,48
346,3313,   Asking about Valapady weather report,Weather,en,android-app-v1,asking about valapady weather report,asking about valapady weather report,asking valapady weather report,ask valapadi weather report,5,36
347,1753,"Asked  about Paddy variety ADT 51 duration ,yield information",Cultivation,en,ussd-sms,"asked about paddy variety adt 51 duration ,yield information",asked about paddy variety adt 51 duration yield information,asked paddy variety adt 51 duration yield information,ask paddi varieti adt 51 durat yield inform,9,60
348,1350,ASKED ABOUT MOSAIC VIRUS MANAGEMENT IN TOMATO,Crop Disease,en,android-app-v2,asked about mosaic virus management in tomato,asked about mosaic virus management in tomato,asked mosaic virus management tomato,ask mosaic virus manag tomato,7,45
349,1762,asking about villupuram district today weather Report,Weather,en,unknown,asking about villupuram district today weather report,asking about villupuram district today weather report,asking villupuram district today weather report,ask villupuram district today weather report,7,53
350,1953,   asking about water management in sunflower   ,Irrigation,en,android-app-v1,asking about water management in sunflower,asking about water management in sunflower,asking water management sunflower,ask water manag sunflow,6,42
351,1704,Asked about suitable varieties for cotton,Crop Information,en,android-app-v1,asked about suitable varieties for cotton,asked about suitable varieties for cotton,asked suitable variety cotton,ask suitabl varieti cotton,6,41
352,2886,farmer asked price detail of cotton in villupuram mandi.,General Agriculture,en,android-app-v2,farmer asked price detail of cotton in villupuram mandi.,farmer asked price detail of cotton in villupuram mandi,farmer asked price detail cotton villupuram mandi,farmer ask price detail cotton villupuram mandi,9,56
353,1672,Asking about Namakkal District weather report,Weather,en,android-app-v1,asking about namakkal district weather report,asking about namakkal district weather report,asking namakkal district weather report,ask namakk district weather report,6,45
354,2724,Asking about root rot management in black gram,Crop Disease,en,ussd-sms,asking about root rot management in black gram,asking about root rot management in black gram,asking root rot management black gram,ask root rot manag black gram,8,46
355,2958,ASKED ABOUT GRAIN TYPE OF TKM 13 PADDY VARIETY   ,Crop Information,en,ussd-sms,asked about grain type of tkm 13 paddy variety,asked about grain type of tkm 13 paddy variety,asked grain type tkm 13 paddy variety,ask grain type tkm 13 paddi varieti,9,46
356,1923,   Asked about groundnut varieties   ,Crop Information,en,android-app-v2,asked about groundnut varieties,asked about groundnut varieties,asked groundnut variety,ask groundnut varieti,4,31
357,2961,Asking about TMV 7 sesame seeds availability details,Crop Information,en,ussd-sms,asking about tmv 7 sesame seeds availability details,asking about tmv 7 sesame seeds availability details,asking tmv 7 sesame seed availability detail,ask tmv 7 sesam seed avail detail,8,52
358,2207,asked about weed management for cumbu,Pest Management,en,unknown,asked about weed management for cumbu,asked about weed management for cumbu,asked weed management cumbu,ask weed manag cumbu,6,37
359,2900,Panama Disease in banana,Crop Disease,en,ussd-sms,panama disease in banana,panama disease in banana,panama disease banana,panama diseas banana,4,24
360,2213,   weather report in villupuram district,Weather,en,unknown,weather report in villupuram district,weather report in villupuram district,weather report villupuram district,weather report villupuram district,5,37
361,1725,Asked about Blackgram foliar nutrition spray management,Fertilizer,en,unknown,asked about blackgram foliar nutrition spray management,asked about blackgram foliar nutrition spray management,asked blackgram foliar nutrition spray management,ask blackgram foliar nutrit spray manag,7,55
362,2571,Asked about Azolla seeds availability information   ,Cultivation,en,android-app-v2,asked about azolla seeds availability information,asked about azolla seeds availability information,asked azolla seed availability information,ask azolla seed avail inform,6,49
363,2269,VARIETIES FOR BLACK GRAM,Crop Information,en,android-app-v1,varieties for black gram,varieties for black gram,variety black gram,varieti black gram,4,24
364,2942,asked about micronutrient management in paddy   ,Fertilizer,en,android-app-v1,asked about micronutrient management in paddy,asked about micronutrient management in paddy,asked micronutrient management paddy,ask micronutri manag paddi,6,45
365,1564,Asked about veterinary related information,Crop Disease,en,web,asked about veterinary related information,asked about veterinary related information,asked veterinary related information,ask veterinari relat inform,5,42
366,2289,flower drop in tomato,Fertilizer,en,unknown,flower drop in tomato,flower drop in tomato,flower drop tomato,flower drop tomato,4,21
367,2336,COTTON ROOT ROT MANAGEMENT,Crop Disease,en,android-app-v2,cotton root rot management,cotton root rot management,cotton root rot management,cotton root rot manag,4,26
368,2889,   Panama wilt disease in banana,Crop Disease,en,ussd-sms,panama wilt disease in banana,panama wilt disease in banana,panama wilt disease banana,panama wilt diseas banana,5,29
369,3234,asking about weather detail for Tiruvarur dist,Weather,en,ussd-sms,asking about weather detail for tiruvarur dist,asking about weather detail for tiruvarur dist,asking weather detail tiruvarur dist,ask weather detail tiruvarur dist,7,46
370,1248,yellow muranai mite,Pest Management,en,android-app-v1,yellow muranai mite,yellow muranai mite,yellow muranai mite,yellow muranai mite,3,19
371,2773,BARK  BORER IN MANGO   ,Pest Management,en,android-app-v2,bark borer in mango,bark borer in mango,bark borer mango,bark borer mango,4,19
372,2908,Asked about water management for blackgram crop,Irrigation,en,web,asked about water management for blackgram crop,asked about water management for blackgram crop,asked water management blackgram crop,ask water manag blackgram crop,7,47
373,2144,Chillies sowing season,Fertilizer,en,android-app-v1,chillies sowing season,chillies sowing season,chilli sowing season,chilli sow season,3,22
374,1526,   Coconut leaf blight control,Crop Disease,en,web,coconut leaf blight control,coconut leaf blight control,coconut leaf blight control,coconut leaf blight control,4,27
375,1407,asking about weather report for Thanjavur district,Weather,en,android-app-v1,asking about weather report for thanjavur district,asking about weather report for thanjavur district,asking weather report thanjavur district,ask weather report thanjavur district,7,50
376,2028,"foliar spray in blackgram,   ",Fertilizer,en,android-app-v1,"foliar spray in blackgram,",foliar spray in blackgram,foliar spray blackgram,foliar spray blackgram,4,26
377,2874,Asked about Sucking pest management for Ridge gourd,Pest Management,en,web,asked about sucking pest management for ridge gourd,asked about sucking pest management for ridge gourd,asked sucking pest management ridge gourd,ask suck pest manag ridg gourd,8,51
378,2149,   asking about paddy adt 45 variety details,Crop Information,en,android-app-v1,asking about paddy adt 45 variety details,asking about paddy adt 45 variety details,asking paddy adt 45 variety detail,ask paddi adt 45 varieti detail,7,41
379,3060,Asking about Madathukulam Copra market rate   ,General Agriculture,en,web,asking about madathukulam copra market rate,asking about madathukulam copra market rate,asking madathukulam copra market rate,ask madathukulam copra market rate,6,43
380,2769,ASKING ABOUT ROOT ROT MANAGEMENT IN TUBEROSE   ,Crop Disease,en,web,asking about root rot management in tuberose,asking about root rot management in tuberose,asking root rot management tuberose,ask root rot manag tuberos,7,44
381,2376,Asked about paddy direct sowing in un-puddled land,Irrigation,en,android-app-v2,asked about paddy direct sowing in un-puddled land,asked about paddy direct sowing in un-puddled land,asked paddy direct sowing un-puddled land,ask paddi direct sow un-puddl land,8,50
382,2840,soil test lab contact address,Soil,en,web,soil test lab contact address,soil test lab contact address,soil test lab contact address,soil test lab contact address,5,29
383,2777,Asked about transplanting age for ADT 45 paddy variety,Crop Information,en,web,asked about transplanting age for adt 45 paddy variety,asked about transplanting age for adt 45 paddy variety,asked transplanting age adt 45 paddy variety,ask transplant age adt 45 paddi varieti,9,54
384,3083,paddy algae management,Pest Management,en,unknown,paddy algae management,paddy algae management,paddy algae management,paddi alga manag,3,22
385,2148,Internode Borer In Sugarcane   ,Pest Management,en,android-app-v2,internode borer in sugarcane,internode borer in sugarcane,internode borer sugarcane,internod borer sugarcan,4,28
386,3039,asking about gingelly season and varieties,Crop Information,en,ussd-sms,asking about gingelly season and varieties,asking about gingelly season and varieties,asking gingelly season variety,ask gingelli season varieti,6,42
387,2775,asking about arecanut seedling planting information   ,Cultivation,en,web,asking about arecanut seedling planting information,asking about arecanut seedling planting information,asking arecanut seedling planting information,ask arecanut seedl plant inform,6,51
388,2005,TOP DRESSING FERTILIZER MANAGMENT FOR PADDY,Fertilizer,en,web,top dressing fertilizer managment for paddy,top dressing fertilizer managment for paddy,top dressing fertilizer managment paddy,top dress fertil manag paddi,6,43
389,2545,asked  about stem borer management for paddy,Fertilizer,en,android-app-v2,asked about stem borer management for paddy,asked about stem borer management for paddy,asked stem borer management paddy,ask stem borer manag paddi,7,43
390,1421,Asking about Water management and Total duration of Maize Co 6,Irrigation,en,web,asking about water management and total duration of maize co 6,asking about water management and total duration of maize co 6,asking water management total duration maize co 6,ask water manag total durat maiz co 6,11,62
391,2415,ASKED ABOUT SOIL SAMPLING PROCEDURE AND SOIL TESTING FEES INFORMATION,Soil,en,android-app-v2,asked about soil sampling procedure and soil testing fees information,asked about soil sampling procedure and soil testing fees information,asked soil sampling procedure soil testing fee information,ask soil sampl procedur soil test fee inform,10,69
392,2798,Asking about sowing season & sowing time for sesame,Weather,en,unknown,asking about sowing season & sowing time for sesame,asking about sowing season sowing time for sesame,asking sowing season sowing time sesame,ask sow season sow time sesam,8,51
393,1686,Asking about False smut disease management in paddy,Crop Disease,en,android-app-v1,asking about false smut disease management in paddy,asking about false smut disease management in paddy,asking false smut disease management paddy,ask fals smut diseas manag paddi,8,51
394,3075,weeds control in groundnut,Pest Management,en,android-app-v1,weeds control in groundnut,weeds control in groundnut,weed control groundnut,weed control groundnut,4,26
395,1668,asking  about kangeyam weather report,Weather,en,unknown,asking about kangeyam weather report,asking about kangeyam weather report,asking kangeyam weather report,ask kangeyam weather report,5,36
396,1255,fertilizer management for black geram,Fertilizer,en,unknown,fertilizer management for black geram,fertilizer management for black geram,fertilizer management black geram,fertil manag black geram,5,37
397,2254,   Asking about sowing season & characteristics of groundnut variety kadiri 1812,Crop Information,en,android-app-v2,asking about sowing season & characteristics of groundnut variety kadiri 1812,asking about sowing season characteristics of groundnut variety kadiri 1812,asking sowing season characteristic groundnut variety kadiri 1812,ask sow season characterist groundnut varieti kadiri 1812,10,77
398,2324,Black gram anthracnose control   ,General Agriculture,en,android-app-v2,black gram anthracnose control,black gram anthracnose control,black gram anthracnose control,black gram anthracnos control,4,30
399,2013,asked about sowing season of maize,Weather,en,android-app-v2,asked about sowing season of maize,asked about sowing season of maize,asked sowing season maize,ask sow season maiz,6,34
400,1664,"Asked about PM kisan samman nidhi yojana scheme 12,13 & 14 th installment status information",General Agriculture,en,unknown,"asked about pm kisan samman nidhi yojana scheme 12,13 & 14 th installment status information","asked about pm kisan samman nidhi yojana scheme 12,13 14 th installment status information","asked pm kisan samman nidhi yojana scheme 12,13 14 th installment status information","ask pm kisan samman nidhi yojana scheme 12,13 14 th instal status inform",14,92
401,3215,ASKING ABOUT COCONUT SUITABLE INTERCROPS,Cultivation,en,ussd-sms,asking about coconut suitable intercrops,asking about coconut suitable intercrops,asking coconut suitable intercrops,ask coconut suitabl intercrop,5,40
402,1384,Asking about Water Management for paddy,Irrigation,en,web,asking about water management for paddy,asking about water management for paddy,asking water management paddy,ask water manag paddi,6,39
403,2623,ASKING ABOUT MICROHIZAE (VAM) BIO FERTILIZER APPLICATION   ,Pest Management,en,unknown,asking about microhizae (vam) bio fertilizer application,asking about microhizae vam bio fertilizer application,asking microhizae vam bio fertilizer application,ask microhiza vam bio fertil applic,7,56
404,3108,   Asked About Disease Management For Paddy,Crop Disease,en,web,asked about disease management for paddy,asked about disease management for paddy,asked disease management paddy,ask diseas manag paddi,6,40
405,3092,asking about green gram season and varieties,Crop Information,en,unknown,asking about green gram season and varieties,asking about green gram season and varieties,asking green gram season variety,ask green gram season varieti,7,44
406,2279,Asking about Nematode control and Root growth increase in Tomato   ,Pest Management,en,ussd-sms,asking about nematode control and root growth increase in tomato,asking about nematode control and root growth increase in tomato,asking nematode control root growth increase tomato,ask nematod control root growth increas tomato,10,64
407,1912,Asking about Rodent control in paddy and Contact number of JDA,Pest Management,en,ussd-sms,asking about rodent control in paddy and contact number of jda,asking about rodent control in paddy and contact number of jda,asking rodent control paddy contact number jda,ask rodent control paddi contact number jda,11,62
408,2190,ASKED ABOUT BLACKGRAM PLANTING SEASON INFORMATION,Weather,en,android-app-v1,asked about blackgram planting season information,asked about blackgram planting season information,asked blackgram planting season information,ask blackgram plant season inform,6,49
409,2865,   Asking about Lime/orange tree borer management   ,Pest Management,en,web,asking about lime/orange tree borer management,asking about lime/orange tree borer management,asking lime/orange tree borer management,ask lime/orang tree borer manag,6,46
410,1567,Asking about suitable groundnut varieties in Margazhipattam,Crop Information,en,ussd-sms,asking about suitable groundnut varieties in margazhipattam,asking about suitable groundnut varieties in margazhipattam,asking suitable groundnut variety margazhipattam,ask suitabl groundnut varieti margazhipattam,7,59
411,3004,Asking about Panama wilt disease management in banana,Crop Disease,en,ussd-sms,asking about panama wilt disease management in banana,asking about panama wilt disease management in banana,asking panama wilt disease management banana,ask panama wilt diseas manag banana,8,53
412,3283,Asking about kisan credit card details,General Agriculture,en,ussd-sms,asking about kisan credit card details,asking about kisan credit card details,asking kisan credit card detail,ask kisan credit card detail,6,38
413,1852,ASKING ABOUT GROUNDNUT VARIETIES INFORMATION,Crop Information,en,unknown,asking about groundnut varieties information,asking about groundnut varieties information,asking groundnut variety information,ask groundnut varieti inform,5,44
414,1233,   Asking about bio fertilizer application paddy,Fertilizer,en,unknown,asking about bio fertilizer application paddy,asking about bio fertilizer application paddy,asking bio fertilizer application paddy,ask bio fertil applic paddi,6,45
415,2681,   paddy White backed plant hopper management,General Agriculture,en,unknown,paddy white backed plant hopper management,paddy white backed plant hopper management,paddy white backed plant hopper management,paddi white back plant hopper manag,6,42
416,3314,asked about groundnut foliar application (groundnut rich),Fertilizer,en,unknown,asked about groundnut foliar application (groundnut rich),asked about groundnut foliar application groundnut rich,asked groundnut foliar application groundnut rich,ask groundnut foliar applic groundnut rich,7,57
417,3213,Asking about black gram variety VBN 8 sowing season,Crop Information,en,unknown,asking about black gram variety vbn 8 sowing season,asking about black gram variety vbn 8 sowing season,asking black gram variety vbn 8 sowing season,ask black gram varieti vbn 8 sow season,9,51
418,1999,Asking about Crop Insurance details (application status),Cultivation,en,web,asking about crop insurance details (application status),asking about crop insurance details application status,asking crop insurance detail application status,ask crop insur detail applic status,7,56
419,2943,asking about foliar spray for tuberose   ,Fertilizer,en,android-app-v2,asking about foliar spray for tuberose,asking about foliar spray for tuberose,asking foliar spray tuberose,ask foliar spray tuberos,6,38
420,2333,   ASKING ABOUT WATER MANAGEMENT IN COCONUT   ,Irrigation,en,android-app-v2,asking about water management in coconut,asking about water management in coconut,asking water management coconut,ask water manag coconut,6,40
421,1706,Asking about Intercropping with Brinjal plant   ,Cultivation,en,web,asking about intercropping with brinjal plant,asking about intercropping with brinjal plant,asking intercropping brinjal plant,ask intercrop brinjal plant,6,45
422,1079,pod borer in green gram,General Agriculture,en,ussd-sms,pod borer in green gram,pod borer in green gram,pod borer green gram,pod borer green gram,5,23
423,2491,   Asking about weed management in sunflower,Pest Management,en,android-app-v1,asking about weed management in sunflower,asking about weed management in sunflower,asking weed management sunflower,ask weed manag sunflow,6,41
424,3205,weather forecast for villupuram,Weather,en,unknown,weather forecast for villupuram,weather forecast for villupuram,weather forecast villupuram,weather forecast villupuram,4,31
425,3293,Asked About Fertilizer Application For Pepper Crop,Fertilizer,en,android-app-v2,asked about fertilizer application for pepper crop,asked about fertilizer application for pepper crop,asked fertilizer application pepper crop,ask fertil applic pepper crop,7,50
426,1325,Asked about Brinjal flower blight manageemnt,Crop Disease,en,android-app-v1,asked about brinjal flower blight manageemnt,asked about brinjal flower blight manageemnt,asked brinjal flower blight manageemnt,ask brinjal flower blight manageemnt,6,44
427,3052,Asking about suitable cotton varieties for Tirunelveli district,Crop Information,en,ussd-sms,asking about suitable cotton varieties for tirunelveli district,asking about suitable cotton varieties for tirunelveli district,asking suitable cotton variety tirunelveli district,ask suitabl cotton varieti tirunelv district,8,63
428,1957,   Asking about Market price of Sesame   ,General Agriculture,en,android-app-v1,asking about market price of sesame,asking about market price of sesame,asking market price sesame,ask market price sesam,6,35
429,2594,Asking about leaf curl in chilli,General Agriculture,en,ussd-sms,asking about leaf curl in chilli,asking about leaf curl in chilli,asking leaf curl chilli,ask leaf curl chilli,6,32
430,2679,Banana Fusarium wilt,Crop Disease,en,android-app-v2,banana fusarium wilt,banana fusarium wilt,banana fusarium wilt,banana fusarium wilt,3,20
431,1761,ASKED ABOUT PADDY BASAL FERTILIZERS,Fertilizer,en,android-app-v2,asked about paddy basal fertilizers,asked about paddy basal fertilizers,asked paddy basal fertilizer,ask paddi basal fertil,5,35
432,3309,ASKING  ABOUT GOAL WEEDICIDE CAN BE SPRAY FOR TAPIOCA,Pest Management,en,android-app-v1,asking about goal weedicide can be spray for tapioca,asking about goal weedicide can be spray for tapioca,asking goal weedicide spray tapioca,ask goal weedicid spray tapioca,9,52
433,2469,   asking about azolla seeds availability information (coimbatore)   ,General Agriculture,en,android-app-v1,asking about azolla seeds availability information (coimbatore),asking about azolla seeds availability information coimbatore,asking azolla seed availability information coimbatore,ask azolla seed avail inform coimbator,7,63
434,2242,Asking about Root rot management in groundnut,Crop Disease,en,android-app-v1,asking about root rot management in groundnut,asking about root rot management in groundnut,asking root rot management groundnut,ask root rot manag groundnut,7,45
435,1267,Asked about mango foliar spray   ,Fertilizer,en,ussd-sms,asked about mango foliar spray,asked about mango foliar spray,asked mango foliar spray,ask mango foliar spray,5,30
436,3179,Asking about Thoothukudi weather Report,Weather,en,android-app-v1,asking about thoothukudi weather report,asking about thoothukudi weather report,asking thoothukudi weather report,ask thoothukudi weather report,5,39
437,2072,market rate for paddy,General Agriculture,en,ussd-sms,market rate for paddy,market rate for paddy,market rate paddy,market rate paddi,4,21
438,1940,Asked about navarai season paddy varieties,Crop Information,en,android-app-v1,asked about navarai season paddy varieties,asked about navarai season paddy varieties,asked navarai season paddy variety,ask navarai season paddi varieti,6,42
439,2361,   Villupuram weather report details,Weather,en,web,villupuram weather report details,villupuram weather report details,villupuram weather report detail,villupuram weather report detail,4,33
440,1877,    paddy pest control measure,Pest Management,en,android-app-v2,paddy pest control measure,paddy pest control measure,paddy pest control measure,paddi pest control measur,4,26
441,2786,   Asked about NRCB contact number   ,General Agriculture,en,ussd-sms,asked about nrcb contact number,asked about nrcb contact number,asked nrcb contact number,ask nrcb contact number,5,31
442,2409,weather report for vellore   ,Weather,en,android-app-v2,weather report for vellore,weather report for vellore,weather report vellore,weather report vellor,4,26
443,2179,   Asked About Yellow Sigatoka Disease Management For Banana,Crop Disease,en,web,asked about yellow sigatoka disease management for banana,asked about yellow sigatoka disease management for banana,asked yellow sigatoka disease management banana,ask yellow sigatoka diseas manag banana,8,57
444,1845,Asked about root rot management in jasmine,Crop Disease,en,ussd-sms,asked about root rot management in jasmine,asked about root rot management in jasmine,asked root rot management jasmine,ask root rot manag jasmin,7,42
445,2374,ASKED ABOUT WEED MANAGEMENT FOR SOYBEAN,Pest Management,en,web,asked about weed management for soybean,asked about weed management for soybean,asked weed management soybean,ask weed manag soybean,6,39
446,2703,contact number of Department of Medicinal and Aromatic Crops   ,General Agriculture,en,android-app-v1,contact number of department of medicinal and aromatic crops,contact number of department of medicinal and aromatic crops,contact number department medicinal aromatic crop,contact number depart medicin aromat crop,9,60
447,1579,fruitset in cotton,Fertilizer,en,ussd-sms,fruitset in cotton,fruitset in cotton,fruitset cotton,fruitset cotton,3,18
448,3046,Asking abut Root rot management for Casurina,Crop Disease,en,web,asking abut root rot management for casurina,asking abut root rot management for casurina,asking abut root rot management casurina,ask abut root rot manag casurina,7,44
449,1481,Asking about Gall midge in paddy,General Agriculture,en,unknown,asking about gall midge in paddy,asking about gall midge in paddy,asking gall midge paddy,ask gall midg paddi,6,32
450,1338,weather report details,General Agriculture,en,web,weather report details,weather report details,weather report detail,weather report detail,3,22
451,2187,Asked about Acid lime Hybrids & saplings availability place information,Cultivation,en,android-app-v1,asked about acid lime hybrids & saplings availability place information,asked about acid lime hybrids saplings availability place information,asked acid lime hybrid sapling availability place information,ask acid lime hybrid sapl avail place inform,9,71
452,2084,asked about germination days for bitter gourd (in mulching sheet),Cultivation,en,ussd-sms,asked about germination days for bitter gourd (in mulching sheet),asked about germination days for bitter gourd in mulching sheet,asked germination day bitter gourd mulching sheet,ask germin day bitter gourd mulch sheet,10,65
453,2722,Asked about Top fertilizer management for Sesame,Fertilizer,en,unknown,asked about top fertilizer management for sesame,asked about top fertilizer management for sesame,asked top fertilizer management sesame,ask top fertil manag sesam,7,48
454,1631,Asked about water management in sesame   ,Irrigation,en,web,asked about water management in sesame,asked about water management in sesame,asked water management sesame,ask water manag sesam,6,38
455,3308,   Asking about black gram sowing season for thiruvannamalai district,Weather,en,android-app-v2,asking about black gram sowing season for thiruvannamalai district,asking about black gram sowing season for thiruvannamalai district,asking black gram sowing season thiruvannamalai district,ask black gram sow season thiruvannamalai district,9,66
456,2636,bacterial leaf blight management,Crop Disease,en,ussd-sms,bacterial leaf blight management,bacterial leaf blight management,bacterial leaf blight management,bacteri leaf blight manag,4,32
457,2626,   ASKED ABOUT FRUIT DROP MANAGEMENT IN GUAVA,Fertilizer,en,android-app-v1,asked about fruit drop management in guava,asked about fruit drop management in guava,asked fruit drop management guava,ask fruit drop manag guava,7,42
458,2192,Asking about Thanjore wilt control management in coconut   ,Crop Disease,en,android-app-v1,asking about thanjore wilt control management in coconut,asking about thanjore wilt control management in coconut,asking thanjore wilt control management coconut,ask thanjor wilt control manag coconut,8,56
459,3026,asking about sowing season for vegetable crops in may months,Cultivation,en,ussd-sms,asking about sowing season for vegetable crops in may months,asking about sowing season for vegetable crops in may months,asking sowing season vegetable crop may month,ask sow season veget crop may month,10,60
460,1085,salem veterinary department   ,Crop Disease,en,ussd-sms,salem veterinary department,salem veterinary department,salem veterinary department,salem veterinari depart,3,27
461,2116,Fruit Rot In Tomato,Crop Disease,en,unknown,fruit rot in tomato,fruit rot in tomato,fruit rot tomato,fruit rot tomato,4,19
462,1019,ASKED ABOUT FOLIAR SPRAY IN MANGO,Fertilizer,en,unknown,asked about foliar spray in mango,asked about foliar spray in mango,asked foliar spray mango,ask foliar spray mango,6,33
463,1965,Asking about Villupuram district rainfall information,Weather,en,ussd-sms,asking about villupuram district rainfall information,asking about villupuram district rainfall information,asking villupuram district rainfall information,ask villupuram district rainfal inform,6,53
464,1815,Asked about Nirmal 7 black gram crop duration and seed rate,Crop Information,en,web,asked about nirmal 7 black gram crop duration and seed rate,asked about nirmal 7 black gram crop duration and seed rate,asked nirmal 7 black gram crop duration seed rate,ask nirmal 7 black gram crop durat seed rate,11,59
465,3062,   Asking about private paddy variety duration information,Cultivation,en,ussd-sms,asking about private paddy variety duration information,asking about private paddy variety duration information,asking private paddy variety duration information,ask privat paddi varieti durat inform,7,55
466,1593,   Sheath Rot in paddy,General Agriculture,en,ussd-sms,sheath rot in paddy,sheath rot in paddy,sheath rot paddy,sheath rot paddi,4,19
467,1500,    Asking about Preparation method of Jeevamirtham   ,General Agriculture,en,android-app-v1,asking about preparation method of jeevamirtham,asking about preparation method of jeevamirtham,asking preparation method jeevamirtham,ask prepar method jeevamirtham,6,47
468,3081,root knot nematode in brinjal,Pest Management,en,android-app-v1,root knot nematode in brinjal,root knot nematode in brinjal,root knot nematode brinjal,root knot nematod brinjal,5,29
469,1150,Phosphorus Deficiency in sugarcane,Fertilizer,en,android-app-v1,phosphorus deficiency in sugarcane,phosphorus deficiency in sugarcane,phosphorus deficiency sugarcane,phosphorus defici sugarcan,4,34
470,1716,Asking about preventive spray for brinjal to reduce pest damage   ,Pest Management,en,android-app-v1,asking about preventive spray for brinjal to reduce pest damage,asking about preventive spray for brinjal to reduce pest damage,asking preventive spray brinjal reduce pest damage,ask prevent spray brinjal reduc pest damag,10,63
471,3222,asking about paddy CORH 4 seeds availability,Cultivation,en,ussd-sms,asking about paddy corh 4 seeds availability,asking about paddy corh 4 seeds availability,asking paddy corh 4 seed availability,ask paddi corh 4 seed avail,7,44
472,2621,    Asking about Tirunelveli weather Report,Weather,en,android-app-v1,asking about tirunelveli weather report,asking about tirunelveli weather report,asking tirunelveli weather report,ask tirunelv weather report,5,39
473,1491,   gingelly weed management,Pest Management,en,ussd-sms,gingelly weed management,gingelly weed management,gingelly weed management,gingelli weed manag,3,24
474,1857,Asking about Suitable groundnut varieties for cuddalore district,Crop Information,en,android-app-v2,asking about suitable groundnut varieties for cuddalore district,asking about suitable groundnut varieties for cuddalore district,asking suitable groundnut variety cuddalore district,ask suitabl groundnut varieti cuddalor district,8,64
475,2855,onion sowing season   ,Cultivation,en,android-app-v1,onion sowing season,onion sowing season,onion sowing season,onion sow season,3,19
476,2558,cuddalore veterinary training center,Crop Disease,en,android-app-v2,cuddalore veterinary training center,cuddalore veterinary training center,cuddalore veterinary training center,cuddalor veterinari train center,4,36
477,1455,ASKING ABOUT SESAME TMV 7 VARIETIES INFORMATION   ,Crop Information,en,android-app-v1,asking about sesame tmv 7 varieties information,asking about sesame tmv 7 varieties information,asking sesame tmv 7 variety information,ask sesam tmv 7 varieti inform,7,47
478,2819,Asked about Cost of cultivation for banana   ,Cultivation,en,unknown,asked about cost of cultivation for banana,asked about cost of cultivation for banana,asked cost cultivation banana,ask cost cultiv banana,7,42
479,3058,asking about tree seedlings availability,Cultivation,en,web,asking about tree seedlings availability,asking about tree seedlings availability,asking tree seedling availability,ask tree seedl avail,5,40
480,1147,LEAF ROLLER IN PADDY,General Agriculture,en,android-app-v1,leaf roller in paddy,leaf roller in paddy,leaf roller paddy,leaf roller paddi,4,20
481,1711,   basal fertilizer mangement for paddy,Fertilizer,en,unknown,basal fertilizer mangement for paddy,basal fertilizer mangement for paddy,basal fertilizer mangement paddy,basal fertil mangement paddi,5,36
482,2211,Coconut Stem Bleeding Disease,Crop Disease,en,android-app-v2,coconut stem bleeding disease,coconut stem bleeding disease,coconut stem bleeding disease,coconut stem bleed diseas,4,29
483,1239,   asking about paddy blast management,Cultivation,en,unknown,asking about paddy blast management,asking about paddy blast management,asking paddy blast management,ask paddi blast manag,5,35
484,2033,"Asked about Paddy ADT 54 variety sowing season, grain type, total duration, yield and special characteristics",Crop Information,en,android-app-v1,"asked about paddy adt 54 variety sowing season, grain type, total duration, yield and special characteristics",asked about paddy adt 54 variety sowing season grain type total duration yield and special characteristics,asked paddy adt 54 variety sowing season grain type total duration yield special characteristic,ask paddi adt 54 varieti sow season grain type total durat yield special characterist,16,109
485,1030,weeds control in radish,Cultivation,en,web,weeds control in radish,weeds control in radish,weed control radish,weed control radish,4,23
486,1467,Leaf blight in Paddy,Crop Disease,en,web,leaf blight in paddy,leaf blight in paddy,leaf blight paddy,leaf blight paddi,4,20
487,1657,Asked about grain discoloration in paddy,Crop Information,en,android-app-v1,asked about grain discoloration in paddy,asked about grain discoloration in paddy,asked grain discoloration paddy,ask grain discolor paddi,6,40
488,1353,Brinjal shoot borer,Pest Management,en,ussd-sms,brinjal shoot borer,brinjal shoot borer,brinjal shoot borer,brinjal shoot borer,3,19
489,1344,Asking about Thiruvannamalai district rainfall information,Weather,en,android-app-v1,asking about thiruvannamalai district rainfall information,asking about thiruvannamalai district rainfall information,asking thiruvannamalai district rainfall information,ask thiruvannamalai district rainfal inform,6,58
490,1613,Asking about Rhizopus rot control in jackfruit,Pest Management,en,web,asking about rhizopus rot control in jackfruit,asking about rhizopus rot control in jackfruit,asking rhizopus rot control jackfruit,ask rhizopus rot control jackfruit,7,46
491,2338,Asking about suitable groundnut varieties,Cultivation,en,android-app-v1,asking about suitable groundnut varieties,asking about suitable groundnut varieties,asking suitable groundnut variety,ask suitabl groundnut varieti,5,41
492,1438,   Asked About Improved White Ponni Paddy Variety Related Information   ,Crop Information,en,web,asked about improved white ponni paddy variety related information,asked about improved white ponni paddy variety related information,asked improved white ponni paddy variety related information,ask improv white ponni paddi varieti relat inform,9,66
493,3124,ASKING ABOUT PADDY NAVARAI SEASON OF PLANTING AND VARIETIES FOR THANJAVUR/NAGAPATTINAM/TIRUVARUR   ,Weather,en,android-app-v2,asking about paddy navarai season of planting and varieties for thanjavur/nagapattinam/tiruvarur,asking about paddy navarai season of planting and varieties for thanjavur/nagapattinam/tiruvarur,asking paddy navarai season planting variety thanjavur/nagapattinam/tiruvarur,ask paddi navarai season plant varieti thanjavur/nagapattinam/tiruvarur,11,96
494,1472,   Asking about Total duration and special character of ADT 37,Crop Information,en,android-app-v2,asking about total duration and special character of adt 37,asking about total duration and special character of adt 37,asking total duration special character adt 37,ask total durat special charact adt 37,10,59
495,1488,weather report for salem am district,Weather,en,android-app-v2,weather report for salem am district,weather report for salem am district,weather report salem district,weather report salem district,6,36
496,2853,   Asked about Suitable sowing season & varieties for Paddy (Sornavari),Weather,en,web,asked about suitable sowing season & varieties for paddy (sornavari),asked about suitable sowing season varieties for paddy sornavari,asked suitable sowing season variety paddy sornavari,ask suitabl sow season varieti paddi sornavari,9,68
497,1986,Asked about suitable paddy varieties for kuruvai season   ,Crop Information,en,web,asked about suitable paddy varieties for kuruvai season,asked about suitable paddy varieties for kuruvai season,asked suitable paddy variety kuruvai season,ask suitabl paddi varieti kuruvai season,8,55
498,3157,Department of Post Harvest Technology Centre contact number,Harvesting,en,android-app-v1,department of post harvest technology centre contact number,department of post harvest technology centre contact number,department post harvest technology centre contact number,depart post harvest technolog centr contact number,8,59
499,2354,   sheath rot control in paddy,General Agriculture,en,android-app-v2,sheath rot control in paddy,sheath rot control in paddy,sheath rot control paddy,sheath rot control paddi,5,27
500,3260,   sugarcane cultivation practices details,Cultivation,en,android-app-v1,sugarcane cultivation practices details,sugarcane cultivation practices details,sugarcane cultivation practice detail,sugarcan cultiv practic detail,4,39
501,3080,rhinoceros  beetle in coconut   ,General Agriculture,en,web,rhinoceros beetle in coconut,rhinoceros beetle in coconut,rhinoceros beetle coconut,rhinocero beetl coconut,4,28
502,1100,Paddy Navarai Varieties In Villupuram,Crop Information,en,unknown,paddy navarai varieties in villupuram,paddy navarai varieties in villupuram,paddy navarai variety villupuram,paddi navarai varieti villupuram,5,37
503,2423,Asking  about French bean sowing season,Cultivation,en,web,asking about french bean sowing season,asking about french bean sowing season,asking french bean sowing season,ask french bean sow season,6,38
504,3129,Asked about Paddy variety TPS 5 duration & yield special features information,Crop Information,en,web,asked about paddy variety tps 5 duration & yield special features information,asked about paddy variety tps 5 duration yield special features information,asked paddy variety tps 5 duration yield special feature information,ask paddi varieti tps 5 durat yield special featur inform,11,77
505,2870,   Asked about sowing season & duration for blackgram variety MDU1,Crop Information,en,unknown,asked about sowing season & duration for blackgram variety mdu1,asked about sowing season duration for blackgram variety mdu1,asked sowing season duration blackgram variety mdu1,ask sow season durat blackgram varieti mdu1,9,63
506,2924,Asked About Adt 5 Blackgram Variety Sowing Season,Crop Information,en,ussd-sms,asked about adt 5 blackgram variety sowing season,asked about adt 5 blackgram variety sowing season,asked adt 5 blackgram variety sowing season,ask adt 5 blackgram varieti sow season,8,49
507,2156,   Top dressing for Brinjal,Fertilizer,en,android-app-v1,top dressing for brinjal,top dressing for brinjal,top dressing brinjal,top dress brinjal,4,24
508,2172,Mango foliar application,Fertilizer,en,android-app-v2,mango foliar application,mango foliar application,mango foliar application,mango foliar applic,3,24
509,2542,Asked about Whitefly and Yellow mosaic disease management for Tapioca,Crop Disease,en,android-app-v1,asked about whitefly and yellow mosaic disease management for tapioca,asked about whitefly and yellow mosaic disease management for tapioca,asked whitefly yellow mosaic disease management tapioca,ask whitefli yellow mosaic diseas manag tapioca,10,69
510,3278,Weather Report For Tiruvannamalai,Weather,en,ussd-sms,weather report for tiruvannamalai,weather report for tiruvannamalai,weather report tiruvannamalai,weather report tiruvannamalai,4,33
511,1444,Kancheepuram Weather Report   ,Weather,en,unknown,kancheepuram weather report,kancheepuram weather report,kancheepuram weather report,kancheepuram weather report,3,27
512,2282,   Asked about Banana sales related details   ,Fertilizer,en,android-app-v1,asked about banana sales related details,asked about banana sales related details,asked banana sale related detail,ask banana sale relat detail,6,40
513,1058,Asking  about sesame sowing season and varieties for Villupuram   ,Weather,en,ussd-sms,asking about sesame sowing season and varieties for villupuram,asking about sesame sowing season and varieties for villupuram,asking sesame sowing season variety villupuram,ask sesam sow season varieti villupuram,9,62
514,2699,ASKED ABOUT NAVARAI SEASON VARIETIES GRAIN TYPE,Cultivation,en,android-app-v1,asked about navarai season varieties grain type,asked about navarai season varieties grain type,asked navarai season variety grain type,ask navarai season varieti grain type,7,47
515,2475,Asking about Ragi sowing season and variety,Crop Information,en,ussd-sms,asking about ragi sowing season and variety,asking about ragi sowing season and variety,asking ragi sowing season variety,ask ragi sow season varieti,7,43
516,1596,ASKED  ABOUT CANKER IN CITRUS,General Agriculture,en,android-app-v1,asked about canker in citrus,asked about canker in citrus,asked canker citrus,ask canker citrus,5,28
517,2245,    asking about Bunchy top virus management in Banana,Crop Disease,en,android-app-v1,asking about bunchy top virus management in banana,asking about bunchy top virus management in banana,asking bunchy top virus management banana,ask bunchi top virus manag banana,8,50
518,1286,ASKED ABOUT LEAF BLIGHT MANAGEMENT IN ONION,Crop Disease,en,ussd-sms,asked about leaf blight management in onion,asked about leaf blight management in onion,asked leaf blight management onion,ask leaf blight manag onion,7,43
519,1795,   asking about weather detail for tirunelveli dist,Weather,en,unknown,asking about weather detail for tirunelveli dist,asking about weather detail for tirunelveli dist,asking weather detail tirunelveli dist,ask weather detail tirunelv dist,7,48
520,2734,Asked about crops sown in alkaline soil,Soil,en,web,asked about crops sown in alkaline soil,asked about crops sown in alkaline soil,asked crop sown alkaline soil,ask crop sown alkalin soil,7,39
521,2898,Asking about coriander sowing season   ,Cultivation,en,android-app-v1,asking about coriander sowing season,asking about coriander sowing season,asking coriander sowing season,ask coriand sow season,5,36
522,3141,Farmer asked price detail of Maize in Karumanturai mandi.   ,General Agriculture,en,android-app-v2,farmer asked price detail of maize in karumanturai mandi.,farmer asked price detail of maize in karumanturai mandi,farmer asked price detail maize karumanturai mandi,farmer ask price detail maiz karumanturai mandi,9,57
523,1899,   Asking about Guava mealy bug management,General Agriculture,en,web,asking about guava mealy bug management,asking about guava mealy bug management,asking guava mealy bug management,ask guava meali bug manag,6,39
524,3227,asking about asking about groundnut variety (g 7) description for research purpose,Cultivation,en,android-app-v1,asking about asking about groundnut variety (g 7) description for research purpose,asking about asking about groundnut variety g 7 description for research purpose,asking asking groundnut variety g 7 description research purpose,ask ask groundnut varieti g 7 descript research purpos,12,82
525,1216,Asked about Rice research station contact number,Fertilizer,en,unknown,asked about rice research station contact number,asked about rice research station contact number,asked rice research station contact number,ask rice research station contact number,7,48
526,3118,   Paddy leaf blight   ,Crop Disease,en,ussd-sms,paddy leaf blight,paddy leaf blight,paddy leaf blight,paddi leaf blight,3,17
527,2999,FARMER ASKED PRICE DETAIL OF KODO MILLET(VARAGU) IN VIRUDHACHALAM MANDI.,General Agriculture,en,ussd-sms,farmer asked price detail of kodo millet(varagu) in virudhachalam mandi.,farmer asked price detail of kodo millet varagu in virudhachalam mandi,farmer asked price detail kodo millet varagu virudhachalam mandi,farmer ask price detail kodo millet varagu virudhachalam mandi,11,72
528,2984,Asked about Cotton foliar nutrition management   ,Fertilizer,en,android-app-v1,asked about cotton foliar nutrition management,asked about cotton foliar nutrition management,asked cotton foliar nutrition management,ask cotton foliar nutrit manag,6,46
529,2106,Brinjal in blight,Crop Disease,en,android-app-v2,brinjal in blight,brinjal in blight,brinjal blight,brinjal blight,3,17
530,1495,asked about application of seeds per pit   ,Cultivation,en,unknown,asked about application of seeds per pit,asked about application of seeds per pit,asked application seed per pit,ask applic seed per pit,7,40
531,2002,asking about vermicompost availability information,General Agriculture,en,ussd-sms,asking about vermicompost availability information,asking about vermicompost availability information,asking vermicompost availability information,ask vermicompost avail inform,5,50
532,3246,Asked about Ribbed gourd CO 1 variety Fruit size height information,Cultivation,en,ussd-sms,asked about ribbed gourd co 1 variety fruit size height information,asked about ribbed gourd co 1 variety fruit size height information,asked ribbed gourd co 1 variety fruit size height information,ask rib gourd co 1 varieti fruit size height inform,11,67
533,2368,   ASKING ABOUT TOP FERTILIZER MANAGEMENT IN COTTON,Fertilizer,en,ussd-sms,asking about top fertilizer management in cotton,asking about top fertilizer management in cotton,asking top fertilizer management cotton,ask top fertil manag cotton,7,48
534,2580,"black gram season , paddy pest , drip irrigation, agri enginnering department no.",Pest Management,en,ussd-sms,"black gram season , paddy pest , drip irrigation, agri enginnering department no.",black gram season paddy pest drip irrigation agri enginnering department no,black gram season paddy pest drip irrigation agri enginnering department no,black gram season paddi pest drip irrig agri enginn depart no,11,81
535,1162,asking about Brinjal varieties,Cultivation,en,web,asking about brinjal varieties,asking about brinjal varieties,asking brinjal variety,ask brinjal varieti,4,30
536,1619,   Suitable paddy varieties for Tiruvannamalai,Crop Information,en,android-app-v1,suitable paddy varieties for tiruvannamalai,suitable paddy varieties for tiruvannamalai,suitable paddy variety tiruvannamalai,suitabl paddi varieti tiruvannamalai,5,43
537,2363,   Amla seedlings availability information,Cultivation,en,web,amla seedlings availability information,amla seedlings availability information,amla seedling availability information,amla seedl avail inform,4,39
538,1277,Asking about mealy bug & leaf blight disease management in tuberos flower,Crop Disease,en,android-app-v2,asking about mealy bug & leaf blight disease management in tuberos flower,asking about mealy bug leaf blight disease management in tuberos flower,asking mealy bug leaf blight disease management tuberos flower,ask meali bug leaf blight diseas manag tubero flower,11,73
539,1377,Asking about Beans pod borer management,Pest Management,en,ussd-sms,asking about beans pod borer management,asking about beans pod borer management,asking bean pod borer management,ask bean pod borer manag,6,39
540,3119,asked about sugarcane sowing season information,Weather,en,ussd-sms,asked about sugarcane sowing season information,asked about sugarcane sowing season information,asked sugarcane sowing season information,ask sugarcan sow season inform,6,47
541,1791,Asking about Azolla seed availability and cultivation information   ,General Agriculture,en,android-app-v1,asking about azolla seed availability and cultivation information,asking about azolla seed availability and cultivation information,asking azolla seed availability cultivation information,ask azolla seed avail cultiv inform,8,65
542,3113,   Asked About Prevention Of Diseases In Watermelon Crop,Crop Disease,en,unknown,asked about prevention of diseases in watermelon crop,asked about prevention of diseases in watermelon crop,asked prevention disease watermelon crop,ask prevent diseas watermelon crop,8,53
543,1130,ASKING ABOUT BORON DEFICIENCY MANAGEMENT FOR JASMINE PLANT (MN MIXTURE CAN BE APPLIED IN SOIL APPLICATION )   ,Fertilizer,en,android-app-v1,asking about boron deficiency management for jasmine plant (mn mixture can be applied in soil application ),asking about boron deficiency management for jasmine plant mn mixture can be applied in soil application,asking boron deficiency management jasmine plant mn mixture applied soil application,ask boron defici manag jasmin plant mn mixtur appli soil applic,16,107
544,3153,ASKING ABOUT COW DISEASE REPORTING INFORMATION,Crop Disease,en,web,asking about cow disease reporting information,asking about cow disease reporting information,asking cow disease reporting information,ask cow diseas report inform,6,46
545,1102,Asking About Namakkal Weather Report   ,Weather,en,android-app-v2,asking about namakkal weather report,asking about namakkal weather report,asking namakkal weather report,ask namakk weather report,5,36
546,1556,asking about root rot management in sesame,Irrigation,en,web,asking about root rot management in sesame,asking about root rot management in sesame,asking root rot management sesame,ask root rot manag sesam,7,42
547,3017,Asked about Pest and Disease diagnosis in Coconut (stem bleeding reason )   ,Crop Disease,en,android-app-v2,asked about pest and disease diagnosis in coconut (stem bleeding reason ),asked about pest and disease diagnosis in coconut stem bleeding reason,asked pest disease diagnosis coconut stem bleeding reason,ask pest diseas diagnosi coconut stem bleed reason,11,73
548,1403,Asked About Sesame Duration Information   ,Crop Information,en,android-app-v2,asked about sesame duration information,asked about sesame duration information,asked sesame duration information,ask sesam durat inform,5,39
549,3299,Asking about ethrel uses in bitter gourd,Fertilizer,en,ussd-sms,asking about ethrel uses in bitter gourd,asking about ethrel uses in bitter gourd,asking ethrel us bitter gourd,ask ethrel us bitter gourd,7,40
550,2668,ASKED ABOUT CROPS SUITABLE FOR CHITHIRAI PATTAM,Weather,en,unknown,asked about crops suitable for chithirai pattam,asked about crops suitable for chithirai pattam,asked crop suitable chithirai pattam,ask crop suitabl chithirai pattam,7,47
551,2216,Asked about azospirrillum + phosphobacteria bio fertilizer information,Fertilizer,en,web,asked about azospirrillum + phosphobacteria bio fertilizer information,asked about azospirrillum phosphobacteria bio fertilizer information,asked azospirrillum phosphobacteria bio fertilizer information,ask azospirrillum phosphobacteria bio fertil inform,7,70
552,1592,   Asking about Sesame irrigation management   ,Cultivation,en,unknown,asking about sesame irrigation management,asking about sesame irrigation management,asking sesame irrigation management,ask sesam irrig manag,5,41
553,1535,CASTOR TOP DRESSING FERTILIZER MANAGEMENT,Fertilizer,en,unknown,castor top dressing fertilizer management,castor top dressing fertilizer management,castor top dressing fertilizer management,castor top dress fertil manag,5,41
554,2839,Asked about coconut fertilizer dosage & application method information,Cultivation,en,android-app-v2,asked about coconut fertilizer dosage & application method information,asked about coconut fertilizer dosage application method information,asked coconut fertilizer dosage application method information,ask coconut fertil dosag applic method inform,8,70
555,2944,Cotton high yielding variety,General Agriculture,en,android-app-v1,cotton high yielding variety,cotton high yielding variety,cotton high yielding variety,cotton high yield varieti,4,28
556,1319,asking about Trichy today weather Report,Weather,en,ussd-sms,asking about trichy today weather report,asking about trichy today weather report,asking trichy today weather report,ask trichi today weather report,6,40
557,2597,asked about sucking pest management in black gram,Pest Management,en,android-app-v1,asked about sucking pest management in black gram,asked about sucking pest management in black gram,asked sucking pest management black gram,ask suck pest manag black gram,8,49
558,3037,Asked About Veterinary Information,Crop Disease,en,web,asked about veterinary information,asked about veterinary information,asked veterinary information,ask veterinari inform,4,34
559,1340,NAVARAI PADDY VARIETIES FOR THIRUVALLUR DISTRICT,Crop Information,en,android-app-v1,navarai paddy varieties for thiruvallur district,navarai paddy varieties for thiruvallur district,navarai paddy variety thiruvallur district,navarai paddi varieti thiruvallur district,6,48
560,3196,Asking about Iris herbicide (Sodium Acifluorfen 16.5% + Clodinafop Propargyl 8% EC) information,Pest Management,en,web,asking about iris herbicide (sodium acifluorfen 16.5% + clodinafop propargyl 8% ec) information,asking about iris herbicide sodium acifluorfen 16.5 clodinafop propargyl 8 ec information,asking iris herbicide sodium acifluorfen 16.5 clodinafop propargyl 8 ec information,ask iri herbicid sodium acifluorfen 16.5 clodinafop propargyl 8 ec inform,12,95
561,3013,Asked about suitable vegetable crops cultivation for this season   ,Cultivation,en,ussd-sms,asked about suitable vegetable crops cultivation for this season,asked about suitable vegetable crops cultivation for this season,asked suitable vegetable crop cultivation season,ask suitabl veget crop cultiv season,9,64
562,2710,Asking about Papaya leaf curl virus management,Crop Disease,en,ussd-sms,asking about papaya leaf curl virus management,asking about papaya leaf curl virus management,asking papaya leaf curl virus management,ask papaya leaf curl virus manag,7,46
563,2294,TILLERING STAGE FERTILIZER MANAGEMENT FOR PADDY,Fertilizer,en,android-app-v1,tillering stage fertilizer management for paddy,tillering stage fertilizer management for paddy,tillering stage fertilizer management paddy,tiller stage fertil manag paddi,6,47
564,3120,Asking about Acetamiprid 20 % SP spray dosage for citrus crop (sucking pests ),Pest Management,en,android-app-v1,asking about acetamiprid 20 % sp spray dosage for citrus crop (sucking pests ),asking about acetamiprid 20 sp spray dosage for citrus crop sucking pests,asking acetamiprid 20 sp spray dosage citrus crop sucking pest,ask acetamiprid 20 sp spray dosag citrus crop suck pest,12,78
565,1169,Paddy  Bpt Variety Duration (Days),Crop Information,en,android-app-v1,paddy bpt variety duration (days),paddy bpt variety duration days,paddy bpt variety duration day,paddi bpt varieti durat day,5,33
566,3102,asking about watermelon suitable varieties,Cultivation,en,ussd-sms,asking about watermelon suitable varieties,asking about watermelon suitable varieties,asking watermelon suitable variety,ask watermelon suitabl varieti,5,42
567,1705,   asked about bhendi hybrid seed rate,Cultivation,en,android-app-v1,asked about bhendi hybrid seed rate,asked about bhendi hybrid seed rate,asked bhendi hybrid seed rate,ask bhendi hybrid seed rate,6,35
568,1671,Asked about Can apply gypsum in paddy field   ,Cultivation,en,android-app-v1,asked about can apply gypsum in paddy field,asked about can apply gypsum in paddy field,asked apply gypsum paddy field,ask appli gypsum paddi field,8,43
569,1309,ADT 37 paddy market rate details,General Agriculture,en,web,adt 37 paddy market rate details,adt 37 paddy market rate details,adt 37 paddy market rate detail,adt 37 paddi market rate detail,6,32
570,2307,Asked About Cow Mastitis Management,Crop Disease,en,android-app-v2,asked about cow mastitis management,asked about cow mastitis management,asked cow mastitis management,ask cow mastiti manag,5,35
571,1606,ASKING ABOUT SALINE AND ALKALINE SOIL RESISTANT PADDY VARIETIES,Crop Information,en,ussd-sms,asking about saline and alkaline soil resistant paddy varieties,asking about saline and alkaline soil resistant paddy varieties,asking saline alkaline soil resistant paddy variety,ask salin alkalin soil resist paddi varieti,9,63
572,3149,    about salem district rain details   ,Weather,en,unknown,about salem district rain details,about salem district rain details,salem district rain detail,salem district rain detail,5,33
573,2637,asking about banana bunchy top virus management (organic),Crop Disease,en,android-app-v2,asking about banana bunchy top virus management (organic),asking about banana bunchy top virus management organic,asking banana bunchy top virus management organic,ask banana bunchi top virus manag organ,8,57
574,3065,sowing season for cumbu,Weather,en,ussd-sms,sowing season for cumbu,sowing season for cumbu,sowing season cumbu,sow season cumbu,4,23
575,1708,ASKING ABOUT SOIL TESTING DETAIL FOR BEFORE COCONUT SEEDLING PLANTING,Soil,en,unknown,asking about soil testing detail for before coconut seedling planting,asking about soil testing detail for before coconut seedling planting,asking soil testing detail coconut seedling planting,ask soil test detail coconut seedl plant,10,69
576,3201,Asking about ragi sowing season   ,Weather,en,android-app-v1,asking about ragi sowing season,asking about ragi sowing season,asking ragi sowing season,ask ragi sow season,5,31
577,2182,Asking about Paddy Variety Poongar duration,Crop Information,en,android-app-v2,asking about paddy variety poongar duration,asking about paddy variety poongar duration,asking paddy variety poongar duration,ask paddi varieti poongar durat,6,43
578,2938,Top  dressing fertilizer management for Maize,Fertilizer,en,android-app-v1,top dressing fertilizer management for maize,top dressing fertilizer management for maize,top dressing fertilizer management maize,top dress fertil manag maiz,6,44
579,1098,Asked  about weed management in blackgram (15-20 DAS),Pest Management,en,unknown,asked about weed management in blackgram (15-20 das),asked about weed management in blackgram 15-20 das,asked weed management blackgram 15-20 da,ask weed manag blackgram 15-20 da,8,52
580,2403,   asked about banana drought management in crossandra,Irrigation,en,android-app-v1,asked about banana drought management in crossandra,asked about banana drought management in crossandra,asked banana drought management crossandra,ask banana drought manag crossandra,7,51
581,1848,Asking about Germinated paddy seed storage information,Cultivation,en,android-app-v1,asking about germinated paddy seed storage information,asking about germinated paddy seed storage information,asking germinated paddy seed storage information,ask germin paddi seed storag inform,7,54
582,2753,Asking About Suitable Varieties For Paddy (April -May),Cultivation,en,unknown,asking about suitable varieties for paddy (april -may),asking about suitable varieties for paddy april -may,asking suitable variety paddy april -may,ask suitabl varieti paddi april -may,8,54
583,1258,Asked  about Foliar spray for Banana   ,Fertilizer,en,android-app-v1,asked about foliar spray for banana,asked about foliar spray for banana,asked foliar spray banana,ask foliar spray banana,6,35
584,1473,"asked about leaf folder ,stem borer ,gall midge and thrips management for paddy",Pest Management,en,android-app-v1,"asked about leaf folder ,stem borer ,gall midge and thrips management for paddy",asked about leaf folder stem borer gall midge and thrips management for paddy,asked leaf folder stem borer gall midge thrip management paddy,ask leaf folder stem borer gall midg thrip manag paddi,13,79
585,2919,Asking about foliar nutrient spray for Sorghum,Fertilizer,en,unknown,asking about foliar nutrient spray for sorghum,asking about foliar nutrient spray for sorghum,asking foliar nutrient spray sorghum,ask foliar nutrient spray sorghum,7,46
586,2078,Asking about Paddy navarai season of planting and varieties for Salem/Namakkal,Weather,en,web,asking about paddy navarai season of planting and varieties for salem/namakkal,asking about paddy navarai season of planting and varieties for salem/namakkal,asking paddy navarai season planting variety salem/namakkal,ask paddi navarai season plant varieti salem/namakk,11,78
587,2185,Asked about Sesame Harvesting information,Harvesting,en,ussd-sms,asked about sesame harvesting information,asked about sesame harvesting information,asked sesame harvesting information,ask sesam harvest inform,5,41
588,1779,asking about root rot management for papaya,Crop Disease,en,ussd-sms,asking about root rot management for papaya,asking about root rot management for papaya,asking root rot management papaya,ask root rot manag papaya,7,43
589,2502,   Asking about groundnut dharani variety details   ,Crop Information,en,android-app-v1,asking about groundnut dharani variety details,asking about groundnut dharani variety details,asking groundnut dharani variety detail,ask groundnut dharani varieti detail,6,46
590,2796,Asking About Sowing Season For Sesamum   ,Crop Information,en,android-app-v2,asking about sowing season for sesamum,asking about sowing season for sesamum,asking sowing season sesamum,ask sow season sesamum,6,38
591,2426,Good breed of cow,Crop Disease,en,android-app-v2,good breed of cow,good breed of cow,good breed cow,good breed cow,4,17
592,1789,   Asking About Koyambedu Market Small Onion Market Price Today   ,General Agriculture,en,android-app-v1,asking about koyambedu market small onion market price today,asking about koyambedu market small onion market price today,asking koyambedu market small onion market price today,ask koyambedu market small onion market price today,9,60
593,3067,Asking about SMS Not receiving information   ,General Agriculture,en,ussd-sms,asking about sms not receiving information,asking about sms not receiving information,asking sm not receiving information,ask sm not receiv inform,6,42
594,2638,ASKING ABOUT SESAME SEEDS AVAILABILITY INFORMATION,Cultivation,en,android-app-v1,asking about sesame seeds availability information,asking about sesame seeds availability information,asking sesame seed availability information,ask sesam seed avail inform,6,50
595,1783,   NAGAPATTINAM WEATHER REPORT DETAILS   ,Weather,en,ussd-sms,nagapattinam weather report details,nagapattinam weather report details,nagapattinam weather report detail,nagapattinam weather report detail,4,35
596,1972,paddy water management,Weather,en,android-app-v2,paddy water management,paddy water management,paddy water management,paddi water manag,3,22
597,1850,Asking  about Alathur tamilnadu weather report   ,Weather,en,unknown,asking about alathur tamilnadu weather report,asking about alathur tamilnadu weather report,asking alathur tamilnadu weather report,ask alathur tamilnadu weather report,6,45
598,3300,asking about insects traps details   ,Pest Management,en,android-app-v2,asking about insects traps details,asking about insects traps details,asking insect trap detail,ask insect trap detail,5,34
599,2359,Asked about Chilli Thrips management,General Agriculture,en,ussd-sms,asked about chilli thrips management,asked about chilli thrips management,asked chilli thrip management,ask chilli thrip manag,5,36
600,2794,Paddy Rice earhead bug control,General Agriculture,en,android-app-v1,paddy rice earhead bug control,paddy rice earhead bug control,paddy rice earhead bug control,paddi rice earhead bug control,5,30
601,2494,   Asking about paddy variety CR1009 details,Crop Information,en,android-app-v2,asking about paddy variety cr1009 details,asking about paddy variety cr1009 details,asking paddy variety cr1009 detail,ask paddi varieti cr1009 detail,6,41
602,2539,Asked  about Paddy nutrient management,Fertilizer,en,unknown,asked about paddy nutrient management,asked about paddy nutrient management,asked paddy nutrient management,ask paddi nutrient manag,5,37
603,1519,   Suitable Paddy Varieties For Navarai Season,Crop Information,en,android-app-v2,suitable paddy varieties for navarai season,suitable paddy varieties for navarai season,suitable paddy variety navarai season,suitabl paddi varieti navarai season,6,43
604,1814,Asked About Mahogany And Mango Plant Suitable In Water Logging Condition,Cultivation,en,android-app-v1,asked about mahogany and mango plant suitable in water logging condition,asked about mahogany and mango plant suitable in water logging condition,asked mahogany mango plant suitable water logging condition,ask mahogani mango plant suitabl water log condit,11,72
605,2602,Weather  report for tirupur,Weather,en,android-app-v1,weather report for tirupur,weather report for tirupur,weather report tirupur,weather report tirupur,4,26
606,1478,   spic cytocyme dosage,Fertilizer,en,android-app-v2,spic cytocyme dosage,spic cytocyme dosage,spic cytocyme dosage,spic cytocym dosag,3,20
607,2702,   Asking about Rhizopus rot management in jack,General Agriculture,en,android-app-v1,asking about rhizopus rot management in jack,asking about rhizopus rot management in jack,asking rhizopus rot management jack,ask rhizopus rot manag jack,7,44
608,1803,Asking about Red palm weevil in Coconut   ,General Agriculture,en,web,asking about red palm weevil in coconut,asking about red palm weevil in coconut,asking red palm weevil coconut,ask red palm weevil coconut,7,39
609,1838,Asked about chilli foliar application information for 19:19:19   ,Fertilizer,en,unknown,asked about chilli foliar application information for 19:19:19,asked about chilli foliar application information for 19:19:19,asked chilli foliar application information 19:19:19,ask chilli foliar applic inform 19:19:19,8,62
610,1393,paddy bacterial leaf blight management   ,Crop Disease,en,unknown,paddy bacterial leaf blight management,paddy bacterial leaf blight management,paddy bacterial leaf blight management,paddi bacteri leaf blight manag,5,38
611,2220,Asked  about sowing season for banana (Garden lands),Cultivation,en,android-app-v2,asked about sowing season for banana (garden lands),asked about sowing season for banana garden lands,asked sowing season banana garden land,ask sow season banana garden land,8,51
612,2277,weed management detail,Pest Management,en,android-app-v2,weed management detail,weed management detail,weed management detail,weed manag detail,3,22
613,1622,   ASKED ABOUT PADDY CO 55 VARIETY INFORMATION AND SEEDS AVAILABILITY,Crop Information,en,android-app-v2,asked about paddy co 55 variety information and seeds availability,asked about paddy co 55 variety information and seeds availability,asked paddy co 55 variety information seed availability,ask paddi co 55 varieti inform seed avail,10,66
614,1914,Aphids in groundnut   ,General Agriculture,en,android-app-v1,aphids in groundnut,aphids in groundnut,aphid groundnut,aphid groundnut,3,19
615,2441,sheath blight control in paddy,Crop Disease,en,ussd-sms,sheath blight control in paddy,sheath blight control in paddy,sheath blight control paddy,sheath blight control paddi,5,30
616,1084,papaya top fertilizer,Fertilizer,en,android-app-v2,papaya top fertilizer,papaya top fertilizer,papaya top fertilizer,papaya top fertil,3,21
617,1678,   Asked about shoot borer & internode borer management in sugarcane,Pest Management,en,android-app-v1,asked about shoot borer & internode borer management in sugarcane,asked about shoot borer internode borer management in sugarcane,asked shoot borer internode borer management sugarcane,ask shoot borer internod borer manag sugarcan,9,65
618,2252,Asked about paddy sowing season and variety in vellore district,Weather,en,unknown,asked about paddy sowing season and variety in vellore district,asked about paddy sowing season and variety in vellore district,asked paddy sowing season variety vellore district,ask paddi sow season varieti vellor district,10,63
619,2189,   Krishi Vigyan Kendra - kanchepuram   ,Soil,en,ussd-sms,krishi vigyan kendra - kanchepuram,krishi vigyan kendra kanchepuram,krishi vigyan kendra kanchepuram,krishi vigyan kendra kanchepuram,4,34
620,1064,Asked about bud worm management in Jasmine   ,General Agriculture,en,web,asked about bud worm management in jasmine,asked about bud worm management in jasmine,asked bud worm management jasmine,ask bud worm manag jasmin,7,42
621,1318,WEATHER DETAIL FOR PUDUKOTTAI DIST   ,Weather,en,web,weather detail for pudukottai dist,weather detail for pudukottai dist,weather detail pudukottai dist,weather detail pudukottai dist,5,34
622,1302,Root rot in tuberose,Crop Disease,en,ussd-sms,root rot in tuberose,root rot in tuberose,root rot tuberose,root rot tuberos,4,20
623,2939,Asking  about Weed management around the wire fence,Pest Management,en,ussd-sms,asking about weed management around the wire fence,asking about weed management around the wire fence,asking weed management around wire fence,ask weed manag around wire fenc,8,50
624,2560,WEED MANAGEMENT FOR BLACK GRAM,Pest Management,en,web,weed management for black gram,weed management for black gram,weed management black gram,weed manag black gram,5,30
625,2484,leaf foder in paddy,General Agriculture,en,android-app-v2,leaf foder in paddy,leaf foder in paddy,leaf foder paddy,leaf foder paddi,4,19
626,3146,Rice tungro virus test in paddy,Crop Disease,en,ussd-sms,rice tungro virus test in paddy,rice tungro virus test in paddy,rice tungro virus test paddy,rice tungro virus test paddi,6,31
627,1697,asked  about root rot management in brinjal,Crop Disease,en,web,asked about root rot management in brinjal,asked about root rot management in brinjal,asked root rot management brinjal,ask root rot manag brinjal,7,42
628,1859,Weather report for Villupuram district   ,Weather,en,android-app-v1,weather report for villupuram district,weather report for villupuram district,weather report villupuram district,weather report villupuram district,5,38
629,2313,Asked  about pest and disease identification information   ,Crop Disease,en,android-app-v2,asked about pest and disease identification information,asked about pest and disease identification information,asked pest disease identification information,ask pest diseas identif inform,7,55
630,3144,   asking about suitable ragi varieties in adipattam   ,Crop Information,en,web,asking about suitable ragi varieties in adipattam,asking about suitable ragi varieties in adipattam,asking suitable ragi variety adipattam,ask suitabl ragi varieti adipattam,7,49
631,3243,    ASKED ABOUT PADDY SHORT DURATION VARIETIES INFORMATION,Crop Information,en,ussd-sms,asked about paddy short duration varieties information,asked about paddy short duration varieties information,asked paddy short duration variety information,ask paddi short durat varieti inform,7,54
632,3193,soil testing lab in kancheepuram,Soil,en,ussd-sms,soil testing lab in kancheepuram,soil testing lab in kancheepuram,soil testing lab kancheepuram,soil test lab kancheepuram,5,32
633,2540,soil test in technique,Soil,en,unknown,soil test in technique,soil test in technique,soil test technique,soil test techniqu,4,22
634,1644,asked about recommended npk ratio in dap for paddy   ,Fertilizer,en,android-app-v1,asked about recommended npk ratio in dap for paddy,asked about recommended npk ratio in dap for paddy,asked recommended npk ratio dap paddy,ask recommend npk ratio dap paddi,9,50
635,2486,    Weather report for Thirunelveli,Weather,en,unknown,weather report for thirunelveli,weather report for thirunelveli,weather report thirunelveli,weather report thirunelv,4,31
636,1223,varieties for ragi,Crop Information,en,android-app-v2,varieties for ragi,varieties for ragi,variety ragi,varieti ragi,3,18
637,1409,   asking about black gram sowing season and varieties,Weather,en,unknown,asking about black gram sowing season and varieties,asking about black gram sowing season and varieties,asking black gram sowing season variety,ask black gram sow season varieti,8,51
638,1590,    Asked about prevention diseases in small onion,Crop Disease,en,unknown,asked about prevention diseases in small onion,asked about prevention diseases in small onion,asked prevention disease small onion,ask prevent diseas small onion,7,46
639,1045,Asking about pm kisan ssamman nidhi next due date,General Agriculture,en,ussd-sms,asking about pm kisan ssamman nidhi next due date,asking about pm kisan ssamman nidhi next due date,asking pm kisan ssamman nidhi next due date,ask pm kisan ssamman nidhi next due date,9,49
640,1124,Asking about coimbatore today weather Report for tomatoplant protection   ,Weather,en,android-app-v1,asking about coimbatore today weather report for tomatoplant protection,asking about coimbatore today weather report for tomatoplant protection,asking coimbatore today weather report tomatoplant protection,ask coimbator today weather report tomatopl protect,9,71
641,1469,asking about cotton Thrips management   ,General Agriculture,en,android-app-v2,asking about cotton thrips management,asking about cotton thrips management,asking cotton thrip management,ask cotton thrip manag,5,37
642,2872,Asked about Cotton market information,General Agriculture,en,web,asked about cotton market information,asked about cotton market information,asked cotton market information,ask cotton market inform,5,37
643,3261,Asking about spacing for banana (leaf purpose)   ,Cultivation,en,unknown,asking about spacing for banana (leaf purpose),asking about spacing for banana leaf purpose,asking spacing banana leaf purpose,ask space banana leaf purpos,7,46
644,2019,    root rot in celosia,General Agriculture,en,unknown,root rot in celosia,root rot in celosia,root rot celosia,root rot celosia,4,19
645,2230,Asked  about Stem borer & sucking pests management for paddy   ,Pest Management,en,android-app-v2,asked about stem borer & sucking pests management for paddy,asked about stem borer sucking pests management for paddy,asked stem borer sucking pest management paddy,ask stem borer suck pest manag paddi,9,59
646,1617,weather  report for thiruvannmalai,Weather,en,unknown,weather report for thiruvannmalai,weather report for thiruvannmalai,weather report thiruvannmalai,weather report thiruvannmalai,4,33
647,1854,Asked about Market information of Coconut and Copra,General Agriculture,en,android-app-v2,asked about market information of coconut and copra,asked about market information of coconut and copra,asked market information coconut copra,ask market inform coconut copra,8,51
648,3256,ASKED  ABOUT PADDY LEAF FOLDER & STEM BORER MANAGEMENT,Pest Management,en,android-app-v1,asked about paddy leaf folder & stem borer management,asked about paddy leaf folder stem borer management,asked paddy leaf folder stem borer management,ask paddi leaf folder stem borer manag,8,53
649,2696,Asking About Thiruvannamalai Today Weather Report,Weather,en,unknown,asking about thiruvannamalai today weather report,asking about thiruvannamalai today weather report,asking thiruvannamalai today weather report,ask thiruvannamalai today weather report,6,49
650,3077,Asking about jackfruit planting season,Cultivation,en,android-app-v2,asking about jackfruit planting season,asking about jackfruit planting season,asking jackfruit planting season,ask jackfruit plant season,5,38
651,1397,ASKING ABOUT ASH GOURD SEEDS AVAILABILITY DETAILS CONTACT NUMBER,Cultivation,en,unknown,asking about ash gourd seeds availability details contact number,asking about ash gourd seeds availability details contact number,asking ash gourd seed availability detail contact number,ask ash gourd seed avail detail contact number,9,64
652,1139,ASKING  ABOUT YELLOW MOSAIC VIRUS IN BLACK GRAM,Crop Disease,en,web,asking about yellow mosaic virus in black gram,asking about yellow mosaic virus in black gram,asking yellow mosaic virus black gram,ask yellow mosaic virus black gram,8,46
653,1279,   Asked about humic acid application for bitter gourd & chilli crop   ,Cultivation,en,android-app-v1,asked about humic acid application for bitter gourd & chilli crop,asked about humic acid application for bitter gourd chilli crop,asked humic acid application bitter gourd chilli crop,ask humic acid applic bitter gourd chilli crop,10,65
654,2430,Asking about Nano urea application for paddy alternate of urea,Fertilizer,en,android-app-v2,asking about nano urea application for paddy alternate of urea,asking about nano urea application for paddy alternate of urea,asking nano urea application paddy alternate urea,ask nano urea applic paddi altern urea,10,62
655,1296,Asking about Average yield for co 43 Paddy variety,Cultivation,en,android-app-v1,asking about average yield for co 43 paddy variety,asking about average yield for co 43 paddy variety,asking average yield co 43 paddy variety,ask averag yield co 43 paddi varieti,9,50
656,1034,vellore soil testing lab contact number,Soil,en,web,vellore soil testing lab contact number,vellore soil testing lab contact number,vellore soil testing lab contact number,vellor soil test lab contact number,6,39
657,2099,    red spider mite in jasmine,Pest Management,en,unknown,red spider mite in jasmine,red spider mite in jasmine,red spider mite jasmine,red spider mite jasmin,5,26
658,1765,   BANANA SIGATOKA LEAF DISEASE,Crop Disease,en,ussd-sms,banana sigatoka leaf disease,banana sigatoka leaf disease,banana sigatoka leaf disease,banana sigatoka leaf diseas,4,28
659,2801,asking about cold storage & storage govt. schemes information,Harvesting,en,android-app-v2,asking about cold storage & storage govt. schemes information,asking about cold storage storage govt schemes information,asking cold storage storage govt scheme information,ask cold storag storag govt scheme inform,8,61
660,2650,Asked  about Pencil point disorder management,Fertilizer,en,android-app-v2,asked about pencil point disorder management,asked about pencil point disorder management,asked pencil point disorder management,ask pencil point disord manag,6,44
661,3155,Asking  about suitable crops cultivation for this month,Cultivation,en,web,asking about suitable crops cultivation for this month,asking about suitable crops cultivation for this month,asking suitable crop cultivation month,ask suitabl crop cultiv month,8,54
662,1260,Asked about Irrigated Sesame Basal fertilizer application,Fertilizer,en,android-app-v2,asked about irrigated sesame basal fertilizer application,asked about irrigated sesame basal fertilizer application,asked irrigated sesame basal fertilizer application,ask irrig sesam basal fertil applic,7,57
663,2166,   Erode Weather Report Details,Weather,en,web,erode weather report details,erode weather report details,erode weather report detail,erod weather report detail,4,28
664,1966,Rainfall information for vellore district   ,Weather,en,web,rainfall information for vellore district,rainfall information for vellore district,rainfall information vellore district,rainfal inform vellor district,5,41
665,2818,"   Asked about Groundnut sowing season , varieties and high yielding variety seeds availability   ",Crop Information,en,unknown,"asked about groundnut sowing season , varieties and high yielding variety seeds availability",asked about groundnut sowing season varieties and high yielding variety seeds availability,asked groundnut sowing season variety high yielding variety seed availability,ask groundnut sow season varieti high yield varieti seed avail,12,92
666,2355,medicinal coleus planting season,General Agriculture,en,android-app-v1,medicinal coleus planting season,medicinal coleus planting season,medicinal coleus planting season,medicin coleus plant season,4,32
667,1804,   Asking about Root rot disease management in jasmine,Crop Disease,en,ussd-sms,asking about root rot disease management in jasmine,asking about root rot disease management in jasmine,asking root rot disease management jasmine,ask root rot diseas manag jasmin,8,51
668,1043,asked  about sucking pest management in cotton   ,Pest Management,en,android-app-v1,asked about sucking pest management in cotton,asked about sucking pest management in cotton,asked sucking pest management cotton,ask suck pest manag cotton,7,45
669,1928,   Asking about organic herbicide preparation information,Pest Management,en,android-app-v2,asking about organic herbicide preparation information,asking about organic herbicide preparation information,asking organic herbicide preparation information,ask organ herbicid prepar inform,6,54
670,1186,Asked about Pumpkin and Ash gourd planting season,Cultivation,en,unknown,asked about pumpkin and ash gourd planting season,asked about pumpkin and ash gourd planting season,asked pumpkin ash gourd planting season,ask pumpkin ash gourd plant season,8,49
671,2530,ASKED ABOUT PADDY VARIETY CR 1009 SUB 1 AND CR 1009 INFORMATION,Crop Information,en,android-app-v2,asked about paddy variety cr 1009 sub 1 and cr 1009 information,asked about paddy variety cr 1009 sub 1 and cr 1009 information,asked paddy variety cr 1009 sub 1 cr 1009 information,ask paddi varieti cr 1009 sub 1 cr 1009 inform,12,63
672,1602,Asking about paddy seed treatment,Cultivation,en,unknown,asking about paddy seed treatment,asking about paddy seed treatment,asking paddy seed treatment,ask paddi seed treatment,5,33
673,2642,bhendi foliar application information,General Agriculture,en,unknown,bhendi foliar application information,bhendi foliar application information,bhendi foliar application information,bhendi foliar applic inform,4,37
674,2846,   Asked about cattle disease management,Crop Disease,en,ussd-sms,asked about cattle disease management,asked about cattle disease management,asked cattle disease management,ask cattl diseas manag,5,37
675,2258,SIVAGANGA TODAY WEATHER REPORT,Weather,en,android-app-v2,sivaganga today weather report,sivaganga today weather report,sivaganga today weather report,sivaganga today weather report,4,30
676,1947,Asking about Small onion sowing season,Cultivation,en,ussd-sms,asking about small onion sowing season,asking about small onion sowing season,asking small onion sowing season,ask small onion sow season,6,38
677,1408,fertilizer management for paddy basal dose,Fertilizer,en,unknown,fertilizer management for paddy basal dose,fertilizer management for paddy basal dose,fertilizer management paddy basal dose,fertil manag paddi basal dose,6,42
678,1168,Asking About Ragi Season,Weather,en,unknown,asking about ragi season,asking about ragi season,asking ragi season,ask ragi season,4,24
679,1680,MANGO LORANTHUS SPP CONTROL,General Agriculture,en,android-app-v2,mango loranthus spp control,mango loranthus spp control,mango loranthus spp control,mango loranthus spp control,4,27
680,2334,Asking about weather report for viruthunagar district   ,Weather,en,unknown,asking about weather report for viruthunagar district,asking about weather report for viruthunagar district,asking weather report viruthunagar district,ask weather report viruthunagar district,7,53
681,1993,   Asked about sfssch 444 BG 11 cotton variety information,Crop Information,en,android-app-v1,asked about sfssch 444 bg 11 cotton variety information,asked about sfssch 444 bg 11 cotton variety information,asked sfssch 444 bg 11 cotton variety information,ask sfssch 444 bg 11 cotton varieti inform,9,55
682,3109,Asking About Brown Spot And Leaf Folder In Paddy,General Agriculture,en,web,asking about brown spot and leaf folder in paddy,asking about brown spot and leaf folder in paddy,asking brown spot leaf folder paddy,ask brown spot leaf folder paddi,9,48
683,1303,   Asked about Bhavani sagar dam water release date related information,Irrigation,en,android-app-v2,asked about bhavani sagar dam water release date related information,asked about bhavani sagar dam water release date related information,asked bhavani sagar dam water release date related information,ask bhavani sagar dam water releas date relat inform,10,68
684,2248,groundnut seed treatment information,Cultivation,en,android-app-v2,groundnut seed treatment information,groundnut seed treatment information,groundnut seed treatment information,groundnut seed treatment inform,4,36
685,1305,ASKING ABOUT PERAMBALUR DISTRICT RAINFALL INFORMATION,Weather,en,android-app-v2,asking about perambalur district rainfall information,asking about perambalur district rainfall information,asking perambalur district rainfall information,ask perambalur district rainfal inform,6,53
686,1198,Asking about Castor YRCH 1 variety Special features,Crop Information,en,ussd-sms,asking about castor yrch 1 variety special features,asking about castor yrch 1 variety special features,asking castor yrch 1 variety special feature,ask castor yrch 1 varieti special featur,8,51
687,2833,Seed treatment for groundnut   ,Pest Management,en,android-app-v1,seed treatment for groundnut,seed treatment for groundnut,seed treatment groundnut,seed treatment groundnut,4,28
688,1505,Asked  About Paddy Adt 55 And Co 51 Grain Type,Crop Information,en,unknown,asked about paddy adt 55 and co 51 grain type,asked about paddy adt 55 and co 51 grain type,asked paddy adt 55 co 51 grain type,ask paddi adt 55 co 51 grain type,10,45
689,2579,   ASKED ABOUT DURATION OF ADT 54 PADDY VARIETY,Cultivation,en,ussd-sms,asked about duration of adt 54 paddy variety,asked about duration of adt 54 paddy variety,asked duration adt 54 paddy variety,ask durat adt 54 paddi varieti,8,44
690,2297,    asking about cotton pre sowing seed treat management,Cultivation,en,web,asking about cotton pre sowing seed treat management,asking about cotton pre sowing seed treat management,asking cotton pre sowing seed treat management,ask cotton pre sow seed treat manag,8,52
691,2803,   sapota fertilizer recommended,Fertilizer,en,android-app-v1,sapota fertilizer recommended,sapota fertilizer recommended,sapota fertilizer recommended,sapota fertil recommend,3,29
692,1700,   Top dressing fertilizer management for sugarcane   ,Fertilizer,en,ussd-sms,top dressing fertilizer management for sugarcane,top dressing fertilizer management for sugarcane,top dressing fertilizer management sugarcane,top dress fertil manag sugarcan,6,48
693,2224,   asked about zinc sulphate using quantity and spraying procedure for paddy   ,Fertilizer,en,unknown,asked about zinc sulphate using quantity and spraying procedure for paddy,asked about zinc sulphate using quantity and spraying procedure for paddy,asked zinc sulphate using quantity spraying procedure paddy,ask zinc sulphat use quantiti spray procedur paddi,11,73
694,2899,    Cluster beans sowing season and varieties,Cultivation,en,web,cluster beans sowing season and varieties,cluster beans sowing season and varieties,cluster bean sowing season variety,cluster bean sow season varieti,6,41
695,1264,asking  about pm kisan samman nidhi scheme information   ,General Agriculture,en,web,asking about pm kisan samman nidhi scheme information,asking about pm kisan samman nidhi scheme information,asking pm kisan samman nidhi scheme information,ask pm kisan samman nidhi scheme inform,8,53
696,1718,SPACING FOR PADDY   ,Cultivation,en,web,spacing for paddy,spacing for paddy,spacing paddy,space paddi,3,17
697,1837,asking about flower dropping management in cashewnut,General Agriculture,en,android-app-v1,asking about flower dropping management in cashewnut,asking about flower dropping management in cashewnut,asking flower dropping management cashewnut,ask flower drop manag cashewnut,7,52
698,1297,top dressing fertilizer management for chillies,Fertilizer,en,android-app-v2,top dressing fertilizer management for chillies,top dressing fertilizer management for chillies,top dressing fertilizer management chilli,top dress fertil manag chilli,6,47
699,1443,ASKING ABOUT BPT PADDY DURATION,Cultivation,en,unknown,asking about bpt paddy duration,asking about bpt paddy duration,asking bpt paddy duration,ask bpt paddi durat,5,31
700,1941,TRY 3 Paddy variety duration days details   ,Cultivation,en,web,try 3 paddy variety duration days details,try 3 paddy variety duration days details,try 3 paddy variety duration day detail,tri 3 paddi varieti durat day detail,7,41
701,3050,   Asking about kadayampatti taluk weather report   ,Weather,en,android-app-v1,asking about kadayampatti taluk weather report,asking about kadayampatti taluk weather report,asking kadayampatti taluk weather report,ask kadayampatti taluk weather report,6,46
702,1771,Paddy basal fertilizer,Crop Information,en,android-app-v2,paddy basal fertilizer,paddy basal fertilizer,paddy basal fertilizer,paddi basal fertil,3,22
703,3003,"asking  about krishi vigyan kendra, cheyyar, thiruvannamalai district contact no",Weather,en,android-app-v2,"asking about krishi vigyan kendra, cheyyar, thiruvannamalai district contact no",asking about krishi vigyan kendra cheyyar thiruvannamalai district contact no,asking krishi vigyan kendra cheyyar thiruvannamalai district contact no,ask krishi vigyan kendra cheyyar thiruvannamalai district contact no,10,79
704,1014,ASKED ABOUT PADDY MACHINE TRANSPLANTING SEEDRATE,Cultivation,en,unknown,asked about paddy machine transplanting seedrate,asked about paddy machine transplanting seedrate,asked paddy machine transplanting seedrate,ask paddi machin transplant seedrat,6,48
705,2094,groundnut planting season,Weather,en,android-app-v1,groundnut planting season,groundnut planting season,groundnut planting season,groundnut plant season,3,25
706,2714,JASMINE IN WHITE FLY,Fertilizer,en,android-app-v2,jasmine in white fly,jasmine in white fly,jasmine white fly,jasmin white fli,4,20
707,1612,Asking  about Crop insurance amount not credited,General Agriculture,en,ussd-sms,asking about crop insurance amount not credited,asking about crop insurance amount not credited,asking crop insurance amount not credited,ask crop insur amount not credit,7,47
708,2134,   marigold top dressing fertilizer management,General Agriculture,en,unknown,marigold top dressing fertilizer management,marigold top dressing fertilizer management,marigold top dressing fertilizer management,marigold top dress fertil manag,5,43
709,2108,asked  about brinjal flower drop management,Fertilizer,en,android-app-v1,asked about brinjal flower drop management,asked about brinjal flower drop management,asked brinjal flower drop management,ask brinjal flower drop manag,6,42
710,1142,Asking About Green Manure Daincha Seed Rate Information,Fertilizer,en,ussd-sms,asking about green manure daincha seed rate information,asking about green manure daincha seed rate information,asking green manure daincha seed rate information,ask green manur daincha seed rate inform,8,55
711,1180,    asking about groundnut basal fertilizer management,Fertilizer,en,android-app-v2,asking about groundnut basal fertilizer management,asking about groundnut basal fertilizer management,asking groundnut basal fertilizer management,ask groundnut basal fertil manag,6,50
712,1272,Asked About Groundnut Market Information,General Agriculture,en,ussd-sms,asked about groundnut market information,asked about groundnut market information,asked groundnut market information,ask groundnut market inform,5,40
713,2596,   asking about aloe vera varieties information   ,Cultivation,en,unknown,asking about aloe vera varieties information,asking about aloe vera varieties information,asking aloe vera variety information,ask alo vera varieti inform,6,44
714,2686,sucking pest attack in chillie   ,Pest Management,en,web,sucking pest attack in chillie,sucking pest attack in chillie,sucking pest attack chillie,suck pest attack chilli,5,30
715,1153,Asked about leaf blight management in sorghum,Crop Disease,en,web,asked about leaf blight management in sorghum,asked about leaf blight management in sorghum,asked leaf blight management sorghum,ask leaf blight manag sorghum,7,45
716,2526,asking about root rot management in blackgram   ,Crop Disease,en,unknown,asking about root rot management in blackgram,asking about root rot management in blackgram,asking root rot management blackgram,ask root rot manag blackgram,7,45
717,2780,Asking about cow disease management,Crop Disease,en,web,asking about cow disease management,asking about cow disease management,asking cow disease management,ask cow diseas manag,5,35
718,2576,prposis  julifera management in agriculture land,Pest Management,en,unknown,prposis julifera management in agriculture land,prposis julifera management in agriculture land,prposis julifera management agriculture land,prposi julifera manag agricultur land,6,47
719,3284,Asked about Irrigation management in Black gram,Irrigation,en,ussd-sms,asked about irrigation management in black gram,asked about irrigation management in black gram,asked irrigation management black gram,ask irrig manag black gram,7,47
720,2584,Asking about Greengram procurement market price information   ,Harvesting,en,android-app-v2,asking about greengram procurement market price information,asking about greengram procurement market price information,asking greengram procurement market price information,ask greengram procur market price inform,7,59
721,3138,   ASKED ABOUT SORGHUM CROP INSURANCE CLAIM AMOUNT INFORMATION (2020 -2021)   ,General Agriculture,en,unknown,asked about sorghum crop insurance claim amount information (2020 -2021),asked about sorghum crop insurance claim amount information 2020 -2021,asked sorghum crop insurance claim amount information 2020 -2021,ask sorghum crop insur claim amount inform 2020 -2021,10,72
722,1416,ASKED ABOUT SUITABLE PADDY VARIETIES INFORMATION,Crop Information,en,android-app-v2,asked about suitable paddy varieties information,asked about suitable paddy varieties information,asked suitable paddy variety information,ask suitabl paddi varieti inform,6,48
723,2397,ASKING ABOUT THIRUVANNAMALAI HORTICULTURAL DEPARTMENT CONTACT NUMBER   ,Cultivation,en,android-app-v2,asking about thiruvannamalai horticultural department contact number,asking about thiruvannamalai horticultural department contact number,asking thiruvannamalai horticultural department contact number,ask thiruvannamalai horticultur depart contact number,7,68
724,2590,Thiruvarur  district weather forecast,Weather,en,android-app-v1,thiruvarur district weather forecast,thiruvarur district weather forecast,thiruvarur district weather forecast,thiruvarur district weather forecast,4,36
725,1740,ASKED ABOUT TOP FERTILIZER MANAGEMENT FOR GROUNDNUT,Fertilizer,en,android-app-v2,asked about top fertilizer management for groundnut,asked about top fertilizer management for groundnut,asked top fertilizer management groundnut,ask top fertil manag groundnut,7,51
726,2384,asked  about fertigation schedule in cotton,Fertilizer,en,android-app-v1,asked about fertigation schedule in cotton,asked about fertigation schedule in cotton,asked fertigation schedule cotton,ask fertig schedul cotton,6,42
727,1580,   Asking about Root rot disease management in mulberry,Crop Disease,en,ussd-sms,asking about root rot disease management in mulberry,asking about root rot disease management in mulberry,asking root rot disease management mulberry,ask root rot diseas manag mulberri,8,52
728,3056,Asked  about soil sample collection information,Soil,en,android-app-v2,asked about soil sample collection information,asked about soil sample collection information,asked soil sample collection information,ask soil sampl collect inform,6,46
729,3236,asked about stem borer management for paddy   ,Pest Management,en,unknown,asked about stem borer management for paddy,asked about stem borer management for paddy,asked stem borer management paddy,ask stem borer manag paddi,7,43
730,2492,   Asking about white ponni paddy variety total duration   ,Crop Information,en,ussd-sms,asking about white ponni paddy variety total duration,asking about white ponni paddy variety total duration,asking white ponni paddy variety total duration,ask white ponni paddi varieti total durat,8,53
731,1229,   Asked about cluster bean disease prevention   ,Crop Disease,en,ussd-sms,asked about cluster bean disease prevention,asked about cluster bean disease prevention,asked cluster bean disease prevention,ask cluster bean diseas prevent,6,43
732,2131,weather report for krishnagiri   ,Weather,en,android-app-v1,weather report for krishnagiri,weather report for krishnagiri,weather report krishnagiri,weather report krishnagiri,4,30
733,3262,asking about panama wilt disease in banana,Fertilizer,en,unknown,asking about panama wilt disease in banana,asking about panama wilt disease in banana,asking panama wilt disease banana,ask panama wilt diseas banana,7,42
734,1334,Asking about Suitable paddy varieties for navarai season,Crop Information,en,android-app-v2,asking about suitable paddy varieties for navarai season,asking about suitable paddy varieties for navarai season,asking suitable paddy variety navarai season,ask suitabl paddi varieti navarai season,8,56
735,1726,asking about dindigul district weather details,Weather,en,android-app-v2,asking about dindigul district weather details,asking about dindigul district weather details,asking dindigul district weather detail,ask dindigul district weather detail,6,46
736,1023,TAPIOCA TOP DRESSING FERTILIZER MANAGEMENT,Fertilizer,en,ussd-sms,tapioca top dressing fertilizer management,tapioca top dressing fertilizer management,tapioca top dressing fertilizer management,tapioca top dress fertil manag,5,42
737,1402,Asked about cabbage and cauliflower planting season,Cultivation,en,android-app-v1,asked about cabbage and cauliflower planting season,asked about cabbage and cauliflower planting season,asked cabbage cauliflower planting season,ask cabbag cauliflow plant season,7,51
738,1975,brinjal planting season,General Agriculture,en,unknown,brinjal planting season,brinjal planting season,brinjal planting season,brinjal plant season,3,23
739,1796,asking about paddy season and varieties,Crop Information,en,ussd-sms,asking about paddy season and varieties,asking about paddy season and varieties,asking paddy season variety,ask paddi season varieti,6,39
740,1254,ASKING ABOUT ROOT ROT PREVENTION MANAGEMENT IN COTTON,Crop Disease,en,unknown,asking about root rot prevention management in cotton,asking about root rot prevention management in cotton,asking root rot prevention management cotton,ask root rot prevent manag cotton,8,53
741,2765,Asked about leaf folder and stem borer management in paddy,Pest Management,en,android-app-v1,asked about leaf folder and stem borer management in paddy,asked about leaf folder and stem borer management in paddy,asked leaf folder stem borer management paddy,ask leaf folder stem borer manag paddi,10,58
742,2915,   foliar spray for groundnut   ,Crop Information,en,unknown,foliar spray for groundnut,foliar spray for groundnut,foliar spray groundnut,foliar spray groundnut,4,26
743,1206,sesame sowing season and variety,Weather,en,android-app-v2,sesame sowing season and variety,sesame sowing season and variety,sesame sowing season variety,sesam sow season varieti,5,32
744,3279,asking about rat management in paddy field   ,General Agriculture,en,android-app-v1,asking about rat management in paddy field,asking about rat management in paddy field,asking rat management paddy field,ask rat manag paddi field,7,42
745,2233,"   asked about soil testing ,water testing laboratory address and phone number   ",Soil,en,web,"asked about soil testing ,water testing laboratory address and phone number",asked about soil testing water testing laboratory address and phone number,asked soil testing water testing laboratory address phone number,ask soil test water test laboratori address phone number,11,75
746,1616,asking about vellore district rain details,Weather,en,android-app-v1,asking about vellore district rain details,asking about vellore district rain details,asking vellore district rain detail,ask vellor district rain detail,6,42
747,2395,ASKING ABOUT GALL MIDGE MANAGEMENT FOR PADDY,General Agriculture,en,unknown,asking about gall midge management for paddy,asking about gall midge management for paddy,asking gall midge management paddy,ask gall midg manag paddi,7,44
748,1460,   Asking about Pongalur weather report,Weather,en,unknown,asking about pongalur weather report,asking about pongalur weather report,asking pongalur weather report,ask pongalur weather report,5,36
749,1011,moringa flower drop management details,General Agriculture,en,android-app-v1,moringa flower drop management details,moringa flower drop management details,moringa flower drop management detail,moringa flower drop manag detail,5,38
750,2854,Asked about saline-alkaline soil management in tuberose   ,Soil,en,unknown,asked about saline-alkaline soil management in tuberose,asked about saline-alkaline soil management in tuberose,asked saline-alkaline soil management tuberose,ask saline-alkalin soil manag tuberos,7,55
751,2975,   paddy stem borer   ,Pest Management,en,android-app-v2,paddy stem borer,paddy stem borer,paddy stem borer,paddi stem borer,3,16
752,1650,zinc deficiency in rose,Fertilizer,en,unknown,zinc deficiency in rose,zinc deficiency in rose,zinc deficiency rose,zinc defici rose,4,23
753,3294,   Asked about beetle & leaf blight disease management in paddy crop   ,Crop Disease,en,android-app-v1,asked about beetle & leaf blight disease management in paddy crop,asked about beetle leaf blight disease management in paddy crop,asked beetle leaf blight disease management paddy crop,ask beetl leaf blight diseas manag paddi crop,10,65
754,1262,Asked About Market Rate For Maize Information,General Agriculture,en,android-app-v2,asked about market rate for maize information,asked about market rate for maize information,asked market rate maize information,ask market rate maiz inform,7,45
755,2683,ASKED ABOUT BHENDI SOWING SEASON   ,Cultivation,en,web,asked about bhendi sowing season,asked about bhendi sowing season,asked bhendi sowing season,ask bhendi sow season,5,32
756,2510,Asking about Calcium Deficiency in tomato,Fertilizer,en,web,asking about calcium deficiency in tomato,asking about calcium deficiency in tomato,asking calcium deficiency tomato,ask calcium defici tomato,6,41
757,2529,asking  about Groundnut booster application,Fertilizer,en,ussd-sms,asking about groundnut booster application,asking about groundnut booster application,asking groundnut booster application,ask groundnut booster applic,5,42
758,2170,sri weed management,Pest Management,en,web,sri weed management,sri weed management,sri weed management,sri weed manag,3,19
759,3031,   Bitter gourd stem rot management   ,General Agriculture,en,web,bitter gourd stem rot management,bitter gourd stem rot management,bitter gourd stem rot management,bitter gourd stem rot manag,5,32
760,2822,   Asking about foliar spray for snake gourd,Fertilizer,en,unknown,asking about foliar spray for snake gourd,asking about foliar spray for snake gourd,asking foliar spray snake gourd,ask foliar spray snake gourd,7,41
761,2375,chillies root rot,Crop Disease,en,web,chillies root rot,chillies root rot,chilli root rot,chilli root rot,3,17
762,2697,   BRINJAL FRUIT BORER MANAGEMENT,Pest Management,en,android-app-v1,brinjal fruit borer management,brinjal fruit borer management,brinjal fruit borer management,brinjal fruit borer manag,4,30
763,1576,Asking about Virudhunagar weather report,Weather,en,web,asking about virudhunagar weather report,asking about virudhunagar weather report,asking virudhunagar weather report,ask virudhunagar weather report,5,40
764,1817,tomato root rot management,Crop Disease,en,web,tomato root rot management,tomato root rot management,tomato root rot management,tomato root rot manag,4,26
765,2577,coconut weed management,Pest Management,en,unknown,coconut weed management,coconut weed management,coconut weed management,coconut weed manag,3,23
766,1214,asking about contact number of rice department,Crop Information,en,web,asking about contact number of rice department,asking about contact number of rice department,asking contact number rice department,ask contact number rice depart,7,46
767,1557,control measure for cercospora leaf spot in cotton   ,General Agriculture,en,android-app-v1,control measure for cercospora leaf spot in cotton,control measure for cercospora leaf spot in cotton,control measure cercospora leaf spot cotton,control measur cercospora leaf spot cotton,8,50
768,2054,   SUITABLE PADDY VARIETIES FOR VILLUPURAM,Crop Information,en,web,suitable paddy varieties for villupuram,suitable paddy varieties for villupuram,suitable paddy variety villupuram,suitabl paddi varieti villupuram,5,39
769,2474,Asked about prevent root rot management in chrysanthemum,Crop Disease,en,web,asked about prevent root rot management in chrysanthemum,asked about prevent root rot management in chrysanthemum,asked prevent root rot management chrysanthemum,ask prevent root rot manag chrysanthemum,8,56
770,1909,WEATHER REPORT FOR KARUR,Weather,en,android-app-v2,weather report for karur,weather report for karur,weather report karur,weather report karur,4,24
771,2863,   asking about rugose whitefly management in coconut (sooty mould),General Agriculture,en,unknown,asking about rugose whitefly management in coconut (sooty mould),asking about rugose whitefly management in coconut sooty mould,asking rugose whitefly management coconut sooty mould,ask rugos whitefli manag coconut sooti mould,9,64
772,1129,asked about leaf folder and ear head bug management in paddy,General Agriculture,en,web,asked about leaf folder and ear head bug management in paddy,asked about leaf folder and ear head bug management in paddy,asked leaf folder ear head bug management paddy,ask leaf folder ear head bug manag paddi,11,60
773,2832,Asked about black gram weed management ( 15 -20 days)   ,Pest Management,en,unknown,asked about black gram weed management ( 15 -20 days),asked about black gram weed management 15 -20 days,asked black gram weed management 15 -20 day,ask black gram weed manag 15 -20 day,9,53
774,1138,Red Spider Mite In Brinjal,Pest Management,en,web,red spider mite in brinjal,red spider mite in brinjal,red spider mite brinjal,red spider mite brinjal,5,26
775,1992,asking about paddy season and varieties (samba season),Crop Information,en,web,asking about paddy season and varieties (samba season),asking about paddy season and varieties samba season,asking paddy season variety samba season,ask paddi season varieti samba season,8,54
776,3224,Borer management for sorghum   ,Pest Management,en,unknown,borer management for sorghum,borer management for sorghum,borer management sorghum,borer manag sorghum,4,28
777,1259,    Asked about disease management in poultry information,Crop Disease,en,android-app-v1,asked about disease management in poultry information,asked about disease management in poultry information,asked disease management poultry information,ask diseas manag poultri inform,7,53
778,2644,asked  about flax seeds availability information,Cultivation,en,android-app-v1,asked about flax seeds availability information,asked about flax seeds availability information,asked flax seed availability information,ask flax seed avail inform,6,47
779,1487,Asked about weed management in sugarcane,Pest Management,en,unknown,asked about weed management in sugarcane,asked about weed management in sugarcane,asked weed management sugarcane,ask weed manag sugarcan,6,40
780,1689,asking  about attur weather report,Weather,en,android-app-v2,asking about attur weather report,asking about attur weather report,asking attur weather report,ask attur weather report,5,33
781,2226,Asking about Suitable varieties for Groundnut (Anippattam)   ,Crop Information,en,ussd-sms,asking about suitable varieties for groundnut (anippattam),asking about suitable varieties for groundnut anippattam,asking suitable variety groundnut anippattam,ask suitabl varieti groundnut anippattam,7,58
782,2316,asking about Wilt management in Cotton,Crop Disease,en,ussd-sms,asking about wilt management in cotton,asking about wilt management in cotton,asking wilt management cotton,ask wilt manag cotton,6,38
783,2771,Asking about adult insect management in paddy,Pest Management,en,android-app-v2,asking about adult insect management in paddy,asking about adult insect management in paddy,asking adult insect management paddy,ask adult insect manag paddi,7,45
784,1280,asking about Red palm weevil management in Coconut,General Agriculture,en,unknown,asking about red palm weevil management in coconut,asking about red palm weevil management in coconut,asking red palm weevil management coconut,ask red palm weevil manag coconut,8,50
785,1934,ASKING ABOUT TOMATO BASAL FERTILIZER MANAGEMENT,Fertilizer,en,android-app-v2,asking about tomato basal fertilizer management,asking about tomato basal fertilizer management,asking tomato basal fertilizer management,ask tomato basal fertil manag,6,47
786,3200,   ASKING ABOUT SUITABLE CROPS CULTIVATION FOR CHITHIRAIPATTAM (APRIL -MAY )   ,Weather,en,web,asking about suitable crops cultivation for chithiraipattam (april -may ),asking about suitable crops cultivation for chithiraipattam april -may,asking suitable crop cultivation chithiraipattam april -may,ask suitabl crop cultiv chithiraipattam april -may,9,73
787,1618,mango seedlings availability information,Cultivation,en,android-app-v2,mango seedlings availability information,mango seedlings availability information,mango seedling availability information,mango seedl avail inform,4,40
788,2437,Root  rot in paddy,Crop Disease,en,web,root rot in paddy,root rot in paddy,root rot paddy,root rot paddi,4,17
789,3272,Asking about Paddy Co 52 seeds availability information,Cultivation,en,web,asking about paddy co 52 seeds availability information,asking about paddy co 52 seeds availability information,asking paddy co 52 seed availability information,ask paddi co 52 seed avail inform,8,55
790,2627,Asking about suitable varieties for paddy (December -January)   ,Crop Information,en,android-app-v2,asking about suitable varieties for paddy (december -january),asking about suitable varieties for paddy december -january,asking suitable variety paddy december -january,ask suitabl varieti paddi decemb -januari,8,61
791,1480,Asked about bio potash application for banana crop,Pest Management,en,web,asked about bio potash application for banana crop,asked about bio potash application for banana crop,asked bio potash application banana crop,ask bio potash applic banana crop,8,50
792,1924,Asking  about Suitable varieties and climate condition for Pepper,Cultivation,en,unknown,asking about suitable varieties and climate condition for pepper,asking about suitable varieties and climate condition for pepper,asking suitable variety climate condition pepper,ask suitabl varieti climat condit pepper,9,64
793,2704,Asked about sesame seed rate,Crop Information,en,web,asked about sesame seed rate,asked about sesame seed rate,asked sesame seed rate,ask sesam seed rate,5,28
794,3306,asked about available of groundnut seeds,Cultivation,en,unknown,asked about available of groundnut seeds,asked about available of groundnut seeds,asked available groundnut seed,ask avail groundnut seed,6,40
795,2531,Asked  about suitable varieties for chilli   ,Cultivation,en,android-app-v1,asked about suitable varieties for chilli,asked about suitable varieties for chilli,asked suitable variety chilli,ask suitabl varieti chilli,6,41
796,1003,Asked about maize water management,Irrigation,en,unknown,asked about maize water management,asked about maize water management,asked maize water management,ask maiz water manag,5,34
797,3301,   Panama wilt for banana,Crop Disease,en,ussd-sms,panama wilt for banana,panama wilt for banana,panama wilt banana,panama wilt banana,4,22
798,2053,details about forage crops,Cultivation,en,android-app-v2,details about forage crops,details about forage crops,detail forage crop,detail forag crop,4,26
799,3101,Asking about suitable Blackgram varieties and their characteristics,Crop Information,en,unknown,asking about suitable blackgram varieties and their characteristics,asking about suitable blackgram varieties and their characteristics,asking suitable blackgram variety characteristic,ask suitabl blackgram varieti characterist,8,67
800,2000,asked about management of effect of herbicide,Fertilizer,en,ussd-sms,asked about management of effect of herbicide,asked about management of effect of herbicide,asked management effect herbicide,ask manag effect herbicid,7,45
801,2548,cut worm control in banana,Pest Management,en,ussd-sms,cut worm control in banana,cut worm control in banana,cut worm control banana,cut worm control banana,5,26
802,2866,Asking about Sugarcane CoC 13339 and CoC 25 variety information   ,Crop Information,en,android-app-v2,asking about sugarcane coc 13339 and coc 25 variety information,asking about sugarcane coc 13339 and coc 25 variety information,asking sugarcane coc 13339 coc 25 variety information,ask sugarcan coc 13339 coc 25 varieti inform,10,63
803,1633,"asked about paddy variety try 3, adt 51 crop duration information   ",Pest Management,en,ussd-sms,"asked about paddy variety try 3, adt 51 crop duration information",asked about paddy variety try 3 adt 51 crop duration information,asked paddy variety try 3 adt 51 crop duration information,ask paddi varieti tri 3 adt 51 crop durat inform,11,65
804,2367,   Asking about Address for Perambalur soil testing laboratory,Soil,en,web,asking about address for perambalur soil testing laboratory,asking about address for perambalur soil testing laboratory,asking address perambalur soil testing laboratory,ask address perambalur soil test laboratori,8,59
805,3319,   asked about soil testing information for vegetable cultivation   ,Cultivation,en,android-app-v2,asked about soil testing information for vegetable cultivation,asked about soil testing information for vegetable cultivation,asked soil testing information vegetable cultivation,ask soil test inform veget cultiv,8,62
806,2114,WEEDS CONTROL IN PADDY   ,Pest Management,en,android-app-v2,weeds control in paddy,weeds control in paddy,weed control paddy,weed control paddi,4,22
807,1385,   ASKED ABOUT WEED MANAGEMENT IN GROUNDNUT   ,Pest Management,en,ussd-sms,asked about weed management in groundnut,asked about weed management in groundnut,asked weed management groundnut,ask weed manag groundnut,6,40
808,2222,   asking about paddy crop yield loss information,Fertilizer,en,android-app-v1,asking about paddy crop yield loss information,asking about paddy crop yield loss information,asking paddy crop yield loss information,ask paddi crop yield loss inform,7,46
809,1853,Vellore weather report   ,Weather,en,web,vellore weather report,vellore weather report,vellore weather report,vellor weather report,3,22
810,3094,ASKING ABOUT SALEM TODAY WEATHER REPORT,Weather,en,web,asking about salem today weather report,asking about salem today weather report,asking salem today weather report,ask salem today weather report,6,39
811,2728,Asking about Ticks management in Cow   ,Crop Disease,en,android-app-v2,asking about ticks management in cow,asking about ticks management in cow,asking tick management cow,ask tick manag cow,6,36
812,1758,   asked about adt 54 paddy seeds availability contact,Cultivation,en,ussd-sms,asked about adt 54 paddy seeds availability contact,asked about adt 54 paddy seeds availability contact,asked adt 54 paddy seed availability contact,ask adt 54 paddi seed avail contact,8,51
813,2635,Dindugal  weather report details,Weather,en,android-app-v2,dindugal weather report details,dindugal weather report details,dindugal weather report detail,dindug weather report detail,4,31
814,1141,"Asked  about contact details of DEMIC, TNAU",Irrigation,en,android-app-v1,"asked about contact details of demic, tnau",asked about contact details of demic tnau,asked contact detail demic tnau,ask contact detail demic tnau,7,42
815,1793,SUITABLE  GREEN GRAM VARIETIES,Crop Information,en,unknown,suitable green gram varieties,suitable green gram varieties,suitable green gram variety,suitabl green gram varieti,4,29
816,1176,ASKING ABOUT TOP FERTILIZER MANAGEMENT IN TAPIOCA,Fertilizer,en,android-app-v1,asking about top fertilizer management in tapioca,asking about top fertilizer management in tapioca,asking top fertilizer management tapioca,ask top fertil manag tapioca,7,49
817,2080,Asked about management of whitefly in guava   ,General Agriculture,en,android-app-v2,asked about management of whitefly in guava,asked about management of whitefly in guava,asked management whitefly guava,ask manag whitefli guava,7,43
818,2687,groundnut seeds availability information   ,Cultivation,en,unknown,groundnut seeds availability information,groundnut seeds availability information,groundnut seed availability information,groundnut seed avail inform,4,40
819,2414,ASKED ABOUT YELLOW VEIN MOSAIC VIRUS MANAGEMENT IN BHENDI   ,Crop Disease,en,android-app-v2,asked about yellow vein mosaic virus management in bhendi,asked about yellow vein mosaic virus management in bhendi,asked yellow vein mosaic virus management bhendi,ask yellow vein mosaic virus manag bhendi,9,57
820,3178,Thrips in cotton,General Agriculture,en,android-app-v2,thrips in cotton,thrips in cotton,thrip cotton,thrip cotton,3,16
821,1392,   ASKING ABOUT SOIL TESTING TECHNIQUES,Soil,en,android-app-v1,asking about soil testing techniques,asking about soil testing techniques,asking soil testing technique,ask soil test techniqu,5,36
822,1733,groundnut  sowing season thiruvannamalai   ,General Agriculture,en,ussd-sms,groundnut sowing season thiruvannamalai,groundnut sowing season thiruvannamalai,groundnut sowing season thiruvannamalai,groundnut sow season thiruvannamalai,4,39
823,1858,asking about varieties of paddy   ,Crop Information,en,ussd-sms,asking about varieties of paddy,asking about varieties of paddy,asking variety paddy,ask varieti paddi,5,31
824,1052,Asked about Greengram sowing season and variety,Weather,en,web,asked about greengram sowing season and variety,asked about greengram sowing season and variety,asked greengram sowing season variety,ask greengram sow season varieti,7,47
825,1661,Blackgram sowing season   ,Weather,en,web,blackgram sowing season,blackgram sowing season,blackgram sowing season,blackgram sow season,3,23
826,2751,WEATHER REPORT INFORMATION,Weather,en,android-app-v1,weather report information,weather report information,weather report information,weather report inform,3,26
827,2396,"Asked about leaf hopper ,thrips & bud borer management in rose flower",Pest Management,en,android-app-v2,"asked about leaf hopper ,thrips & bud borer management in rose flower",asked about leaf hopper thrips bud borer management in rose flower,asked leaf hopper thrip bud borer management rose flower,ask leaf hopper thrip bud borer manag rose flower,11,69
828,1936,Asked about Casuarina spacing information,Cultivation,en,android-app-v2,asked about casuarina spacing information,asked about casuarina spacing information,asked casuarina spacing information,ask casuarina space inform,5,41
829,2876,weather report for tuticorin,Weather,en,ussd-sms,weather report for tuticorin,weather report for tuticorin,weather report tuticorin,weather report tuticorin,4,28
830,1919,Nursery  duration for small onion,Cultivation,en,android-app-v1,nursery duration for small onion,nursery duration for small onion,nursery duration small onion,nurseri durat small onion,5,32
831,1894,Asking about sesame sowing season for Tiruvannamalai district,Weather,en,android-app-v2,asking about sesame sowing season for tiruvannamalai district,asking about sesame sowing season for tiruvannamalai district,asking sesame sowing season tiruvannamalai district,ask sesam sow season tiruvannamalai district,8,61
832,2997,what are the uses Bio- mineralizer,Pest Management,en,web,what are the uses bio- mineralizer,what are the uses bio- mineralizer,us bio- mineralizer,us bio- miner,6,34
833,2337,Asked about Thuyamalli Paddy sowing season and total duration information   ,Weather,en,web,asked about thuyamalli paddy sowing season and total duration information,asked about thuyamalli paddy sowing season and total duration information,asked thuyamalli paddy sowing season total duration information,ask thuyam paddi sow season total durat inform,10,73
834,3151,ASKED ABOUT WATER MANAGEMENT FOR SESAME,Irrigation,en,unknown,asked about water management for sesame,asked about water management for sesame,asked water management sesame,ask water manag sesam,6,39
835,1548,Asking about root Rot management in onion (precaution),Crop Disease,en,unknown,asking about root rot management in onion (precaution),asking about root rot management in onion precaution,asking root rot management onion precaution,ask root rot manag onion precaut,8,54
836,2351,Asked about Mahendra 606 paddy variety duration   ,Crop Information,en,ussd-sms,asked about mahendra 606 paddy variety duration,asked about mahendra 606 paddy variety duration,asked mahendra 606 paddy variety duration,ask mahendra 606 paddi varieti durat,7,47
837,1498,Asking about paddy BPT 5204 variety details,Crop Information,en,web,asking about paddy bpt 5204 variety details,asking about paddy bpt 5204 variety details,asking paddy bpt 5204 variety detail,ask paddi bpt 5204 varieti detail,7,43
838,3277,    Asking about weed management in sugarcane   ,Pest Management,en,web,asking about weed management in sugarcane,asking about weed management in sugarcane,asking weed management sugarcane,ask weed manag sugarcan,6,41
839,1615,ASKING  ABOUT TRANSPLANTING AGE FOR RAGI,Weather,en,unknown,asking about transplanting age for ragi,asking about transplanting age for ragi,asking transplanting age ragi,ask transplant age ragi,6,39
840,1081,Paddy Sowing Season Varieties,Weather,en,android-app-v1,paddy sowing season varieties,paddy sowing season varieties,paddy sowing season variety,paddi sow season varieti,4,29
841,1536,   LEAF BLIGHT IN ONION,Crop Disease,en,web,leaf blight in onion,leaf blight in onion,leaf blight onion,leaf blight onion,4,20
842,1379,Asked about Root rot Management for Mulberry,Crop Disease,en,unknown,asked about root rot management for mulberry,asked about root rot management for mulberry,asked root rot management mulberry,ask root rot manag mulberri,7,44
843,1540,Asking about Weather report for Tirupur,Weather,en,android-app-v1,asking about weather report for tirupur,asking about weather report for tirupur,asking weather report tirupur,ask weather report tirupur,6,39
844,2164,thirupur weather report,Weather,en,ussd-sms,thirupur weather report,thirupur weather report,thirupur weather report,thirupur weather report,3,23
845,1630,asking about onion basal fertilizer requiremwnr,Fertilizer,en,web,asking about onion basal fertilizer requiremwnr,asking about onion basal fertilizer requiremwnr,asking onion basal fertilizer requiremwnr,ask onion basal fertil requiremwnr,6,47
846,1911,asking about Leaf Blight management in onion,Crop Disease,en,android-app-v2,asking about leaf blight management in onion,asking about leaf blight management in onion,asking leaf blight management onion,ask leaf blight manag onion,7,44
847,3235,paddy variety and sowing season,Crop Information,en,android-app-v2,paddy variety and sowing season,paddy variety and sowing season,paddy variety sowing season,paddi varieti sow season,5,31
848,1626,   Asking about basal fertilizer management for Cumbu,Weather,en,android-app-v2,asking about basal fertilizer management for cumbu,asking about basal fertilizer management for cumbu,asking basal fertilizer management cumbu,ask basal fertil manag cumbu,7,50
849,2041,ASKED  ABOUT PADDY TOP FERTILIZER APPLICATION,Fertilizer,en,web,asked about paddy top fertilizer application,asked about paddy top fertilizer application,asked paddy top fertilizer application,ask paddi top fertil applic,6,44
850,1331,Asked about TKM 9 total duration information   ,Crop Information,en,unknown,asked about tkm 9 total duration information,asked about tkm 9 total duration information,asked tkm 9 total duration information,ask tkm 9 total durat inform,7,44
851,2137,Asked  about Castor sowing season,Weather,en,ussd-sms,asked about castor sowing season,asked about castor sowing season,asked castor sowing season,ask castor sow season,5,32
852,2318,Storage of seed rhizomes,Harvesting,en,ussd-sms,storage of seed rhizomes,storage of seed rhizomes,storage seed rhizome,storag seed rhizom,4,24
853,1220,asking about sugarcane top dressing fertilizer application   ,Fertilizer,en,android-app-v2,asking about sugarcane top dressing fertilizer application,asking about sugarcane top dressing fertilizer application,asking sugarcane top dressing fertilizer application,ask sugarcan top dress fertil applic,7,58
854,1037,Asked about Green manure and sugarcane mill waste application,Fertilizer,en,android-app-v1,asked about green manure and sugarcane mill waste application,asked about green manure and sugarcane mill waste application,asked green manure sugarcane mill waste application,ask green manur sugarcan mill wast applic,9,61
855,1370,   Asking About Suitable Blackgram Season And Variety,Crop Information,en,android-app-v1,asking about suitable blackgram season and variety,asking about suitable blackgram season and variety,asking suitable blackgram season variety,ask suitabl blackgram season varieti,7,50
856,1035,Asked about paddy sowing season and variety,Crop Information,en,unknown,asked about paddy sowing season and variety,asked about paddy sowing season and variety,asked paddy sowing season variety,ask paddi sow season varieti,7,43
857,1971,"ASKING ABOUT HORTICULTURAL RESEARCH STATION,YERCAUD CONTACT INFORMATION",Cultivation,en,web,"asking about horticultural research station,yercaud contact information",asking about horticultural research station yercaud contact information,asking horticultural research station yercaud contact information,ask horticultur research station yercaud contact inform,8,71
858,2231,Asking about weather report for pudukottai district,Weather,en,android-app-v2,asking about weather report for pudukottai district,asking about weather report for pudukottai district,asking weather report pudukottai district,ask weather report pudukottai district,7,51
859,1867,Asking about Brown Spot management in paddy,General Agriculture,en,unknown,asking about brown spot management in paddy,asking about brown spot management in paddy,asking brown spot management paddy,ask brown spot manag paddi,7,43
860,1864,Asking About Bacterial Leaf Blight Management In Paddy   ,Crop Disease,en,ussd-sms,asking about bacterial leaf blight management in paddy,asking about bacterial leaf blight management in paddy,asking bacterial leaf blight management paddy,ask bacteri leaf blight manag paddi,8,54
861,2701,Asking  about suitable sesame varieties for Villupuram district   ,Crop Information,en,unknown,asking about suitable sesame varieties for villupuram district,asking about suitable sesame varieties for villupuram district,asking suitable sesame variety villupuram district,ask suitabl sesam varieti villupuram district,8,62
862,1674,Asked about paddy sowing season information   ,Crop Information,en,unknown,asked about paddy sowing season information,asked about paddy sowing season information,asked paddy sowing season information,ask paddi sow season inform,6,43
863,2525,   Asked about Sorghum Disease identification,Crop Disease,en,ussd-sms,asked about sorghum disease identification,asked about sorghum disease identification,asked sorghum disease identification,ask sorghum diseas identif,5,42
864,2759,Asking about CHEMBARAMBAKKAM water level,Irrigation,en,web,asking about chembarambakkam water level,asking about chembarambakkam water level,asking chembarambakkam water level,ask chembarambakkam water level,5,40
865,2239,   Asked about Water management after fertilizer application,Irrigation,en,ussd-sms,asked about water management after fertilizer application,asked about water management after fertilizer application,asked water management fertilizer application,ask water manag fertil applic,7,57
866,1284,   Asked about Weed management for paddy crop,Pest Management,en,ussd-sms,asked about weed management for paddy crop,asked about weed management for paddy crop,asked weed management paddy crop,ask weed manag paddi crop,7,42
867,3223,ASKING  ABOUT GROUNDNUT RICH AVAILABILITY INFORMATION   ,Fertilizer,en,android-app-v1,asking about groundnut rich availability information,asking about groundnut rich availability information,asking groundnut rich availability information,ask groundnut rich avail inform,6,52
868,2624,FARMER ASKED PRICE DETAIL OF MAIZE IN THENI MANDI.,General Agriculture,en,android-app-v2,farmer asked price detail of maize in theni mandi.,farmer asked price detail of maize in theni mandi,farmer asked price detail maize theni mandi,farmer ask price detail maiz theni mandi,9,50
869,3072,Askling about Neyveli weather Report,Weather,en,web,askling about neyveli weather report,askling about neyveli weather report,askling neyveli weather report,askl neyv weather report,5,36
870,1819,Asked about Moringa Leaf powder making   ,Harvesting,en,ussd-sms,asked about moringa leaf powder making,asked about moringa leaf powder making,asked moringa leaf powder making,ask moringa leaf powder make,6,38
871,1372,top dressing for groundnut,Fertilizer,en,unknown,top dressing for groundnut,top dressing for groundnut,top dressing groundnut,top dress groundnut,4,26
872,1188,   Asked about fertigation schedule for watermelon,Fertilizer,en,android-app-v1,asked about fertigation schedule for watermelon,asked about fertigation schedule for watermelon,asked fertigation schedule watermelon,ask fertig schedul watermelon,6,47
873,1078,Asked about MDU 1 Black gram variety information,Crop Information,en,unknown,asked about mdu 1 black gram variety information,asked about mdu 1 black gram variety information,asked mdu 1 black gram variety information,ask mdu 1 black gram varieti inform,8,48
874,2674,   Asked about Pruning stage for Tamarind tree,Cultivation,en,web,asked about pruning stage for tamarind tree,asked about pruning stage for tamarind tree,asked pruning stage tamarind tree,ask prune stage tamarind tree,7,43
875,3282,Asked about disease management for Guava   ,Crop Disease,en,web,asked about disease management for guava,asked about disease management for guava,asked disease management guava,ask diseas manag guava,6,40
876,2930,    ASKED ABOUT PADDY STEM BORER MANAGMENT,Pest Management,en,android-app-v1,asked about paddy stem borer managment,asked about paddy stem borer managment,asked paddy stem borer managment,ask paddi stem borer manag,6,38
877,2142,asked about suitable groundnut varieties and yield information,Crop Information,en,web,asked about suitable groundnut varieties and yield information,asked about suitable groundnut varieties and yield information,asked suitable groundnut variety yield information,ask suitabl groundnut varieti yield inform,8,62
878,2366,   Asking about puthukottai horticultural department contact number,Cultivation,en,android-app-v1,asking about puthukottai horticultural department contact number,asking about puthukottai horticultural department contact number,asking puthukottai horticultural department contact number,ask puthukottai horticultur depart contact number,7,64
879,1827,Asked  about sowing season & duration for paddy variety ADT 43   ,Weather,en,web,asked about sowing season & duration for paddy variety adt 43,asked about sowing season duration for paddy variety adt 43,asked sowing season duration paddy variety adt 43,ask sow season durat paddi varieti adt 43,10,61
880,1944,Asking about Sowing season of Agriculture crops,Weather,en,android-app-v2,asking about sowing season of agriculture crops,asking about sowing season of agriculture crops,asking sowing season agriculture crop,ask sow season agricultur crop,7,47
881,1452,Central  Institute for Subtropical Horticulture contact number details,Cultivation,en,android-app-v1,central institute for subtropical horticulture contact number details,central institute for subtropical horticulture contact number details,central institute subtropical horticulture contact number detail,central institut subtrop horticultur contact number detail,8,69
882,1862,   erode veterinary department contact number details,Crop Disease,en,unknown,erode veterinary department contact number details,erode veterinary department contact number details,erode veterinary department contact number detail,erod veterinari depart contact number detail,6,50
883,2910,asked about stem borer management in mango   ,Pest Management,en,web,asked about stem borer management in mango,asked about stem borer management in mango,asked stem borer management mango,ask stem borer manag mango,7,42
884,2646,Asked about IR 50 paddy seeds availability information,Crop Information,en,ussd-sms,asked about ir 50 paddy seeds availability information,asked about ir 50 paddy seeds availability information,asked ir 50 paddy seed availability information,ask ir 50 paddi seed avail inform,8,54
885,3127,ASKING  ABOUT BASAL FERTILIZER MANAGEMENT IN TAPIOCA,Fertilizer,en,android-app-v2,asking about basal fertilizer management in tapioca,asking about basal fertilizer management in tapioca,asking basal fertilizer management tapioca,ask basal fertil manag tapioca,7,51
886,1658,Asking about Leaf blight management in Curry leaf   ,Crop Disease,en,android-app-v2,asking about leaf blight management in curry leaf,asking about leaf blight management in curry leaf,asking leaf blight management curry leaf,ask leaf blight manag curri leaf,8,49
887,2963,   Asking about Average yield for ADT 5 black gram variety,Cultivation,en,android-app-v1,asking about average yield for adt 5 black gram variety,asking about average yield for adt 5 black gram variety,asking average yield adt 5 black gram variety,ask averag yield adt 5 black gram varieti,10,55
888,2473,asking about paddy top dressing fertilizer application   ,Fertilizer,en,web,asking about paddy top dressing fertilizer application,asking about paddy top dressing fertilizer application,asking paddy top dressing fertilizer application,ask paddi top dress fertil applic,7,54
889,3251,Asked about wilt disease management in brinjal crop,Crop Disease,en,android-app-v2,asked about wilt disease management in brinjal crop,asked about wilt disease management in brinjal crop,asked wilt disease management brinjal crop,ask wilt diseas manag brinjal crop,8,51
890,3274,   asking about erode district today weather report,Weather,en,web,asking about erode district today weather report,asking about erode district today weather report,asking erode district today weather report,ask erod district today weather report,7,48
891,1834,   Asking about banana bio fertilizer management,Pest Management,en,web,asking about banana bio fertilizer management,asking about banana bio fertilizer management,asking banana bio fertilizer management,ask banana bio fertil manag,6,45
892,1094,asking  about bio fertilizer application for coconut   ,Pest Management,en,web,asking about bio fertilizer application for coconut,asking about bio fertilizer application for coconut,asking bio fertilizer application coconut,ask bio fertil applic coconut,7,51
893,1830,asking about consultancy of sowing season for cotton,Cultivation,en,ussd-sms,asking about consultancy of sowing season for cotton,asking about consultancy of sowing season for cotton,asking consultancy sowing season cotton,ask consult sow season cotton,8,52
894,3015,ASKING ABOUT FOREST DEPARTMENT KANCHEEPURAM DISTRICT CONTACT NO.(CASURINA ROOT ENHANCE),Cultivation,en,web,asking about forest department kancheepuram district contact no.(casurina root enhance),asking about forest department kancheepuram district contact no casurina root enhance,asking forest department kancheepuram district contact no casurina root enhance,ask forest depart kancheepuram district contact no casurina root enhanc,11,87
895,2443,Asking about Red Gram durations,Crop Information,en,web,asking about red gram durations,asking about red gram durations,asking red gram duration,ask red gram durat,5,31
896,2038,Thoothukudi Agricultural Engineering Department Contact Number Details   ,Cultivation,en,unknown,thoothukudi agricultural engineering department contact number details,thoothukudi agricultural engineering department contact number details,thoothukudi agricultural engineering department contact number detail,thoothukudi agricultur engin depart contact number detail,7,70
897,1333,Brinjal root rot management,Crop Disease,en,android-app-v1,brinjal root rot management,brinjal root rot management,brinjal root rot management,brinjal root rot manag,4,27
898,2406,Asked about top dressing management for groundnut,Fertilizer,en,web,asked about top dressing management for groundnut,asked about top dressing management for groundnut,asked top dressing management groundnut,ask top dress manag groundnut,7,49
899,1368,Today Weather report information,Weather,en,web,today weather report information,today weather report information,today weather report information,today weather report inform,4,32
900,2246,asking about sowing season for maize,Weather,en,web,asking about sowing season for maize,asking about sowing season for maize,asking sowing season maize,ask sow season maiz,6,36
901,2157,Asking About Weather Report For Villupuram District   ,Weather,en,android-app-v2,asking about weather report for villupuram district,asking about weather report for villupuram district,asking weather report villupuram district,ask weather report villupuram district,7,51
902,2634,RICE TUNGRO VIRUS   ,Crop Disease,en,web,rice tungro virus,rice tungro virus,rice tungro virus,rice tungro virus,3,17
903,2298,   Asking about soil testing information,Soil,en,android-app-v1,asking about soil testing information,asking about soil testing information,asking soil testing information,ask soil test inform,5,37
904,2955,asking  about basal fertilizer management for cumbu   ,Fertilizer,en,unknown,asking about basal fertilizer management for cumbu,asking about basal fertilizer management for cumbu,asking basal fertilizer management cumbu,ask basal fertil manag cumbu,7,50
905,3244,Asked  about Flower setting management and yield increase for Tomato,Fertilizer,en,web,asked about flower setting management and yield increase for tomato,asked about flower setting management and yield increase for tomato,asked flower setting management yield increase tomato,ask flower set manag yield increas tomato,10,67
906,1643,Asking about coconut planting,General Agriculture,en,android-app-v2,asking about coconut planting,asking about coconut planting,asking coconut planting,ask coconut plant,4,29
907,1238,Asking about Foliar spray for Paddy (bio potash application time),Fertilizer,en,android-app-v2,asking about foliar spray for paddy (bio potash application time),asking about foliar spray for paddy bio potash application time,asking foliar spray paddy bio potash application time,ask foliar spray paddi bio potash applic time,10,65
908,1178,   asked about encarsia parasitoid availability place information,General Agriculture,en,ussd-sms,asked about encarsia parasitoid availability place information,asked about encarsia parasitoid availability place information,asked encarsia parasitoid availability place information,ask encarsia parasitoid avail place inform,7,62
909,2009,TIRUNELVELI DISTRICT WEATHER FORECAST,Weather,en,android-app-v1,tirunelveli district weather forecast,tirunelveli district weather forecast,tirunelveli district weather forecast,tirunelv district weather forecast,4,37
910,3232,Asked about TPS 3 seed availability information   ,General Agriculture,en,unknown,asked about tps 3 seed availability information,asked about tps 3 seed availability information,asked tps 3 seed availability information,ask tps 3 seed avail inform,7,47
911,3079,ASKED ABOUT SUITABLE PADDY VARIETIES FOR APRIL-MAY MONTH,Crop Information,en,android-app-v2,asked about suitable paddy varieties for april-may month,asked about suitable paddy varieties for april-may month,asked suitable paddy variety april-may month,ask suitabl paddi varieti april-may month,8,56
912,1456,Asked about suitable paddy varieties for navarai season   ,Crop Information,en,android-app-v1,asked about suitable paddy varieties for navarai season,asked about suitable paddy varieties for navarai season,asked suitable paddy variety navarai season,ask suitabl paddi varieti navarai season,8,55
913,1532,asking about Thiruvannamalai district weather Report   ,Weather,en,ussd-sms,asking about thiruvannamalai district weather report,asking about thiruvannamalai district weather report,asking thiruvannamalai district weather report,ask thiruvannamalai district weather report,6,52
914,2992,ariety for cotton and groundnut,General Agriculture,en,web,ariety for cotton and groundnut,ariety for cotton and groundnut,ariety cotton groundnut,arieti cotton groundnut,5,31
915,2007,Asked about paddy CR 1009 and CR 1009 Sub 1 yield information,Crop Information,en,ussd-sms,asked about paddy cr 1009 and cr 1009 sub 1 yield information,asked about paddy cr 1009 and cr 1009 sub 1 yield information,asked paddy cr 1009 cr 1009 sub 1 yield information,ask paddi cr 1009 cr 1009 sub 1 yield inform,12,61
916,3189,asking about cotton flower and fruit drop management,Fertilizer,en,android-app-v1,asking about cotton flower and fruit drop management,asking about cotton flower and fruit drop management,asking cotton flower fruit drop management,ask cotton flower fruit drop manag,8,52
917,1861,asked about co 51 paddy variety information,Crop Information,en,unknown,asked about co 51 paddy variety information,asked about co 51 paddy variety information,asked co 51 paddy variety information,ask co 51 paddi varieti inform,7,43
918,1399,Asked about characteristics of paddy variety ADT 37 information,Crop Information,en,unknown,asked about characteristics of paddy variety adt 37 information,asked about characteristics of paddy variety adt 37 information,asked characteristic paddy variety adt 37 information,ask characterist paddi varieti adt 37 inform,9,63
919,2499,flower  drops (fusarium wilt) in brinjal,Crop Disease,en,android-app-v1,flower drops (fusarium wilt) in brinjal,flower drops fusarium wilt in brinjal,flower drop fusarium wilt brinjal,flower drop fusarium wilt brinjal,6,39
920,1375,weed management for maize   ,Pest Management,en,ussd-sms,weed management for maize,weed management for maize,weed management maize,weed manag maiz,4,25
921,1865,Asking About Coimbatore Weather Report,Weather,en,web,asking about coimbatore weather report,asking about coimbatore weather report,asking coimbatore weather report,ask coimbator weather report,5,38
922,2393,Asking about Animal disease management,Crop Disease,en,android-app-v1,asking about animal disease management,asking about animal disease management,asking animal disease management,ask anim diseas manag,5,38
923,1860,   Asking about Special features for TPS 3 paddy variety,Cultivation,en,android-app-v2,asking about special features for tps 3 paddy variety,asking about special features for tps 3 paddy variety,asking special feature tps 3 paddy variety,ask special featur tps 3 paddi varieti,9,53
924,2810,Asking about brinjal stem borer management,Pest Management,en,web,asking about brinjal stem borer management,asking about brinjal stem borer management,asking brinjal stem borer management,ask brinjal stem borer manag,6,42
925,2809,Asked about weed management for paddy,Pest Management,en,android-app-v2,asked about weed management for paddy,asked about weed management for paddy,asked weed management paddy,ask weed manag paddi,6,37
926,1274,Asking about Maize top dressing fertilizer management,Fertilizer,en,web,asking about maize top dressing fertilizer management,asking about maize top dressing fertilizer management,asking maize top dressing fertilizer management,ask maiz top dress fertil manag,7,53
927,1812,Asking about PINK PIGMENTED FACULTATIVE METHYLOTROPS (PPFM) availability information,Irrigation,en,android-app-v2,asking about pink pigmented facultative methylotrops (ppfm) availability information,asking about pink pigmented facultative methylotrops ppfm availability information,asking pink pigmented facultative methylotrops ppfm availability information,ask pink pigment facult methylotrop ppfm avail inform,9,84
928,3177,   SOWING SEASON FOR PADDY   ,Cultivation,en,unknown,sowing season for paddy,sowing season for paddy,sowing season paddy,sow season paddi,4,23
929,2888,asking for the leaf blight in tomato,Fertilizer,en,web,asking for the leaf blight in tomato,asking for the leaf blight in tomato,asking leaf blight tomato,ask leaf blight tomato,7,36
930,3208,Asking about Suitable Paddy varieties and Duration information   ,Crop Information,en,web,asking about suitable paddy varieties and duration information,asking about suitable paddy varieties and duration information,asking suitable paddy variety duration information,ask suitabl paddi varieti durat inform,8,62
931,2534,Asking about Suitable black gram varieties in Chithiraipattam,Cultivation,en,ussd-sms,asking about suitable black gram varieties in chithiraipattam,asking about suitable black gram varieties in chithiraipattam,asking suitable black gram variety chithiraipattam,ask suitabl black gram varieti chithiraipattam,8,61
932,1893,asked about organic pesticide preparation,Pest Management,en,web,asked about organic pesticide preparation,asked about organic pesticide preparation,asked organic pesticide preparation,ask organ pesticid prepar,5,41
933,1465,weeds control in maize,Pest Management,en,web,weeds control in maize,weeds control in maize,weed control maize,weed control maiz,4,22
934,1281,Indian Institute Of Crop Processing Technology address   ,Harvesting,en,unknown,indian institute of crop processing technology address,indian institute of crop processing technology address,indian institute crop processing technology address,indian institut crop process technolog address,7,54
935,1832,Asked about sudden wilt symptom in sapota,Crop Disease,en,unknown,asked about sudden wilt symptom in sapota,asked about sudden wilt symptom in sapota,asked sudden wilt symptom sapota,ask sudden wilt symptom sapota,7,41
936,2127,    Asking about weed management for beans   ,Cultivation,en,unknown,asking about weed management for beans,asking about weed management for beans,asking weed management bean,ask weed manag bean,6,38
937,2816,   Asked about Mahatma Gandhi National Rural Employment Guarantee Scheme help line number (Complaint related ),Cultivation,en,ussd-sms,asked about mahatma gandhi national rural employment guarantee scheme help line number (complaint related ),asked about mahatma gandhi national rural employment guarantee scheme help line number complaint related,asked mahatma gandhi national rural employment guarantee scheme help line number complaint related,ask mahatma gandhi nation rural employ guarante scheme help line number complaint relat,14,107
938,2860,Asking about suitable paddy varieties for samba season,Crop Information,en,ussd-sms,asking about suitable paddy varieties for samba season,asking about suitable paddy varieties for samba season,asking suitable paddy variety samba season,ask suitabl paddi varieti samba season,8,54
939,2764,"Asked  about groundnut sowing season, varieties and yield   ",Crop Information,en,android-app-v2,"asked about groundnut sowing season, varieties and yield",asked about groundnut sowing season varieties and yield,asked groundnut sowing season variety yield,ask groundnut sow season varieti yield,8,56
940,3269,asking for the soil testing lab,Soil,en,ussd-sms,asking for the soil testing lab,asking for the soil testing lab,asking soil testing lab,ask soil test lab,6,31
941,2467,POD BORER CONTROL IN BLACK GRAM,Pest Management,en,ussd-sms,pod borer control in black gram,pod borer control in black gram,pod borer control black gram,pod borer control black gram,6,31
942,1289,   drumstick nutrient management   ,Fertilizer,en,web,drumstick nutrient management,drumstick nutrient management,drumstick nutrient management,drumstick nutrient manag,3,29
943,1908,    paddy CO 51 variety duration (days) and sowing season   ,Cultivation,en,android-app-v2,paddy co 51 variety duration (days) and sowing season,paddy co 51 variety duration days and sowing season,paddy co 51 variety duration day sowing season,paddi co 51 varieti durat day sow season,9,53
944,1165,Asked about VILLUPURAM weather report information   ,Weather,en,unknown,asked about villupuram weather report information,asked about villupuram weather report information,asked villupuram weather report information,ask villupuram weather report inform,6,49
945,1714,   Jack stem borer management details,Pest Management,en,ussd-sms,jack stem borer management details,jack stem borer management details,jack stem borer management detail,jack stem borer manag detail,5,34
946,2348,asked about disease and pest resistance information of ADT 54 Paddy variety,Crop Disease,en,android-app-v1,asked about disease and pest resistance information of adt 54 paddy variety,asked about disease and pest resistance information of adt 54 paddy variety,asked disease pest resistance information adt 54 paddy variety,ask diseas pest resist inform adt 54 paddi varieti,12,75
947,3012,Thiruvannamalai  weather report details,Weather,en,android-app-v2,thiruvannamalai weather report details,thiruvannamalai weather report details,thiruvannamalai weather report detail,thiruvannamalai weather report detail,4,38
948,2700,   Paddy navrai varieties for thiruvananmalai,Crop Information,en,android-app-v1,paddy navrai varieties for thiruvananmalai,paddy navrai varieties for thiruvananmalai,paddy navrai variety thiruvananmalai,paddi navrai varieti thiruvananmalai,5,42
949,1332,Asking about Virtako insecticide uses in Paddy,Pest Management,en,android-app-v2,asking about virtako insecticide uses in paddy,asking about virtako insecticide uses in paddy,asking virtako insecticide us paddy,ask virtako insecticid us paddi,7,46
950,2453,Pre emergence weed management in black gram,Pest Management,en,android-app-v2,pre emergence weed management in black gram,pre emergence weed management in black gram,pre emergence weed management black gram,pre emerg weed manag black gram,7,43
951,2725,Asking about features of superior coconut mother palms,Cultivation,en,android-app-v1,asking about features of superior coconut mother palms,asking about features of superior coconut mother palms,asking feature superior coconut mother palm,ask featur superior coconut mother palm,8,54
952,3183,   Asked about preventive pesticide spray for paddy,Crop Information,en,web,asked about preventive pesticide spray for paddy,asked about preventive pesticide spray for paddy,asked preventive pesticide spray paddy,ask prevent pesticid spray paddi,7,48
953,1268,Asked about sesame crop insurance information,Cultivation,en,android-app-v2,asked about sesame crop insurance information,asked about sesame crop insurance information,asked sesame crop insurance information,ask sesam crop insur inform,6,45
954,2731,Asking about krishnagiri horticulture office contact number,Weather,en,web,asking about krishnagiri horticulture office contact number,asking about krishnagiri horticulture office contact number,asking krishnagiri horticulture office contact number,ask krishnagiri horticultur offic contact number,7,59
955,2629,Asking about Contact number of Musiri agriculture officer for subsidy,General Agriculture,en,android-app-v2,asking about contact number of musiri agriculture officer for subsidy,asking about contact number of musiri agriculture officer for subsidy,asking contact number musiri agriculture officer subsidy,ask contact number musiri agricultur offic subsidi,10,69
956,3152,   SUITABLE GROUNDNUT VARIETY,Crop Information,en,android-app-v1,suitable groundnut variety,suitable groundnut variety,suitable groundnut variety,suitabl groundnut varieti,3,26
957,2283,ASKING  ABOUT SUITABLE PADDY VARIETIES FOR SORNAVARI SEASON,Crop Information,en,unknown,asking about suitable paddy varieties for sornavari season,asking about suitable paddy varieties for sornavari season,asking suitable paddy variety sornavari season,ask suitabl paddi varieti sornavari season,8,58
958,1447,   ONION THRIPS MANAGEMENT   ,General Agriculture,en,android-app-v2,onion thrips management,onion thrips management,onion thrip management,onion thrip manag,3,23
959,2448,root rot in coleus,Crop Disease,en,web,root rot in coleus,root rot in coleus,root rot coleus,root rot coleus,4,18
960,2299,Asked about Wettable sulphur and Oberon pesticide can be mixed,Pest Management,en,android-app-v1,asked about wettable sulphur and oberon pesticide can be mixed,asked about wettable sulphur and oberon pesticide can be mixed,asked wettable sulphur oberon pesticide mixed,ask wettabl sulphur oberon pesticid mix,10,62
961,1769,sugar  cane top dressing fertilizer   ,Fertilizer,en,android-app-v1,sugar cane top dressing fertilizer,sugar cane top dressing fertilizer,sugar cane top dressing fertilizer,sugar cane top dress fertil,5,34
962,2595,    sesame market rate,General Agriculture,en,unknown,sesame market rate,sesame market rate,sesame market rate,sesam market rate,3,18
963,2122,   Asking Collar Rot Disease Management N Brinjal Crop,Crop Disease,en,ussd-sms,asking collar rot disease management n brinjal crop,asking collar rot disease management n brinjal crop,asking collar rot disease management n brinjal crop,ask collar rot diseas manag n brinjal crop,8,51
964,3134,blight and leaf spot problem in onion crop?,Crop Disease,en,unknown,blight and leaf spot problem in onion crop?,blight and leaf spot problem in onion crop,blight leaf spot problem onion crop,blight leaf spot problem onion crop,8,43
965,2684,asking about paddy sowing season and varieties at vellore,Crop Information,en,android-app-v1,asking about paddy sowing season and varieties at vellore,asking about paddy sowing season and varieties at vellore,asking paddy sowing season variety vellore,ask paddi sow season varieti vellor,9,57
966,2398,dharmapuri  weather report details   ,Weather,en,web,dharmapuri weather report details,dharmapuri weather report details,dharmapuri weather report detail,dharmapuri weather report detail,4,33
967,2087,asked about kudirai vali sowing season   ,Cultivation,en,ussd-sms,asked about kudirai vali sowing season,asked about kudirai vali sowing season,asked kudirai vali sowing season,ask kudirai vali sow season,6,38
968,2606,Asked about market price for timber price   ,General Agriculture,en,android-app-v2,asked about market price for timber price,asked about market price for timber price,asked market price timber price,ask market price timber price,7,41
969,2489,    ASKING ABOUT NEED FOR PULSES CULTIVATION TRAINING   ,General Agriculture,en,android-app-v1,asking about need for pulses cultivation training,asking about need for pulses cultivation training,asking need pulse cultivation training,ask need puls cultiv train,7,49
970,2445,Asked about tomato crop insurance cut off date,General Agriculture,en,android-app-v2,asked about tomato crop insurance cut off date,asked about tomato crop insurance cut off date,asked tomato crop insurance cut date,ask tomato crop insur cut date,8,46
971,2601,   PADDY STEM BORER MANAGEMENT,Pest Management,en,android-app-v1,paddy stem borer management,paddy stem borer management,paddy stem borer management,paddi stem borer manag,4,27
972,2345,ASKED ABOUT FARM YARD MANURE AND WATER MIXED SOLUTION GIVEN THROUGH DRIPLINES (FOR ROSE PLANT)   ,Fertilizer,en,unknown,asked about farm yard manure and water mixed solution given through driplines (for rose plant),asked about farm yard manure and water mixed solution given through driplines for rose plant,asked farm yard manure water mixed solution given driplines rose plant,ask farm yard manur water mix solut given driplin rose plant,15,94
973,1128,   asking about Paddy crop insurance information (2020-2021),General Agriculture,en,ussd-sms,asking about paddy crop insurance information (2020-2021),asking about paddy crop insurance information 2020-2021,asking paddy crop insurance information 2020-2021,ask paddi crop insur inform 2020-2021,7,57
974,1682,Weather  report for Madurai district,Weather,en,android-app-v2,weather report for madurai district,weather report for madurai district,weather report madurai district,weather report madurai district,5,35
975,1022,Asked About Maize Basal Fertilizer Management (Rainfed)   ,Fertilizer,en,android-app-v2,asked about maize basal fertilizer management (rainfed),asked about maize basal fertilizer management rainfed,asked maize basal fertilizer management rainfed,ask maiz basal fertil manag rainf,7,55
976,2194,Asking  about relief fund details for cyclone affected crops   ,Crop Information,en,android-app-v2,asking about relief fund details for cyclone affected crops,asking about relief fund details for cyclone affected crops,asking relief fund detail cyclone affected crop,ask relief fund detail cyclon affect crop,9,59
977,2932,   ASKING ABOUT COCCINIA SUCKING PEST MANAGEMENT,Pest Management,en,unknown,asking about coccinia sucking pest management,asking about coccinia sucking pest management,asking coccinia sucking pest management,ask coccinia suck pest manag,6,45
978,1212,coconut water mgt   ,Irrigation,en,android-app-v1,coconut water mgt,coconut water mgt,coconut water mgt,coconut water mgt,3,17
979,2879,   asking about new govt.schemes details,General Agriculture,en,android-app-v1,asking about new govt.schemes details,asking about new govt.schemes details,asking new govt.schemes detail,ask new govt.schem detail,5,37
980,2150,ASKING ABOUT TAPIOCA FOLIAR FOLIAR NUTRITION SPRAY MANAGEMENT,Fertilizer,en,ussd-sms,asking about tapioca foliar foliar nutrition spray management,asking about tapioca foliar foliar nutrition spray management,asking tapioca foliar foliar nutrition spray management,ask tapioca foliar foliar nutrit spray manag,8,61
981,1134,Asking about foliar spray in sugarcane,Fertilizer,en,android-app-v1,asking about foliar spray in sugarcane,asking about foliar spray in sugarcane,asking foliar spray sugarcane,ask foliar spray sugarcan,6,38
982,1112,Asked  about goat disease management,Crop Disease,en,android-app-v1,asked about goat disease management,asked about goat disease management,asked goat disease management,ask goat diseas manag,5,35
983,1320,Grassy shoot disease,Crop Disease,en,android-app-v1,grassy shoot disease,grassy shoot disease,grassy shoot disease,grassi shoot diseas,3,20
984,2030,Asking about weather report for Namakkal,Weather,en,ussd-sms,asking about weather report for namakkal,asking about weather report for namakkal,asking weather report namakkal,ask weather report namakk,6,40
985,1624,   tomato fruit borer control   ,Pest Management,en,unknown,tomato fruit borer control,tomato fruit borer control,tomato fruit borer control,tomato fruit borer control,4,26
986,3266,   yellow vien mosaic virus in bhendi,Crop Disease,en,ussd-sms,yellow vien mosaic virus in bhendi,yellow vien mosaic virus in bhendi,yellow vien mosaic virus bhendi,yellow vien mosaic virus bhendi,6,34
987,2118,asked about boron fertilizer information,Fertilizer,en,web,asked about boron fertilizer information,asked about boron fertilizer information,asked boron fertilizer information,ask boron fertil inform,5,40
988,1655,Asked  about paddy varieties suitable for thaladi,Crop Information,en,android-app-v2,asked about paddy varieties suitable for thaladi,asked about paddy varieties suitable for thaladi,asked paddy variety suitable thaladi,ask paddi varieti suitabl thaladi,7,48
989,3133,Weather  Report For Nagapattinam   ,Weather,en,android-app-v1,weather report for nagapattinam,weather report for nagapattinam,weather report nagapattinam,weather report nagapattinam,4,31
990,2389,Asked about Mosaic disease management for Tomato (Fipronil can be spray)   ,Crop Disease,en,android-app-v1,asked about mosaic disease management for tomato (fipronil can be spray),asked about mosaic disease management for tomato fipronil can be spray,asked mosaic disease management tomato fipronil spray,ask mosaic diseas manag tomato fipronil spray,11,72
991,2653,   Asking About Weather Details,Weather,en,unknown,asking about weather details,asking about weather details,asking weather detail,ask weather detail,4,28
992,1724,Asked about Paddy Nellore Mahsuri (NLR34449) variety duration,Crop Information,en,unknown,asked about paddy nellore mahsuri (nlr34449) variety duration,asked about paddy nellore mahsuri nlr34449 variety duration,asked paddy nellore mahsuri nlr34449 variety duration,ask paddi nellor mahsuri nlr34449 varieti durat,8,61
993,1470,Asking about cow loan detail   ,General Agriculture,en,android-app-v1,asking about cow loan detail,asking about cow loan detail,asking cow loan detail,ask cow loan detail,5,28
994,2555,Asking  about Root grub and root worms control in Beans   ,Pest Management,en,android-app-v1,asking about root grub and root worms control in beans,asking about root grub and root worms control in beans,asking root grub root worm control bean,ask root grub root worm control bean,10,54
995,2543,Asked about Weed management for Cotton   ,Pest Management,en,ussd-sms,asked about weed management for cotton,asked about weed management for cotton,asked weed management cotton,ask weed manag cotton,6,38
996,2074,whitefly control in bhendi   ,General Agriculture,en,android-app-v1,whitefly control in bhendi,whitefly control in bhendi,whitefly control bhendi,whitefli control bhendi,4,26
997,2219,   Asked about Salem today weather Report,Fertilizer,en,web,asked about salem today weather report,asked about salem today weather report,asked salem today weather report,ask salem today weather report,6,38
998,2569,krishnagiri weather report,Weather,en,ussd-sms,krishnagiri weather report,krishnagiri weather report,krishnagiri weather report,krishnagiri weather report,3,26
999,1915,   asking about sowing season of (ponni) paddy,Weather,en,web,asking about sowing season of (ponni) paddy,asking about sowing season of ponni paddy,asking sowing season ponni paddy,ask sow season ponni paddi,7,43
1000,2342,    Asked about wilt management in drumstick,Crop Disease,en,android-app-v2,asked about wilt management in drumstick,asked about wilt management in drumstick,asked wilt management drumstick,ask wilt manag drumstick,6,40
1001,3320,Asking about sowing season for Bottle gourd,Cultivation,en,unknown,asking about sowing season for bottle gourd,asking about sowing season for bottle gourd,asking sowing season bottle gourd,ask sow season bottl gourd,7,43
1002,1237,Asked about Cucumber sucking pest management,Pest Management,en,ussd-sms,asked about cucumber sucking pest management,asked about cucumber sucking pest management,asked cucumber sucking pest management,ask cucumb suck pest manag,6,44
1003,2649,asked  about increase branches and flowering in marigold,Fertilizer,en,android-app-v2,asked about increase branches and flowering in marigold,asked about increase branches and flowering in marigold,asked increase branch flowering marigold,ask increas branch flower marigold,8,55
1004,1269,   thiruvallur weather report details,Weather,en,ussd-sms,thiruvallur weather report details,thiruvallur weather report details,thiruvallur weather report detail,thiruvallur weather report detail,4,34
1005,2856,asking  about groundnut suitable season,Cultivation,en,android-app-v1,asking about groundnut suitable season,asking about groundnut suitable season,asking groundnut suitable season,ask groundnut suitabl season,5,38
1006,3045,Prevention disease in tomato field   ,Crop Disease,en,android-app-v1,prevention disease in tomato field,prevention disease in tomato field,prevention disease tomato field,prevent diseas tomato field,5,34
1007,1637,suitable varieties for paddy Navarai season,Crop Information,en,unknown,suitable varieties for paddy navarai season,suitable varieties for paddy navarai season,suitable variety paddy navarai season,suitabl varieti paddi navarai season,6,43
1008,1265,Asking about Documents required for crop insurance details   ,General Agriculture,en,ussd-sms,asking about documents required for crop insurance details,asking about documents required for crop insurance details,asking document required crop insurance detail,ask document requir crop insur detail,8,58
1009,1691,Rice  tungro virus management details,Crop Disease,en,android-app-v2,rice tungro virus management details,rice tungro virus management details,rice tungro virus management detail,rice tungro virus manag detail,5,36
1010,3035,    ASKING ABOUT PADDY GALL MIDGE MANAGEMENT,General Agriculture,en,unknown,asking about paddy gall midge management,asking about paddy gall midge management,asking paddy gall midge management,ask paddi gall midg manag,6,40
1011,2721,   Asked about popcorn and sweet corn maize variety,Crop Information,en,android-app-v2,asked about popcorn and sweet corn maize variety,asked about popcorn and sweet corn maize variety,asked popcorn sweet corn maize variety,ask popcorn sweet corn maiz varieti,8,48
1012,2191,   Asking About Time To Spray Pesticides During The Winter Season   ,Pest Management,en,web,asking about time to spray pesticides during the winter season,asking about time to spray pesticides during the winter season,asking time spray pesticide winter season,ask time spray pesticid winter season,10,62
1013,2234,asked about sowing season and suitable varieties of maize   ,Crop Information,en,unknown,asked about sowing season and suitable varieties of maize,asked about sowing season and suitable varieties of maize,asked sowing season suitable variety maize,ask sow season suitabl varieti maiz,9,57
1014,1093,zinc deficiency in guava   ,Fertilizer,en,android-app-v2,zinc deficiency in guava,zinc deficiency in guava,zinc deficiency guava,zinc defici guava,4,24
1015,2208,asking about foliar spray for jasmine (flower quality increase),Fertilizer,en,web,asking about foliar spray for jasmine (flower quality increase),asking about foliar spray for jasmine flower quality increase,asking foliar spray jasmine flower quality increase,ask foliar spray jasmin flower qualiti increas,9,63
1016,1806,asking for paddy brown plant hopper management,Irrigation,en,android-app-v2,asking for paddy brown plant hopper management,asking for paddy brown plant hopper management,asking paddy brown plant hopper management,ask paddi brown plant hopper manag,7,46
1017,2240,Asking  about Root rot management in Mulberry   ,Crop Disease,en,android-app-v1,asking about root rot management in mulberry,asking about root rot management in mulberry,asking root rot management mulberry,ask root rot manag mulberri,7,44
1018,2126,asking  about sowing season & suitable paddy varieties for sornavari season,Crop Information,en,unknown,asking about sowing season & suitable paddy varieties for sornavari season,asking about sowing season suitable paddy varieties for sornavari season,asking sowing season suitable paddy variety sornavari season,ask sow season suitabl paddi varieti sornavari season,10,74
1019,1778,Asking about Brinjal Top fertilizer application for Varieties,Fertilizer,en,android-app-v2,asking about brinjal top fertilizer application for varieties,asking about brinjal top fertilizer application for varieties,asking brinjal top fertilizer application variety,ask brinjal top fertil applic varieti,8,61
1020,1521,Asked about post harvest department contact number tnau.   ,Harvesting,en,android-app-v2,asked about post harvest department contact number tnau.,asked about post harvest department contact number tnau,asked post harvest department contact number tnau,ask post harvest depart contact number tnau,8,56
1021,1135,   Blackgram whitefly control,General Agriculture,en,ussd-sms,blackgram whitefly control,blackgram whitefly control,blackgram whitefly control,blackgram whitefli control,3,26
1022,1681,asked about root rot management for watermelon and ash gourd   ,Crop Disease,en,web,asked about root rot management for watermelon and ash gourd,asked about root rot management for watermelon and ash gourd,asked root rot management watermelon ash gourd,ask root rot manag watermelon ash gourd,10,60
1023,3255,foliar spray in watermelon   ,Fertilizer,en,unknown,foliar spray in watermelon,foliar spray in watermelon,foliar spray watermelon,foliar spray watermelon,4,26
1024,1428,Jasmine top dressing fertilizer,Fertilizer,en,web,jasmine top dressing fertilizer,jasmine top dressing fertilizer,jasmine top dressing fertilizer,jasmin top dress fertil,4,31
1025,1605,fertilizer management in brinjal,Fertilizer,en,ussd-sms,fertilizer management in brinjal,fertilizer management in brinjal,fertilizer management brinjal,fertil manag brinjal,4,32
1026,1304,asking about sucking pest in cotton   ,Pest Management,en,unknown,asking about sucking pest in cotton,asking about sucking pest in cotton,asking sucking pest cotton,ask suck pest cotton,6,35
1027,2265,   paddy shoot borer control,Pest Management,en,android-app-v2,paddy shoot borer control,paddy shoot borer control,paddy shoot borer control,paddi shoot borer control,4,25
1028,1293,Asking about suitable paddy varieties for Erode,Cultivation,en,unknown,asking about suitable paddy varieties for erode,asking about suitable paddy varieties for erode,asking suitable paddy variety erode,ask suitabl paddi varieti erod,7,47
1029,2760,asking about Wilt in Cotton,Crop Disease,en,ussd-sms,asking about wilt in cotton,asking about wilt in cotton,asking wilt cotton,ask wilt cotton,5,27
1030,2843,    asked about fish amino acid spray for jasmine,Pest Management,en,android-app-v2,asked about fish amino acid spray for jasmine,asked about fish amino acid spray for jasmine,asked fish amino acid spray jasmine,ask fish amino acid spray jasmin,8,45
1031,1424,Asked  about Canker management in citrus,General Agriculture,en,ussd-sms,asked about canker management in citrus,asked about canker management in citrus,asked canker management citrus,ask canker manag citrus,6,39
1032,2278,Asked about Root rot disease management in groundnut crop,Crop Disease,en,web,asked about root rot disease management in groundnut crop,asked about root rot disease management in groundnut crop,asked root rot disease management groundnut crop,ask root rot diseas manag groundnut crop,9,57
1033,1510,ASKING  ABOUT WILT MANAGEMENT IN JASMINE   ,General Agriculture,en,android-app-v1,asking about wilt management in jasmine,asking about wilt management in jasmine,asking wilt management jasmine,ask wilt manag jasmin,6,39
1034,3030,Asked about weed management,Pest Management,en,ussd-sms,asked about weed management,asked about weed management,asked weed management,ask weed manag,4,27
1035,1047,Asking about weather detail for vellore dist,Weather,en,android-app-v1,asking about weather detail for vellore dist,asking about weather detail for vellore dist,asking weather detail vellore dist,ask weather detail vellor dist,7,44
1036,1484,ASKING ABOUT KOLLIDAM WEATHER REPORT   ,Weather,en,android-app-v2,asking about kollidam weather report,asking about kollidam weather report,asking kollidam weather report,ask kollidam weather report,5,36
1037,1892,ASKED  ABOUT SUGARCANE FOLIAR APPLICATION INFORMATION   ,Fertilizer,en,unknown,asked about sugarcane foliar application information,asked about sugarcane foliar application information,asked sugarcane foliar application information,ask sugarcan foliar applic inform,6,52
1038,1224,Thenai market rate details   ,General Agriculture,en,android-app-v1,thenai market rate details,thenai market rate details,thenai market rate detail,thenai market rate detail,4,26
1039,1959,Asked  about Carbofuran and Metarhizium anisopliae given through Driplines (for Rose plant)   ,General Agriculture,en,web,asked about carbofuran and metarhizium anisopliae given through driplines (for rose plant),asked about carbofuran and metarhizium anisopliae given through driplines for rose plant,asked carbofuran metarhizium anisopliae given driplines rose plant,ask carbofuran metarhizium anisoplia given driplin rose plant,12,90
1040,2343,rodent control in paddy field,Cultivation,en,unknown,rodent control in paddy field,rodent control in paddy field,rodent control paddy field,rodent control paddi field,5,29
1041,1707,capsicum seeds availability contact number,Cultivation,en,unknown,capsicum seeds availability contact number,capsicum seeds availability contact number,capsicum seed availability contact number,capsicum seed avail contact number,5,42
1042,1442,Asking About Root Rot Management For Cotton,Crop Disease,en,android-app-v1,asking about root rot management for cotton,asking about root rot management for cotton,asking root rot management cotton,ask root rot manag cotton,7,43
1043,2429,   Asking about how to control disease in coconut   ,Crop Disease,en,unknown,asking about how to control disease in coconut,asking about how to control disease in coconut,asking control disease coconut,ask control diseas coconut,8,46
1044,2350,Asked About Sesame Planting Season,Weather,en,android-app-v2,asked about sesame planting season,asked about sesame planting season,asked sesame planting season,ask sesam plant season,5,34
1045,3110,ASKED ABOUT BLACK GRAM VARIETY VBN 8 SOWING SEASON INFORMATION,Crop Information,en,android-app-v1,asked about black gram variety vbn 8 sowing season information,asked about black gram variety vbn 8 sowing season information,asked black gram variety vbn 8 sowing season information,ask black gram varieti vbn 8 sow season inform,10,62
1046,2950,"Spotted pod borer , beetle in Green gram   ",Pest Management,en,android-app-v2,"spotted pod borer , beetle in green gram",spotted pod borer beetle in green gram,spotted pod borer beetle green gram,spot pod borer beetl green gram,7,40
1047,2912,   Asking about panjakavya foliar application in brinjal   ,General Agriculture,en,ussd-sms,asking about panjakavya foliar application in brinjal,asking about panjakavya foliar application in brinjal,asking panjakavya foliar application brinjal,ask panjakavya foliar applic brinjal,7,53
1048,1906,namakkal  weather report details,Weather,en,android-app-v1,namakkal weather report details,namakkal weather report details,namakkal weather report detail,namakk weather report detail,4,31
1049,2076,Asked about azolla seeds availability and KVK contact information   ,Cultivation,en,android-app-v1,asked about azolla seeds availability and kvk contact information,asked about azolla seeds availability and kvk contact information,asked azolla seed availability kvk contact information,ask azolla seed avail kvk contact inform,9,65
1050,3316,ASKED ABOUT BASAL FERTILIZER MANAGEMENT FOR SESAME,Fertilizer,en,ussd-sms,asked about basal fertilizer management for sesame,asked about basal fertilizer management for sesame,asked basal fertilizer management sesame,ask basal fertil manag sesam,7,50
1051,1101,market  price for coconut,General Agriculture,en,android-app-v1,market price for coconut,market price for coconut,market price coconut,market price coconut,4,24
1052,1315,   Asking about Watermelon foliar nutrition spray management   ,Fertilizer,en,ussd-sms,asking about watermelon foliar nutrition spray management,asking about watermelon foliar nutrition spray management,asking watermelon foliar nutrition spray management,ask watermelon foliar nutrit spray manag,7,57
1053,3053,ASKING ABOUT SHOOT AND FRUIT BORER MANAGEMENT IN BRINJAL,Pest Management,en,ussd-sms,asking about shoot and fruit borer management in brinjal,asking about shoot and fruit borer management in brinjal,asking shoot fruit borer management brinjal,ask shoot fruit borer manag brinjal,9,56
1054,1572,Chilli Fruit Borer,Pest Management,en,unknown,chilli fruit borer,chilli fruit borer,chilli fruit borer,chilli fruit borer,3,18
1055,2165,"Asked about Sucking Pest , Beetles and Shoot borer management in Brinjal",Pest Management,en,android-app-v2,"asked about sucking pest , beetles and shoot borer management in brinjal",asked about sucking pest beetles and shoot borer management in brinjal,asked sucking pest beetle shoot borer management brinjal,ask suck pest beetl shoot borer manag brinjal,11,72
1056,2550,   ASKED ABOUT TUBEROSE TOP DRESSING FERTILIZER MANAGEMENT   ,Fertilizer,en,android-app-v2,asked about tuberose top dressing fertilizer management,asked about tuberose top dressing fertilizer management,asked tuberose top dressing fertilizer management,ask tuberos top dress fertil manag,7,55
1057,2968,Asking about Shoot and fruit borer management in brinjal (adult)   ,Pest Management,en,ussd-sms,asking about shoot and fruit borer management in brinjal (adult),asking about shoot and fruit borer management in brinjal adult,asking shoot fruit borer management brinjal adult,ask shoot fruit borer manag brinjal adult,10,64
1058,2412,Asking about mango powdery mildew disease managment,Crop Disease,en,android-app-v1,asking about mango powdery mildew disease managment,asking about mango powdery mildew disease managment,asking mango powdery mildew disease managment,ask mango powderi mildew diseas manag,7,51
1059,1161,Asked About Tapioca Basal Fertilizer Application,Fertilizer,en,android-app-v1,asked about tapioca basal fertilizer application,asked about tapioca basal fertilizer application,asked tapioca basal fertilizer application,ask tapioca basal fertil applic,6,48
1060,2867,Asked about foliar application in onion,Fertilizer,en,unknown,asked about foliar application in onion,asked about foliar application in onion,asked foliar application onion,ask foliar applic onion,6,39
1061,2551,ASKED ABOUT SUGARCANE TRASH DECOMPOSE METHOD,General Agriculture,en,android-app-v1,asked about sugarcane trash decompose method,asked about sugarcane trash decompose method,asked sugarcane trash decompose method,ask sugarcan trash decompos method,6,44
1062,1395,Pseudostem borer in Banana   ,Pest Management,en,unknown,pseudostem borer in banana,pseudostem borer in banana,pseudostem borer banana,pseudostem borer banana,4,26
1063,2206,ASKING ABOUT GROUNDNUT SOWING SEASON   ,Cultivation,en,android-app-v1,asking about groundnut sowing season,asking about groundnut sowing season,asking groundnut sowing season,ask groundnut sow season,5,36
1064,3123,    asked about management of red spider mite bhendi and tomato information,Pest Management,en,unknown,asked about management of red spider mite bhendi and tomato information,asked about management of red spider mite bhendi and tomato information,asked management red spider mite bhendi tomato information,ask manag red spider mite bhendi tomato inform,11,71
1065,1768,Asked About Avin Milk Cooperative Contact Details,Cultivation,en,ussd-sms,asked about avin milk cooperative contact details,asked about avin milk cooperative contact details,asked avin milk cooperative contact detail,ask avin milk cooper contact detail,7,49
1066,1039,Asking about TMV 7 sesame - suitable soil type information,Soil,en,android-app-v1,asking about tmv 7 sesame - suitable soil type information,asking about tmv 7 sesame suitable soil type information,asking tmv 7 sesame suitable soil type information,ask tmv 7 sesam suitabl soil type inform,9,58
1067,1539,paddy variety for sivagangai district,General Agriculture,en,android-app-v2,paddy variety for sivagangai district,paddy variety for sivagangai district,paddy variety sivagangai district,paddi varieti sivagangai district,5,37
1068,1749,Asked about paddy varieties,Crop Information,en,unknown,asked about paddy varieties,asked about paddy varieties,asked paddy variety,ask paddi varieti,4,27
1069,1479,Asking About Cumbu Sowing Season And Variety,Crop Information,en,ussd-sms,asking about cumbu sowing season and variety,asking about cumbu sowing season and variety,asking cumbu sowing season variety,ask cumbu sow season varieti,7,44
1070,1553,Asked  about suitable vegetable crops in this season,Cultivation,en,android-app-v2,asked about suitable vegetable crops in this season,asked about suitable vegetable crops in this season,asked suitable vegetable crop season,ask suitabl veget crop season,8,51
1071,2146,SUITABLE SESAME VARIETIES,Weather,en,unknown,suitable sesame varieties,suitable sesame varieties,suitable sesame variety,suitabl sesam varieti,3,25
1072,2692,Foliar nutrient spray for jasmine,Fertilizer,en,web,foliar nutrient spray for jasmine,foliar nutrient spray for jasmine,foliar nutrient spray jasmine,foliar nutrient spray jasmin,5,33
1073,1528,Asked about papaya root rot confirmation details,Crop Disease,en,android-app-v2,asked about papaya root rot confirmation details,asked about papaya root rot confirmation details,asked papaya root rot confirmation detail,ask papaya root rot confirm detail,7,48
1074,2553,Asked about direct sowing paddy seed rate   ,Cultivation,en,web,asked about direct sowing paddy seed rate,asked about direct sowing paddy seed rate,asked direct sowing paddy seed rate,ask direct sow paddi seed rate,7,41
1075,2572,Asked about Guava Fertigation information   ,Fertilizer,en,android-app-v1,asked about guava fertigation information,asked about guava fertigation information,asked guava fertigation information,ask guava fertig inform,5,41
1076,1087,Early blight in tomato,Crop Disease,en,web,early blight in tomato,early blight in tomato,early blight tomato,earli blight tomato,4,22
1077,1855,Asked about FYM using quantity and using distance for Coconut,Fertilizer,en,ussd-sms,asked about fym using quantity and using distance for coconut,asked about fym using quantity and using distance for coconut,asked fym using quantity using distance coconut,ask fym use quantiti use distanc coconut,10,61
1078,1577,ASKED ABOUT TOP DRESSING FERTILIZER MANAGEMENT IN PEARL MILLET,Fertilizer,en,ussd-sms,asked about top dressing fertilizer management in pearl millet,asked about top dressing fertilizer management in pearl millet,asked top dressing fertilizer management pearl millet,ask top dress fertil manag pearl millet,9,62
1079,1283,ASKING ABOUT COTTON MARKET RATE,General Agriculture,en,web,asking about cotton market rate,asking about cotton market rate,asking cotton market rate,ask cotton market rate,5,31
1080,2758,asking about sesame gram sowing season and varieties,Crop Information,en,unknown,asking about sesame gram sowing season and varieties,asking about sesame gram sowing season and varieties,asking sesame gram sowing season variety,ask sesam gram sow season varieti,8,52
1081,1649,   weather detail for thiruvallur dist,Weather,en,ussd-sms,weather detail for thiruvallur dist,weather detail for thiruvallur dist,weather detail thiruvallur dist,weather detail thiruvallur dist,5,35
1082,1942,   Asking about Fruit Borer and pin worm management in tomato,Pest Management,en,unknown,asking about fruit borer and pin worm management in tomato,asking about fruit borer and pin worm management in tomato,asking fruit borer pin worm management tomato,ask fruit borer pin worm manag tomato,10,58
1083,2754,   asking about Theni today weather Report   ,Weather,en,android-app-v1,asking about theni today weather report,asking about theni today weather report,asking theni today weather report,ask theni today weather report,6,39
1084,1520,   BOTRYTIS BLIGHT IN ROSE,Crop Disease,en,unknown,botrytis blight in rose,botrytis blight in rose,botrytis blight rose,botryti blight rose,4,23
1085,2878,sugarcane early shoot borer,Pest Management,en,unknown,sugarcane early shoot borer,sugarcane early shoot borer,sugarcane early shoot borer,sugarcan earli shoot borer,4,27
1086,1974,Asking about sowing season for black gram variety VBN 8,Cultivation,en,android-app-v1,asking about sowing season for black gram variety vbn 8,asking about sowing season for black gram variety vbn 8,asking sowing season black gram variety vbn 8,ask sow season black gram varieti vbn 8,10,55
1087,3130,Chilies leaf curl virus control,Crop Disease,en,web,chilies leaf curl virus control,chilies leaf curl virus control,chilies leaf curl virus control,chili leaf curl virus control,5,31
1088,3018,dharmapuri weather report,Weather,en,web,dharmapuri weather report,dharmapuri weather report,dharmapuri weather report,dharmapuri weather report,3,25
1089,1523,Paddy Adt 43 Duration (Days),Crop Information,en,unknown,paddy adt 43 duration (days),paddy adt 43 duration days,paddy adt 43 duration day,paddi adt 43 durat day,5,28
1090,1656,   Asked about Weed management for direct sowing paddy,Pest Management,en,android-app-v2,asked about weed management for direct sowing paddy,asked about weed management for direct sowing paddy,asked weed management direct sowing paddy,ask weed manag direct sow paddi,8,51
1091,1199,Soil Testing Laboratory contact number,General Agriculture,en,web,soil testing laboratory contact number,soil testing laboratory contact number,soil testing laboratory contact number,soil test laboratori contact number,5,38
1092,2446,ASKING ABOUT CUDDALORE DISTRICT WEATHER DETAILS   ,Weather,en,ussd-sms,asking about cuddalore district weather details,asking about cuddalore district weather details,asking cuddalore district weather detail,ask cuddalor district weather detail,6,47
1093,1294,asking about sesame sowing season and varieties,Weather,en,android-app-v1,asking about sesame sowing season and varieties,asking about sesame sowing season and varieties,asking sesame sowing season variety,ask sesam sow season varieti,7,47
1094,1709,Asked about Mealy bug management in Cotton,General Agriculture,en,unknown,asked about mealy bug management in cotton,asked about mealy bug management in cotton,asked mealy bug management cotton,ask meali bug manag cotton,7,42
1095,1211,Asking about Contact number of Soil Science & Agrl.Chemistry department,Soil,en,android-app-v2,asking about contact number of soil science & agrl.chemistry department,asking about contact number of soil science agrl.chemistry department,asking contact number soil science agrl.chemistry department,ask contact number soil scienc agrl.chemistri depart,9,71
1096,1497,   asked about suitable short duration variety of paddy,Crop Information,en,android-app-v2,asked about suitable short duration variety of paddy,asked about suitable short duration variety of paddy,asked suitable short duration variety paddy,ask suitabl short durat varieti paddi,8,52
1097,2029,   asking about subsidy for solar plate,Pest Management,en,web,asking about subsidy for solar plate,asking about subsidy for solar plate,asking subsidy solar plate,ask subsidi solar plate,6,36
1098,3107,    Asking about sowing season for bhendi,Cultivation,en,web,asking about sowing season for bhendi,asking about sowing season for bhendi,asking sowing season bhendi,ask sow season bhendi,6,37
1099,2520,   black gram Breeder seeds availability information,Cultivation,en,android-app-v1,black gram breeder seeds availability information,black gram breeder seeds availability information,black gram breeder seed availability information,black gram breeder seed avail inform,6,49
1100,3250,Weather report for Tirupur district,Weather,en,web,weather report for tirupur district,weather report for tirupur district,weather report tirupur district,weather report tirupur district,5,35
1101,2582,   ASKED ABOUT ADT 37 PLANTING SEASON,Crop Information,en,ussd-sms,asked about adt 37 planting season,asked about adt 37 planting season,asked adt 37 planting season,ask adt 37 plant season,6,34
1102,2124,Asked about weed management for maize   ,Pest Management,en,ussd-sms,asked about weed management for maize,asked about weed management for maize,asked weed management maize,ask weed manag maiz,6,37
1103,2062,Asking  about Fertilizer availability,Fertilizer,en,ussd-sms,asking about fertilizer availability,asking about fertilizer availability,asking fertilizer availability,ask fertil avail,4,36
1104,1563,ASKING ABOUT FRUIT BORER AND STEM BORER MANAGEMENT IN BRINJAL,Pest Management,en,ussd-sms,asking about fruit borer and stem borer management in brinjal,asking about fruit borer and stem borer management in brinjal,asking fruit borer stem borer management brinjal,ask fruit borer stem borer manag brinjal,10,61
1105,2829,Yellow Mosaic virus disease management in green gram   ,Crop Disease,en,android-app-v2,yellow mosaic virus disease management in green gram,yellow mosaic virus disease management in green gram,yellow mosaic virus disease management green gram,yellow mosaic virus diseas manag green gram,8,52
1106,2524,ASKED  ABOUT PLANTING SEASON FOR BANANA (GARDEN LANDS),Cultivation,en,android-app-v1,asked about planting season for banana (garden lands),asked about planting season for banana garden lands,asked planting season banana garden land,ask plant season banana garden land,8,53
1107,2976,Asking about Green leaf hopper in paddy Nursery,Cultivation,en,android-app-v2,asking about green leaf hopper in paddy nursery,asking about green leaf hopper in paddy nursery,asking green leaf hopper paddy nursery,ask green leaf hopper paddi nurseri,8,47
1108,2772,Asked about crop insurance application status information   ,General Agriculture,en,ussd-sms,asked about crop insurance application status information,asked about crop insurance application status information,asked crop insurance application status information,ask crop insur applic status inform,7,57
1109,1958,asking about weather report for thiruvannamalai district,Weather,en,android-app-v1,asking about weather report for thiruvannamalai district,asking about weather report for thiruvannamalai district,asking weather report thiruvannamalai district,ask weather report thiruvannamalai district,7,56
1110,2132,honey bee training details,General Agriculture,en,unknown,honey bee training details,honey bee training details,honey bee training detail,honey bee train detail,4,26
1111,1728,   Asked about Groundnut weed management,Pest Management,en,ussd-sms,asked about groundnut weed management,asked about groundnut weed management,asked groundnut weed management,ask groundnut weed manag,5,37
1112,2329,ASKING ABOUT WEATHER DETAIL IN CUDDALORE,Crop Information,en,unknown,asking about weather detail in cuddalore,asking about weather detail in cuddalore,asking weather detail cuddalore,ask weather detail cuddalor,6,40
1113,2079,ASKED ABOUT DIRECT PADDY PROCUREMENT CENTER TOLL FREE NUMBER (PRICE)   ,General Agriculture,en,android-app-v2,asked about direct paddy procurement center toll free number (price),asked about direct paddy procurement center toll free number price,asked direct paddy procurement center toll free number price,ask direct paddi procur center toll free number price,10,68
1114,2083,Elephant yam top dressing fertilizer management,Fertilizer,en,android-app-v1,elephant yam top dressing fertilizer management,elephant yam top dressing fertilizer management,elephant yam top dressing fertilizer management,eleph yam top dress fertil manag,6,47
1115,1242,   ONION ROOT ROT MANAGEMENT,Fertilizer,en,unknown,onion root rot management,onion root rot management,onion root rot management,onion root rot manag,4,25
1116,1978,   Asking about stem borer and sheath blight control in paddy,Crop Disease,en,android-app-v2,asking about stem borer and sheath blight control in paddy,asking about stem borer and sheath blight control in paddy,asking stem borer sheath blight control paddy,ask stem borer sheath blight control paddi,10,58
1117,1405,   Asked about Suitable sowing season and duration for BPT 5204,Crop Information,en,web,asked about suitable sowing season and duration for bpt 5204,asked about suitable sowing season and duration for bpt 5204,asked suitable sowing season duration bpt 5204,ask suitabl sow season durat bpt 5204,10,60
1118,1525,   ASKING ABOUT TIRUVARUR TODAY WEATHER REPORT,Weather,en,android-app-v2,asking about tiruvarur today weather report,asking about tiruvarur today weather report,asking tiruvarur today weather report,ask tiruvarur today weather report,6,43
1119,1015,asking about Nagapattinam today weather Report,Weather,en,unknown,asking about nagapattinam today weather report,asking about nagapattinam today weather report,asking nagapattinam today weather report,ask nagapattinam today weather report,6,46
1120,2259,asking about soil sample collecting procedure & soil testing laboratory in madurai district,Cultivation,en,unknown,asking about soil sample collecting procedure & soil testing laboratory in madurai district,asking about soil sample collecting procedure soil testing laboratory in madurai district,asking soil sample collecting procedure soil testing laboratory madurai district,ask soil sampl collect procedur soil test laboratori madurai district,12,91
1121,1522,   top dressing fertilizer management for groundnut   ,Fertilizer,en,ussd-sms,top dressing fertilizer management for groundnut,top dressing fertilizer management for groundnut,top dressing fertilizer management groundnut,top dress fertil manag groundnut,6,48
1122,2740,Asking about Application method of Phosphobacteria   ,Pest Management,en,android-app-v1,asking about application method of phosphobacteria,asking about application method of phosphobacteria,asking application method phosphobacteria,ask applic method phosphobacteria,6,50
1123,1400,paddy season and varieties details for,Crop Information,en,android-app-v1,paddy season and varieties details for,paddy season and varieties details for,paddy season variety detail,paddi season varieti detail,6,38
1124,2989,sheath blight in rice,Crop Disease,en,web,sheath blight in rice,sheath blight in rice,sheath blight rice,sheath blight rice,4,21
1125,1074,asked about glyphosate recommended dosage information,Pest Management,en,android-app-v2,asked about glyphosate recommended dosage information,asked about glyphosate recommended dosage information,asked glyphosate recommended dosage information,ask glyphos recommend dosag inform,6,53
1126,1808,   Asked about veterinary department contact number,Crop Disease,en,ussd-sms,asked about veterinary department contact number,asked about veterinary department contact number,asked veterinary department contact number,ask veterinari depart contact number,6,48
1127,3115,ASKED ABOUT BLACK GRAM SOWING SEASON AND SEED RATE,Cultivation,en,ussd-sms,asked about black gram sowing season and seed rate,asked about black gram sowing season and seed rate,asked black gram sowing season seed rate,ask black gram sow season seed rate,9,50
1128,2998,Asking about soil testing lab contact information,Soil,en,android-app-v1,asking about soil testing lab contact information,asking about soil testing lab contact information,asking soil testing lab contact information,ask soil test lab contact inform,7,49
1129,3087,asking about need for agri index date,General Agriculture,en,android-app-v1,asking about need for agri index date,asking about need for agri index date,asking need agri index date,ask need agri index date,7,37
1130,3253,Asking about black gram sowing season,Cultivation,en,android-app-v1,asking about black gram sowing season,asking about black gram sowing season,asking black gram sowing season,ask black gram sow season,6,37
1131,2643,"Asked about Foliar spray for Tomato ,Chilli and Brinjal (Growth increase)   ",Cultivation,en,ussd-sms,"asked about foliar spray for tomato ,chilli and brinjal (growth increase)",asked about foliar spray for tomato chilli and brinjal growth increase,asked foliar spray tomato chilli brinjal growth increase,ask foliar spray tomato chilli brinjal growth increas,11,73
1132,1933,asked about top dressing fertilizer management in castor,Fertilizer,en,ussd-sms,asked about top dressing fertilizer management in castor,asked about top dressing fertilizer management in castor,asked top dressing fertilizer management castor,ask top dress fertil manag castor,8,56
1133,2024,paddy Seed availability contact number,Cultivation,en,unknown,paddy seed availability contact number,paddy seed availability contact number,paddy seed availability contact number,paddi seed avail contact number,5,38
1134,2155,Asked  about foliar spray for maize (yield increase),Fertilizer,en,ussd-sms,asked about foliar spray for maize (yield increase),asked about foliar spray for maize yield increase,asked foliar spray maize yield increase,ask foliar spray maiz yield increas,8,51
1135,2784,   Asked about planting season for drum stick,Weather,en,android-app-v1,asked about planting season for drum stick,asked about planting season for drum stick,asked planting season drum stick,ask plant season drum stick,7,42
1136,2901,   Asking about Crop insurance claim information,General Agriculture,en,web,asking about crop insurance claim information,asking about crop insurance claim information,asking crop insurance claim information,ask crop insur claim inform,6,45
1137,1588,Asking About Tapioca Irrigation Management,Cultivation,en,web,asking about tapioca irrigation management,asking about tapioca irrigation management,asking tapioca irrigation management,ask tapioca irrig manag,5,42
1138,3186,   Asked about soil test information,Soil,en,unknown,asked about soil test information,asked about soil test information,asked soil test information,ask soil test inform,5,33
1139,1354,   asking about root rot in groundnut,Crop Disease,en,android-app-v1,asking about root rot in groundnut,asking about root rot in groundnut,asking root rot groundnut,ask root rot groundnut,6,34
1140,1053,Asking about Yellow mosaic disease management for Banana (Fungicides given through driplines?),Crop Disease,en,android-app-v1,asking about yellow mosaic disease management for banana (fungicides given through driplines?),asking about yellow mosaic disease management for banana fungicides given through driplines,asking yellow mosaic disease management banana fungicide given driplines,ask yellow mosaic diseas manag banana fungicid given driplin,12,94
1141,2515,Asking About Kancheepuram Weather Report,Weather,en,android-app-v1,asking about kancheepuram weather report,asking about kancheepuram weather report,asking kancheepuram weather report,ask kancheepuram weather report,5,40
1142,2267,Basal fertilizer management for rice,Fertilizer,en,android-app-v1,basal fertilizer management for rice,basal fertilizer management for rice,basal fertilizer management rice,basal fertil manag rice,5,36
1143,2620,total duration of ADT 39   ,Cultivation,en,ussd-sms,total duration of adt 39,total duration of adt 39,total duration adt 39,total durat adt 39,5,24
1144,2503,asked about yield of ASD 16 Paddy variety,Cultivation,en,android-app-v2,asked about yield of asd 16 paddy variety,asked about yield of asd 16 paddy variety,asked yield asd 16 paddy variety,ask yield asd 16 paddi varieti,8,41
1145,3063,asking about Theni weather today Report for the reason irrigation,Weather,en,android-app-v1,asking about theni weather today report for the reason irrigation,asking about theni weather today report for the reason irrigation,asking theni weather today report reason irrigation,ask theni weather today report reason irrig,10,65
1146,2158,   Asked about stem borer management in paddy   ,Pest Management,en,android-app-v1,asked about stem borer management in paddy,asked about stem borer management in paddy,asked stem borer management paddy,ask stem borer manag paddi,7,42
1147,1998,amla post harvest technalogy   ,Harvesting,en,web,amla post harvest technalogy,amla post harvest technalogy,amla post harvest technalogy,amla post harvest technalog,4,28
1148,2836,Asked  about Pesticide subsidy details   ,Cultivation,en,android-app-v1,asked about pesticide subsidy details,asked about pesticide subsidy details,asked pesticide subsidy detail,ask pesticid subsidi detail,5,37
1149,3305,Asked about Prevent pest in Cucumber,Pest Management,en,android-app-v2,asked about prevent pest in cucumber,asked about prevent pest in cucumber,asked prevent pest cucumber,ask prevent pest cucumb,6,36
1150,2428,asking about chilli Leaf curl virus management,Crop Disease,en,unknown,asking about chilli leaf curl virus management,asking about chilli leaf curl virus management,asking chilli leaf curl virus management,ask chilli leaf curl virus manag,7,46
1151,1072,Stem borer in Brinjal   ,Pest Management,en,web,stem borer in brinjal,stem borer in brinjal,stem borer brinjal,stem borer brinjal,4,21
1152,1021,asked about gangavalli cotton market infoirmation,General Agriculture,en,android-app-v2,asked about gangavalli cotton market infoirmation,asked about gangavalli cotton market infoirmation,asked gangavalli cotton market infoirmation,ask gangav cotton market infoirm,6,49
1153,2204,Asking  about Pink disease management in Cashewnut,Crop Disease,en,android-app-v2,asking about pink disease management in cashewnut,asking about pink disease management in cashewnut,asking pink disease management cashewnut,ask pink diseas manag cashewnut,7,49
1154,2887,Asked about Water management in Maize,Irrigation,en,web,asked about water management in maize,asked about water management in maize,asked water management maize,ask water manag maiz,6,37
1155,1253,ASKED ABOUT PADDY SOWING SEASON AND VARIETIES,Crop Information,en,web,asked about paddy sowing season and varieties,asked about paddy sowing season and varieties,asked paddy sowing season variety,ask paddi sow season varieti,7,45
1156,1414,tree seedlings availability details,Cultivation,en,unknown,tree seedlings availability details,tree seedlings availability details,tree seedling availability detail,tree seedl avail detail,4,35
1157,3100,thrips control in paddy,General Agriculture,en,ussd-sms,thrips control in paddy,thrips control in paddy,thrip control paddy,thrip control paddi,4,23
1158,3066,ASKED ABOUT AED CONTACT NUMBER FOR KRISHNAGIRI,General Agriculture,en,android-app-v1,asked about aed contact number for krishnagiri,asked about aed contact number for krishnagiri,asked aed contact number krishnagiri,ask a contact number krishnagiri,7,46
1159,1639,KVK (Krishi Vigyan Kendra) contact number   ,Cultivation,en,android-app-v2,kvk (krishi vigyan kendra) contact number,kvk krishi vigyan kendra contact number,kvk krishi vigyan kendra contact number,kvk krishi vigyan kendra contact number,6,41
1160,1673,   onion basal fertilizer management details,Fertilizer,en,ussd-sms,onion basal fertilizer management details,onion basal fertilizer management details,onion basal fertilizer management detail,onion basal fertil manag detail,5,41
1161,1907,Asking about peacock management in field,Cultivation,en,ussd-sms,asking about peacock management in field,asking about peacock management in field,asking peacock management field,ask peacock manag field,6,40
1162,1773,asking about suitable cotton varieties for erode district,Crop Information,en,android-app-v2,asking about suitable cotton varieties for erode district,asking about suitable cotton varieties for erode district,asking suitable cotton variety erode district,ask suitabl cotton varieti erod district,8,57
1163,2057,asking about marigold fertilizer (MN) management,Fertilizer,en,unknown,asking about marigold fertilizer (mn) management,asking about marigold fertilizer mn management,asking marigold fertilizer mn management,ask marigold fertil mn manag,6,48
1164,2727,Asking about Groundnut Seeds availability information,Crop Information,en,android-app-v2,asking about groundnut seeds availability information,asking about groundnut seeds availability information,asking groundnut seed availability information,ask groundnut seed avail inform,6,53
1165,2047,asking about address for Cuddalore soil testing laboratory   ,Soil,en,web,asking about address for cuddalore soil testing laboratory,asking about address for cuddalore soil testing laboratory,asking address cuddalore soil testing laboratory,ask address cuddalor soil test laboratori,8,58
1166,2694,Asked about suitable sowing season for Snake Gourd,Cultivation,en,ussd-sms,asked about suitable sowing season for snake gourd,asked about suitable sowing season for snake gourd,asked suitable sowing season snake gourd,ask suitabl sow season snake gourd,8,50
1167,1784,Paddy navarai varieties,Crop Information,en,android-app-v1,paddy navarai varieties,paddy navarai varieties,paddy navarai variety,paddi navarai varieti,3,23
1168,1396,   PRE CONTROL OF ROOT ROT IN MARIGOLD,Crop Disease,en,android-app-v1,pre control of root rot in marigold,pre control of root rot in marigold,pre control root rot marigold,pre control root rot marigold,7,35
1169,2287,   pumpkin growth regulators,Fertilizer,en,ussd-sms,pumpkin growth regulators,pumpkin growth regulators,pumpkin growth regulator,pumpkin growth regul,3,25
1170,2304,Asking about maize sowing season and Variety,Weather,en,android-app-v2,asking about maize sowing season and variety,asking about maize sowing season and variety,asking maize sowing season variety,ask maiz sow season varieti,7,44
1171,3233,Asked about pest and disease prevention management in cotton,Cultivation,en,android-app-v1,asked about pest and disease prevention management in cotton,asked about pest and disease prevention management in cotton,asked pest disease prevention management cotton,ask pest diseas prevent manag cotton,9,60
1172,1394,    Asked about Blackgram basal fertilizer management   ,Fertilizer,en,unknown,asked about blackgram basal fertilizer management,asked about blackgram basal fertilizer management,asked blackgram basal fertilizer management,ask blackgram basal fertil manag,6,49
1173,2365,asked about paddy arupadham kuruvai variety sowing season,Crop Information,en,web,asked about paddy arupadham kuruvai variety sowing season,asked about paddy arupadham kuruvai variety sowing season,asked paddy arupadham kuruvai variety sowing season,ask paddi arupadham kuruvai varieti sow season,8,57
1174,2174,Asking about soil sample collecting procedure   ,Soil,en,android-app-v2,asking about soil sample collecting procedure,asking about soil sample collecting procedure,asking soil sample collecting procedure,ask soil sampl collect procedur,6,45
1175,2904,stem borer in sugarcane,General Agriculture,en,ussd-sms,stem borer in sugarcane,stem borer in sugarcane,stem borer sugarcane,stem borer sugarcan,4,23
1176,1080,soil test details,Soil,en,android-app-v1,soil test details,soil test details,soil test detail,soil test detail,3,17
1177,2364,Asking about ADT 53 and ADT 51 paddy varieties detail,Crop Information,en,ussd-sms,asking about adt 53 and adt 51 paddy varieties detail,asking about adt 53 and adt 51 paddy varieties detail,asking adt 53 adt 51 paddy variety detail,ask adt 53 adt 51 paddi varieti detail,10,53
1178,1702,Asking about Paddy stem borer management in paddy   ,Pest Management,en,unknown,asking about paddy stem borer management in paddy,asking about paddy stem borer management in paddy,asking paddy stem borer management paddy,ask paddi stem borer manag paddi,8,49
1179,2097,asking about cashew disease managment,Crop Disease,en,android-app-v1,asking about cashew disease managment,asking about cashew disease managment,asking cashew disease managment,ask cashew diseas manag,5,37
1180,2086,Asked about paddy moth adult pest managment,Pest Management,en,web,asked about paddy moth adult pest managment,asked about paddy moth adult pest managment,asked paddy moth adult pest managment,ask paddi moth adult pest manag,7,43
1181,2890,ASKING ABOUT WATER MANAGEMENT FOR COTTON(HUMIC ACID SPRAYING TIME),Irrigation,en,ussd-sms,asking about water management for cotton(humic acid spraying time),asking about water management for cotton humic acid spraying time,asking water management cotton humic acid spraying time,ask water manag cotton humic acid spray time,10,66
1182,3106,Asking about flower shed in cashew,Fertilizer,en,web,asking about flower shed in cashew,asking about flower shed in cashew,asking flower shed cashew,ask flower shed cashew,6,34
1183,2043,control measure for fruit borer in brinjal,General Agriculture,en,unknown,control measure for fruit borer in brinjal,control measure for fruit borer in brinjal,control measure fruit borer brinjal,control measur fruit borer brinjal,7,42
1184,3047,    Asking about sesame varieties,Crop Information,en,unknown,asking about sesame varieties,asking about sesame varieties,asking sesame variety,ask sesam varieti,4,29
1185,2386,asking about tomato early blight management   ,Crop Disease,en,unknown,asking about tomato early blight management,asking about tomato early blight management,asking tomato early blight management,ask tomato earli blight manag,6,43
1186,2578,Asking  about Namakkal district rainfall information,Weather,en,ussd-sms,asking about namakkal district rainfall information,asking about namakkal district rainfall information,asking namakkal district rainfall information,ask namakk district rainfal inform,6,51
1187,1729,asked about crop loan complaint information,General Agriculture,en,web,asked about crop loan complaint information,asked about crop loan complaint information,asked crop loan complaint information,ask crop loan complaint inform,6,43
1188,1009,BACTERIAL  WILT IN BRINJAL,Crop Disease,en,android-app-v1,bacterial wilt in brinjal,bacterial wilt in brinjal,bacterial wilt brinjal,bacteri wilt brinjal,4,25
1189,1625,   Asked about paddy ADT54 variety yield details   ,Crop Information,en,android-app-v2,asked about paddy adt54 variety yield details,asked about paddy adt54 variety yield details,asked paddy adt54 variety yield detail,ask paddi adt54 varieti yield detail,7,45
1190,3163,ASKING ABOUT ILUPPUR WEATHER REPORT,Weather,en,android-app-v1,asking about iluppur weather report,asking about iluppur weather report,asking iluppur weather report,ask iluppur weather report,5,35
1191,1688,TIRUPUR WEATHER REPORT,Weather,en,unknown,tirupur weather report,tirupur weather report,tirupur weather report,tirupur weather report,3,22
1192,2869,ASKED  ABOUT SUNFLOWER SOWING SEASON AND VARIETY,Crop Information,en,ussd-sms,asked about sunflower sowing season and variety,asked about sunflower sowing season and variety,asked sunflower sowing season variety,ask sunflow sow season varieti,7,47
1193,2168,    fusarium wilt in ixora coccinea,Crop Disease,en,unknown,fusarium wilt in ixora coccinea,fusarium wilt in ixora coccinea,fusarium wilt ixora coccinea,fusarium wilt ixora coccinea,5,31
1194,1884,ariyalur weather report   ,Weather,en,unknown,ariyalur weather report,ariyalur weather report,ariyalur weather report,ariyalur weather report,3,23
1195,2859,   Asking about ragi organic disease control,Fertilizer,en,unknown,asking about ragi organic disease control,asking about ragi organic disease control,asking ragi organic disease control,ask ragi organ diseas control,6,41
1196,3016,paddy seed rate,Cultivation,en,ussd-sms,paddy seed rate,paddy seed rate,paddy seed rate,paddi seed rate,3,15
1197,2373,   Asking about groundnut foliar application,Fertilizer,en,android-app-v2,asking about groundnut foliar application,asking about groundnut foliar application,asking groundnut foliar application,ask groundnut foliar applic,5,41
1198,1820,tirunelveli weather report details,Weather,en,android-app-v1,tirunelveli weather report details,tirunelveli weather report details,tirunelveli weather report detail,tirunelv weather report detail,4,34
1199,2612,ASKING ABOUT ROSE SUCKING PEST MANAGEMENT,Pest Management,en,unknown,asking about rose sucking pest management,asking about rose sucking pest management,asking rose sucking pest management,ask rose suck pest manag,6,41
1200,2048,Asking  about Sucking Pest management in Groundnut,Pest Management,en,ussd-sms,asking about sucking pest management in groundnut,asking about sucking pest management in groundnut,asking sucking pest management groundnut,ask suck pest manag groundnut,7,49
1201,2067,asking about root rot management in paddy   ,Crop Disease,en,unknown,asking about root rot management in paddy,asking about root rot management in paddy,asking root rot management paddy,ask root rot manag paddi,7,41
1202,1816,asked about required seed rate for dhaincha,Fertilizer,en,android-app-v2,asked about required seed rate for dhaincha,asked about required seed rate for dhaincha,asked required seed rate dhaincha,ask requir seed rate dhaincha,7,43
1203,2712,Asking About Need For Mulching Sheets,General Agriculture,en,android-app-v2,asking about need for mulching sheets,asking about need for mulching sheets,asking need mulching sheet,ask need mulch sheet,6,37
1204,1833,   weather detail for eode dist,Weather,en,ussd-sms,weather detail for eode dist,weather detail for eode dist,weather detail eode dist,weather detail eod dist,5,28
1205,2203,"asking about Blackgram variety VBN 8 special features, duration and yield information",Crop Information,en,android-app-v1,"asking about blackgram variety vbn 8 special features, duration and yield information",asking about blackgram variety vbn 8 special features duration and yield information,asking blackgram variety vbn 8 special feature duration yield information,ask blackgram varieti vbn 8 special featur durat yield inform,12,85
1206,2821,ASKED ABOUT ASH GOURD MOSAIC VIRUS MANAGEMENT,Crop Disease,en,android-app-v2,asked about ash gourd mosaic virus management,asked about ash gourd mosaic virus management,asked ash gourd mosaic virus management,ask ash gourd mosaic virus manag,7,45
1207,2607,   CHILIES ROOT ROT CONTROL   ,Crop Disease,en,web,chilies root rot control,chilies root rot control,chilies root rot control,chili root rot control,4,24
1208,3259,asked about fertigation schedule for tapioca (151 to 240 days ),Fertilizer,en,android-app-v2,asked about fertigation schedule for tapioca (151 to 240 days ),asked about fertigation schedule for tapioca 151 to 240 days,asked fertigation schedule tapioca 151 240 day,ask fertig schedul tapioca 151 240 day,10,63
1209,3203,HORSE GRAM GERMINATION AFFECTED   ,Weather,en,ussd-sms,horse gram germination affected,horse gram germination affected,horse gram germination affected,hors gram germin affect,4,31
1210,2518,Asked about Coffee first harvesting time period   ,Cultivation,en,android-app-v1,asked about coffee first harvesting time period,asked about coffee first harvesting time period,asked coffee first harvesting time period,ask coffe first harvest time period,7,47
1211,2498,"ASKED ABOUT BLACKGRAM SOWING SEASON ,SEED RATE AND TOTAL DURATION INFORMATION",Weather,en,android-app-v1,"asked about blackgram sowing season ,seed rate and total duration information",asked about blackgram sowing season seed rate and total duration information,asked blackgram sowing season seed rate total duration information,ask blackgram sow season seed rate total durat inform,11,77
1212,1222,ASKING ABOUT COTTON WILT MANAGEMENT,Crop Disease,en,android-app-v2,asking about cotton wilt management,asking about cotton wilt management,asking cotton wilt management,ask cotton wilt manag,5,35
1213,2202,asked about scab disease management for acid lime   ,Crop Disease,en,android-app-v2,asked about scab disease management for acid lime,asked about scab disease management for acid lime,asked scab disease management acid lime,ask scab diseas manag acid lime,8,49
1214,2180,"Asked  about sowing season , duration & specification for traditional paddy variety poongar , thuyamalli",Crop Information,en,unknown,"asked about sowing season , duration & specification for traditional paddy variety poongar , thuyamalli",asked about sowing season duration specification for traditional paddy variety poongar thuyamalli,asked sowing season duration specification traditional paddy variety poongar thuyamalli,ask sow season durat specif tradit paddi varieti poongar thuyam,12,103
1215,2006,Asking  About Shoot And Fruit Borer In Brinjal,Pest Management,en,unknown,asking about shoot and fruit borer in brinjal,asking about shoot and fruit borer in brinjal,asking shoot fruit borer brinjal,ask shoot fruit borer brinjal,8,45
1216,2379,Asked about suitable direction for installation of drip irrigation,Irrigation,en,unknown,asked about suitable direction for installation of drip irrigation,asked about suitable direction for installation of drip irrigation,asked suitable direction installation drip irrigation,ask suitabl direct instal drip irrig,9,66
1217,2914,   Asking about Soil sampling procedure (how many samples can collect/acre?),Soil,en,ussd-sms,asking about soil sampling procedure (how many samples can collect/acre?),asking about soil sampling procedure how many samples can collect/acre,asking soil sampling procedure many sample collect/acre,ask soil sampl procedur mani sampl collect/acr,10,73
1218,2490,Asked about foliar application in brinjal,Fertilizer,en,unknown,asked about foliar application in brinjal,asked about foliar application in brinjal,asked foliar application brinjal,ask foliar applic brinjal,6,41
1219,2708,ASKED ABOUT LEAF FOLDER AND STEM BORER CONTROL MANAGEMENT IN PADDY,Pest Management,en,unknown,asked about leaf folder and stem borer control management in paddy,asked about leaf folder and stem borer control management in paddy,asked leaf folder stem borer control management paddy,ask leaf folder stem borer control manag paddi,11,66
1220,1018,paddy SRI time of Transplanting,Crop Information,en,android-app-v1,paddy sri time of transplanting,paddy sri time of transplanting,paddy sri time transplanting,paddi sri time transplant,5,31
1221,1954,ASKING ABOUT GUAVA TOP FERTILIZER MANAGEMENT,Fertilizer,en,android-app-v1,asking about guava top fertilizer management,asking about guava top fertilizer management,asking guava top fertilizer management,ask guava top fertil manag,6,44
1222,2295,PADDY IN BLAST,General Agriculture,en,unknown,paddy in blast,paddy in blast,paddy blast,paddi blast,3,14
1223,3126,   Asked about well maintenance from blue green algae   ,Irrigation,en,web,asked about well maintenance from blue green algae,asked about well maintenance from blue green algae,asked well maintenance blue green algae,ask well mainten blue green alga,8,50
1224,1527,   asking about root rot in mulberry,Crop Disease,en,web,asking about root rot in mulberry,asking about root rot in mulberry,asking root rot mulberry,ask root rot mulberri,6,33
1225,2130,ASKED  ABOUT SOWING SEASON & DURATION (KARUNKURUVAI) FOR PADDY   ,Crop Information,en,unknown,asked about sowing season & duration (karunkuruvai) for paddy,asked about sowing season duration karunkuruvai for paddy,asked sowing season duration karunkuruvai paddy,ask sow season durat karunkuruvai paddi,8,61
1226,3084,NAVARAI  SEASON SOWING PADDY VARIETIES   ,Crop Information,en,android-app-v1,navarai season sowing paddy varieties,navarai season sowing paddy varieties,navarai season sowing paddy variety,navarai season sow paddi varieti,5,37
1227,1800,   Asking about Prevent root rot and leaf shed in Jasmine plant,Crop Disease,en,unknown,asking about prevent root rot and leaf shed in jasmine plant,asking about prevent root rot and leaf shed in jasmine plant,asking prevent root rot leaf shed jasmine plant,ask prevent root rot leaf shed jasmin plant,11,60
1228,3025,Asking  about ADT 46 paddy variety total duration,Crop Information,en,android-app-v1,asking about adt 46 paddy variety total duration,asking about adt 46 paddy variety total duration,asking adt 46 paddy variety total duration,ask adt 46 paddi varieti total durat,8,48
1229,2614,    Asking about navarai season varieties grain type,Crop Information,en,web,asking about navarai season varieties grain type,asking about navarai season varieties grain type,asking navarai season variety grain type,ask navarai season varieti grain type,7,48
1230,2462,cowpea  booster application,Fertilizer,en,web,cowpea booster application,cowpea booster application,cowpea booster application,cowpea booster applic,3,26
1231,1292,   kancheepuram weather report details,Weather,en,ussd-sms,kancheepuram weather report details,kancheepuram weather report details,kancheepuram weather report detail,kancheepuram weather report detail,4,35
1232,2811,   Asking About Button Shed In Coconut,General Agriculture,en,ussd-sms,asking about button shed in coconut,asking about button shed in coconut,asking button shed coconut,ask button shed coconut,6,35
1233,1825,Asked about ASD 16 paddy variety,Crop Information,en,android-app-v1,asked about asd 16 paddy variety,asked about asd 16 paddy variety,asked asd 16 paddy variety,ask asd 16 paddi varieti,6,32
1234,1105,    leaf spot management in turmeric,General Agriculture,en,web,leaf spot management in turmeric,leaf spot management in turmeric,leaf spot management turmeric,leaf spot manag turmer,5,32
1235,2739,ASKING ABOUT SUITABLE PADDY VARIETIES FOR THANJAVUR DISTRICT (KURUVAI)   ,Crop Information,en,unknown,asking about suitable paddy varieties for thanjavur district (kuruvai),asking about suitable paddy varieties for thanjavur district kuruvai,asking suitable paddy variety thanjavur district kuruvai,ask suitabl paddi varieti thanjavur district kuruvai,9,70
1236,2730,Asking about weather report for thiruvannamalai,Weather,en,web,asking about weather report for thiruvannamalai,asking about weather report for thiruvannamalai,asking weather report thiruvannamalai,ask weather report thiruvannamalai,6,47
1237,3051,Asking about Yellowing of paddy leaves (after flood )   ,Fertilizer,en,web,asking about yellowing of paddy leaves (after flood ),asking about yellowing of paddy leaves after flood,asking yellowing paddy leaf flood,ask yellow paddi leaf flood,8,53
1238,1698,   asked about pest management in cotton,Pest Management,en,ussd-sms,asked about pest management in cotton,asked about pest management in cotton,asked pest management cotton,ask pest manag cotton,6,37
1239,1960,   Asking About Flower Shed In Tuberose   ,Cultivation,en,android-app-v2,asking about flower shed in tuberose,asking about flower shed in tuberose,asking flower shed tuberose,ask flower shed tuberos,6,36
1240,1449,Asked  about drip irrigation information,Irrigation,en,web,asked about drip irrigation information,asked about drip irrigation information,asked drip irrigation information,ask drip irrig inform,5,39
1241,1641,suitable paddy varieties of thiruvannamalai   ,Crop Information,en,android-app-v1,suitable paddy varieties of thiruvannamalai,suitable paddy varieties of thiruvannamalai,suitable paddy variety thiruvannamalai,suitabl paddi varieti thiruvannamalai,5,43
1242,2199,Asked  about availability of biofertilizers information   ,Pest Management,en,web,asked about availability of biofertilizers information,asked about availability of biofertilizers information,asked availability biofertilizers information,ask avail biofertil inform,6,54
1243,2121,top dressing for coconut   ,Fertilizer,en,ussd-sms,top dressing for coconut,top dressing for coconut,top dressing coconut,top dress coconut,4,24
1244,2948,Asking  About Root Rot In Water Melon,Crop Disease,en,unknown,asking about root rot in water melon,asking about root rot in water melon,asking root rot water melon,ask root rot water melon,7,36
1245,2719,Asking about suitable traditional paddy varieties for Navarai season,Crop Information,en,android-app-v2,asking about suitable traditional paddy varieties for navarai season,asking about suitable traditional paddy varieties for navarai season,asking suitable traditional paddy variety navarai season,ask suitabl tradit paddi varieti navarai season,9,68
1246,3034,Asking about weed management for sesame crop,Pest Management,en,android-app-v1,asking about weed management for sesame crop,asking about weed management for sesame crop,asking weed management sesame crop,ask weed manag sesam crop,7,44
1247,3136,Asked about banana fertilizer management,Fertilizer,en,web,asked about banana fertilizer management,asked about banana fertilizer management,asked banana fertilizer management,ask banana fertil manag,5,40
1248,1316,asked about drip fertigation information,Fertilizer,en,unknown,asked about drip fertigation information,asked about drip fertigation information,asked drip fertigation information,ask drip fertig inform,5,40
1249,2218,weed management for paddy,Pest Management,en,android-app-v1,weed management for paddy,weed management for paddy,weed management paddy,weed manag paddi,4,25
1250,2661,Asking about weather report for pondicherry,Weather,en,android-app-v1,asking about weather report for pondicherry,asking about weather report for pondicherry,asking weather report pondicherry,ask weather report pondicherri,6,43
1251,2589,"Asked about maize sowing season ,varieties and yield",Crop Information,en,android-app-v1,"asked about maize sowing season ,varieties and yield",asked about maize sowing season varieties and yield,asked maize sowing season variety yield,ask maiz sow season varieti yield,8,52
1252,1813,Asking about Suitable red gram varieties in Adipattam   ,Crop Information,en,unknown,asking about suitable red gram varieties in adipattam,asking about suitable red gram varieties in adipattam,asking suitable red gram variety adipattam,ask suitabl red gram varieti adipattam,8,53
1253,1240,Asking about perambalur today weather Report,Weather,en,android-app-v1,asking about perambalur today weather report,asking about perambalur today weather report,asking perambalur today weather report,ask perambalur today weather report,6,44
1254,1337,    Heading stage fertilizer management for paddy,Fertilizer,en,unknown,heading stage fertilizer management for paddy,heading stage fertilizer management for paddy,heading stage fertilizer management paddy,head stage fertil manag paddi,6,45
1255,1970,   asking about chembarambakkam lake level today information   ,Irrigation,en,android-app-v1,asking about chembarambakkam lake level today information,asking about chembarambakkam lake level today information,asking chembarambakkam lake level today information,ask chembarambakkam lake level today inform,7,57
1256,2031,suitable sowing season for Pulse   ,Crop Information,en,android-app-v2,suitable sowing season for pulse,suitable sowing season for pulse,suitable sowing season pulse,suitabl sow season puls,5,32
1257,1601,Asked about sucking pest management in brinjal,Pest Management,en,web,asked about sucking pest management in brinjal,asked about sucking pest management in brinjal,asked sucking pest management brinjal,ask suck pest manag brinjal,7,46
1258,3116,Asking about flower increases in black gram,Fertilizer,en,web,asking about flower increases in black gram,asking about flower increases in black gram,asking flower increase black gram,ask flower increas black gram,7,43
1259,3258,Stem Borer Control In Cotton   ,Pest Management,en,android-app-v2,stem borer control in cotton,stem borer control in cotton,stem borer control cotton,stem borer control cotton,5,28
1260,1891,   ASKED ABOUT DAMPING OFF MANAGEMENT IN SESAME   ,General Agriculture,en,android-app-v1,asked about damping off management in sesame,asked about damping off management in sesame,asked damping management sesame,ask damp manag sesam,7,44
1261,2690,   Asked about management of wilt in watermelon,Crop Disease,en,ussd-sms,asked about management of wilt in watermelon,asked about management of wilt in watermelon,asked management wilt watermelon,ask manag wilt watermelon,7,44
1262,2455,asking about sowing season & varieties for maize,Weather,en,android-app-v2,asking about sowing season & varieties for maize,asking about sowing season varieties for maize,asking sowing season variety maize,ask sow season varieti maiz,7,48
1263,1937,SALEM  WEATHER REPORT DETAILS,Weather,en,android-app-v1,salem weather report details,salem weather report details,salem weather report detail,salem weather report detail,4,28
1264,2585,asking  about tirupur weather Report,Weather,en,android-app-v1,asking about tirupur weather report,asking about tirupur weather report,asking tirupur weather report,ask tirupur weather report,5,35
1265,1357,   algae under farm pond,Irrigation,en,unknown,algae under farm pond,algae under farm pond,algae farm pond,alga farm pond,4,21
1266,1066,ASKING  ABOUT WEATHER REPORT FOR GANGAVALLI,Weather,en,android-app-v1,asking about weather report for gangavalli,asking about weather report for gangavalli,asking weather report gangavalli,ask weather report gangav,6,42
1267,1367,asked about cowpea and black gram sowing season,Weather,en,web,asked about cowpea and black gram sowing season,asked about cowpea and black gram sowing season,asked cowpea black gram sowing season,ask cowpea black gram sow season,8,47
1268,2791,weather report for krishnakiri,Weather,en,android-app-v2,weather report for krishnakiri,weather report for krishnakiri,weather report krishnakiri,weather report krishnakiri,4,30
1269,2447,Asked about Days interval between Glyphosate herbicide spray and Paddy sowing   ,Pest Management,en,android-app-v2,asked about days interval between glyphosate herbicide spray and paddy sowing,asked about days interval between glyphosate herbicide spray and paddy sowing,asked day interval glyphosate herbicide spray paddy sowing,ask day interv glyphos herbicid spray paddi sow,11,77
1270,1897,asking about subsidy detail for mini tractor   ,General Agriculture,en,android-app-v1,asking about subsidy detail for mini tractor,asking about subsidy detail for mini tractor,asking subsidy detail mini tractor,ask subsidi detail mini tractor,7,44
1271,2792,maize market rate   ,General Agriculture,en,android-app-v2,maize market rate,maize market rate,maize market rate,maiz market rate,3,17
1272,2664,   asked about adt 5 black gram sowing season,Crop Information,en,android-app-v2,asked about adt 5 black gram sowing season,asked about adt 5 black gram sowing season,asked adt 5 black gram sowing season,ask adt 5 black gram sow season,8,42
1273,3206,Asked about Powdery mildew management in bhendi,General Agriculture,en,unknown,asked about powdery mildew management in bhendi,asked about powdery mildew management in bhendi,asked powdery mildew management bhendi,ask powderi mildew manag bhendi,7,47
1274,2129,asking about Cuddalore district rain details   ,Weather,en,web,asking about cuddalore district rain details,asking about cuddalore district rain details,asking cuddalore district rain detail,ask cuddalor district rain detail,6,44
1275,3191,ASKING ABOUT WEATHER REPORT FOR CUDDALORE   ,Weather,en,web,asking about weather report for cuddalore,asking about weather report for cuddalore,asking weather report cuddalore,ask weather report cuddalor,6,41
1276,1930,Asked about Sunflower seed rate details   ,Cultivation,en,unknown,asked about sunflower seed rate details,asked about sunflower seed rate details,asked sunflower seed rate detail,ask sunflow seed rate detail,6,39
1277,1164,Asking about paddy top dressing fertilizer management(direct sowing),Fertilizer,en,web,asking about paddy top dressing fertilizer management(direct sowing),asking about paddy top dressing fertilizer management direct sowing,asking paddy top dressing fertilizer management direct sowing,ask paddi top dress fertil manag direct sow,9,68
1278,1275,Asking  about tungro virus special detection technique in paddy,Crop Disease,en,unknown,asking about tungro virus special detection technique in paddy,asking about tungro virus special detection technique in paddy,asking tungro virus special detection technique paddy,ask tungro virus special detect techniqu paddi,9,62
1279,1391,    Asking about suitable hybrids for sunflower   ,Crop Information,en,unknown,asking about suitable hybrids for sunflower,asking about suitable hybrids for sunflower,asking suitable hybrid sunflower,ask suitabl hybrid sunflow,6,43
1280,1792,asked about sucking pest management in tapioca,Pest Management,en,web,asked about sucking pest management in tapioca,asked about sucking pest management in tapioca,asked sucking pest management tapioca,ask suck pest manag tapioca,7,46
1281,2588,Asking about agri engineering department contact number   ,General Agriculture,en,web,asking about agri engineering department contact number,asking about agri engineering department contact number,asking agri engineering department contact number,ask agri engin depart contact number,7,55
1282,1082,Soil testing details   ,Soil,en,ussd-sms,soil testing details,soil testing details,soil testing detail,soil test detail,3,20
1283,2117,Weather details about rainfall,Weather,en,android-app-v2,weather details about rainfall,weather details about rainfall,weather detail rainfall,weather detail rainfal,4,30
1284,2934,    co 51 paddy sowing season   ,Cultivation,en,ussd-sms,co 51 paddy sowing season,co 51 paddy sowing season,co 51 paddy sowing season,co 51 paddi sow season,5,25
1285,3160,asked  about foliar spray application for bhendi   ,Fertilizer,en,ussd-sms,asked about foliar spray application for bhendi,asked about foliar spray application for bhendi,asked foliar spray application bhendi,ask foliar spray applic bhendi,7,47
1286,2065,Fusarium wilt in banana,Crop Disease,en,unknown,fusarium wilt in banana,fusarium wilt in banana,fusarium wilt banana,fusarium wilt banana,4,23
1287,2075,   asking about paddy storage pest control,Harvesting,en,web,asking about paddy storage pest control,asking about paddy storage pest control,asking paddy storage pest control,ask paddi storag pest control,6,39
1288,3093,   Asked about disease prevention for turmeric,Crop Disease,en,android-app-v1,asked about disease prevention for turmeric,asked about disease prevention for turmeric,asked disease prevention turmeric,ask diseas prevent turmer,6,43
1289,2011,Asking about Thrips pest management in paddy,Pest Management,en,android-app-v1,asking about thrips pest management in paddy,asking about thrips pest management in paddy,asking thrip pest management paddy,ask thrip pest manag paddi,7,44
1290,1763,asked about basal fertilizer management in blackgram,Fertilizer,en,android-app-v2,asked about basal fertilizer management in blackgram,asked about basal fertilizer management in blackgram,asked basal fertilizer management blackgram,ask basal fertil manag blackgram,7,52
1291,2962,   Asking about Paddy crop insurance amount claiming information (2019-2020),General Agriculture,en,android-app-v2,asking about paddy crop insurance amount claiming information (2019-2020),asking about paddy crop insurance amount claiming information 2019-2020,asking paddy crop insurance amount claiming information 2019-2020,ask paddi crop insur amount claim inform 2019-2020,9,73
1292,1114,asking about early blight management in tomato,Crop Disease,en,ussd-sms,asking about early blight management in tomato,asking about early blight management in tomato,asking early blight management tomato,ask earli blight manag tomato,7,46
1293,2828,ASKED  ABOUT SNAKE GOURD FERTILIZER MANAGEMENT,Fertilizer,en,ussd-sms,asked about snake gourd fertilizer management,asked about snake gourd fertilizer management,asked snake gourd fertilizer management,ask snake gourd fertil manag,6,45
1294,2857,   ASKED ABOUT DIEBACK MANAGEMENT IN MANGO,General Agriculture,en,android-app-v1,asked about dieback management in mango,asked about dieback management in mango,asked dieback management mango,ask dieback manag mango,6,39
1295,1029,   asking about weather detail for trichy dist,Weather,en,android-app-v1,asking about weather detail for trichy dist,asking about weather detail for trichy dist,asking weather detail trichy dist,ask weather detail trichi dist,7,43
1296,1566,   tiruppur district rainfall information   ,Weather,en,web,tiruppur district rainfall information,tiruppur district rainfall information,tiruppur district rainfall information,tiruppur district rainfal inform,4,38
1297,1913,"Asking about Paddy stem borer ,leaf folder management",Pest Management,en,android-app-v2,"asking about paddy stem borer ,leaf folder management",asking about paddy stem borer leaf folder management,asking paddy stem borer leaf folder management,ask paddi stem borer leaf folder manag,8,53
1298,1422,ASKING ABOUT TIRUVANNAMALAI WEATHER REPORT,Weather,en,android-app-v1,asking about tiruvannamalai weather report,asking about tiruvannamalai weather report,asking tiruvannamalai weather report,ask tiruvannamalai weather report,5,42
1299,1543,Early shoot borer in sugarcane,Pest Management,en,ussd-sms,early shoot borer in sugarcane,early shoot borer in sugarcane,early shoot borer sugarcane,earli shoot borer sugarcan,5,30
1300,2433,Asking about paddy navarai season varieties,Crop Information,en,ussd-sms,asking about paddy navarai season varieties,asking about paddy navarai season varieties,asking paddy navarai season variety,ask paddi navarai season varieti,6,43
1301,2422,Weather report for Villupuram,Weather,en,android-app-v1,weather report for villupuram,weather report for villupuram,weather report villupuram,weather report villupuram,4,29
1302,3111,asking about transplanting age for try 3 paddy variety,Cultivation,en,android-app-v2,asking about transplanting age for try 3 paddy variety,asking about transplanting age for try 3 paddy variety,asking transplanting age try 3 paddy variety,ask transplant age tri 3 paddi varieti,9,54
1303,2442,"Asked about sowing season , Average yield & lodging for NLR 34449 Paddy variety",Crop Information,en,android-app-v1,"asked about sowing season , average yield & lodging for nlr 34449 paddy variety",asked about sowing season average yield lodging for nlr 34449 paddy variety,asked sowing season average yield lodging nlr 34449 paddy variety,ask sow season averag yield lodg nlr 34449 paddi varieti,12,79
1304,2095,   Asking about vellore today weather Report   ,Weather,en,web,asking about vellore today weather report,asking about vellore today weather report,asking vellore today weather report,ask vellor today weather report,6,41
1305,1988,Rhizome rot in turmeric,General Agriculture,en,android-app-v2,rhizome rot in turmeric,rhizome rot in turmeric,rhizome rot turmeric,rhizom rot turmer,4,23
1306,3099,   Asked about water management in paddy (direct sowing),Irrigation,en,android-app-v2,asked about water management in paddy (direct sowing),asked about water management in paddy direct sowing,asked water management paddy direct sowing,ask water manag paddi direct sow,8,53
1307,2293,asking  about navarai season paddy varieties,Crop Information,en,android-app-v2,asking about navarai season paddy varieties,asking about navarai season paddy varieties,asking navarai season paddy variety,ask navarai season paddi varieti,6,43
1308,2459,   Asked about Sucking Pest management in Groundnut,Pest Management,en,unknown,asked about sucking pest management in groundnut,asked about sucking pest management in groundnut,asked sucking pest management groundnut,ask suck pest manag groundnut,7,48
1309,2045,ASKING ABOUT CHILLI ROOT ROT MANAGEMENT,Crop Disease,en,web,asking about chilli root rot management,asking about chilli root rot management,asking chilli root rot management,ask chilli root rot manag,6,39
1310,1594,Asked about MSP rate for cotton information   ,General Agriculture,en,android-app-v2,asked about msp rate for cotton information,asked about msp rate for cotton information,asked msp rate cotton information,ask msp rate cotton inform,7,43
1311,1741,ASKING ABOUT GROUNDNUT LEAF SPOT PREVENTION MANAGEMENT   ,General Agriculture,en,android-app-v2,asking about groundnut leaf spot prevention management,asking about groundnut leaf spot prevention management,asking groundnut leaf spot prevention management,ask groundnut leaf spot prevent manag,7,54
1312,1755,Asked about red spider management in bhendi crop,General Agriculture,en,android-app-v1,asked about red spider management in bhendi crop,asked about red spider management in bhendi crop,asked red spider management bhendi crop,ask red spider manag bhendi crop,8,48
1313,1025,Asked about drumstick flower induced and drop management,Fertilizer,en,unknown,asked about drumstick flower induced and drop management,asked about drumstick flower induced and drop management,asked drumstick flower induced drop management,ask drumstick flower induc drop manag,8,56
1314,1875,Asked about Sesame sowing season and varieties   ,Weather,en,web,asked about sesame sowing season and varieties,asked about sesame sowing season and varieties,asked sesame sowing season variety,ask sesam sow season varieti,7,46
1315,2286,   Asked about Groundnut sowing season and varieties   ,Crop Information,en,android-app-v2,asked about groundnut sowing season and varieties,asked about groundnut sowing season and varieties,asked groundnut sowing season variety,ask groundnut sow season varieti,7,49
1316,2399,"   department of post harvest technology centre, tnau, coimbatore",Harvesting,en,android-app-v2,"department of post harvest technology centre, tnau, coimbatore",department of post harvest technology centre tnau coimbatore,department post harvest technology centre tnau coimbatore,depart post harvest technolog centr tnau coimbator,8,62
1317,1390,Asked about flower drop management in brinjal crop   ,Fertilizer,en,ussd-sms,asked about flower drop management in brinjal crop,asked about flower drop management in brinjal crop,asked flower drop management brinjal crop,ask flower drop manag brinjal crop,8,50
1318,1149,Asked about Leaf blight management in Turmeric,Crop Disease,en,unknown,asked about leaf blight management in turmeric,asked about leaf blight management in turmeric,asked leaf blight management turmeric,ask leaf blight manag turmer,7,46
1319,1531,top fertilizer management in cashew,Fertilizer,en,android-app-v2,top fertilizer management in cashew,top fertilizer management in cashew,top fertilizer management cashew,top fertil manag cashew,5,35
1320,2085,    asking about Erode today weather Report,Weather,en,android-app-v2,asking about erode today weather report,asking about erode today weather report,asking erode today weather report,ask erod today weather report,6,39
1321,2390,top  dressing in paddy,Fertilizer,en,ussd-sms,top dressing in paddy,top dressing in paddy,top dressing paddy,top dress paddi,4,21
1322,2891,Pre  - emergence weed management for Maize,Pest Management,en,android-app-v1,pre - emergence weed management for maize,pre emergence weed management for maize,pre emergence weed management maize,pre emerg weed manag maiz,6,41
1323,2449,ASKING ABOUT MAIZE ROOT ROT CONTROL   ,Crop Disease,en,android-app-v2,asking about maize root rot control,asking about maize root rot control,asking maize root rot control,ask maiz root rot control,6,35
1324,3064,   asking about regulated market contact details,General Agriculture,en,ussd-sms,asking about regulated market contact details,asking about regulated market contact details,asking regulated market contact detail,ask regul market contact detail,6,45
1325,3310,Asked about sowing season for TPS 5 paddy variety,Crop Information,en,android-app-v1,asked about sowing season for tps 5 paddy variety,asked about sowing season for tps 5 paddy variety,asked sowing season tps 5 paddy variety,ask sow season tps 5 paddi varieti,9,49
1326,1136,    Asking about suitable Tenai varieties,Crop Information,en,android-app-v1,asking about suitable tenai varieties,asking about suitable tenai varieties,asking suitable tenai variety,ask suitabl tenai varieti,5,37
1327,1251,Asked About Blackgram Water Managment   ,Irrigation,en,unknown,asked about blackgram water managment,asked about blackgram water managment,asked blackgram water managment,ask blackgram water manag,5,37
1328,1968,asking about onion suitable spacing,Cultivation,en,unknown,asking about onion suitable spacing,asking about onion suitable spacing,asking onion suitable spacing,ask onion suitabl space,5,35
1329,1451,Asking about Periyakulam horticultural college and research institute contact number   ,Cultivation,en,android-app-v1,asking about periyakulam horticultural college and research institute contact number,asking about periyakulam horticultural college and research institute contact number,asking periyakulam horticultural college research institute contact number,ask periyakulam horticultur colleg research institut contact number,10,84
1330,2882,Asking about Weed management for direct sowing paddy,Pest Management,en,web,asking about weed management for direct sowing paddy,asking about weed management for direct sowing paddy,asking weed management direct sowing paddy,ask weed manag direct sow paddi,8,52
1331,3020,"Asked  about Mushroom Research and Training Centre,Dept. of Plant Pathology contact number",General Agriculture,en,unknown,"asked about mushroom research and training centre,dept. of plant pathology contact number",asked about mushroom research and training centre dept of plant pathology contact number,asked mushroom research training centre dept plant pathology contact number,ask mushroom research train centr dept plant patholog contact number,13,89
1332,1538,   asking about villupuram weather report,Weather,en,ussd-sms,asking about villupuram weather report,asking about villupuram weather report,asking villupuram weather report,ask villupuram weather report,5,38
1333,1846,    Groundnut Seed Rate   ,Cultivation,en,web,groundnut seed rate,groundnut seed rate,groundnut seed rate,groundnut seed rate,3,19
1334,2214,Asked about CO 55 paddy variety,Crop Information,en,android-app-v1,asked about co 55 paddy variety,asked about co 55 paddy variety,asked co 55 paddy variety,ask co 55 paddi varieti,6,31
1335,1881,   Asked about PM kisan samman nidhi yojana scheme 11&12 th Installment status,General Agriculture,en,web,asked about pm kisan samman nidhi yojana scheme 11&12 th installment status,asked about pm kisan samman nidhi yojana scheme 11 12 th installment status,asked pm kisan samman nidhi yojana scheme 11 12 th installment status,ask pm kisan samman nidhi yojana scheme 11 12 th instal status,13,75
1336,2273,Asked about management of tanjore wilt in coconut,Crop Disease,en,android-app-v2,asked about management of tanjore wilt in coconut,asked about management of tanjore wilt in coconut,asked management tanjore wilt coconut,ask manag tanjor wilt coconut,8,49
1337,1976,   Asked about Top dressing fertilizer management for Groundnut,Fertilizer,en,android-app-v1,asked about top dressing fertilizer management for groundnut,asked about top dressing fertilizer management for groundnut,asked top dressing fertilizer management groundnut,ask top dress fertil manag groundnut,8,60
1338,2091,asking about Bacterial leaf blight control in paddy,Crop Disease,en,unknown,asking about bacterial leaf blight control in paddy,asking about bacterial leaf blight control in paddy,asking bacterial leaf blight control paddy,ask bacteri leaf blight control paddi,8,51
1339,2450,Asked about ragi sowing season,Weather,en,unknown,asked about ragi sowing season,asked about ragi sowing season,asked ragi sowing season,ask ragi sow season,5,30
1340,1088,Asked about Mite management for Paddy,Pest Management,en,unknown,asked about mite management for paddy,asked about mite management for paddy,asked mite management paddy,ask mite manag paddi,6,37
1341,2487,CHILLI IN LEAF CURL VIRUS,Crop Disease,en,android-app-v2,chilli in leaf curl virus,chilli in leaf curl virus,chilli leaf curl virus,chilli leaf curl virus,5,25
1342,1887,Snake Gourd Top Dressing Fertilizer Management,Fertilizer,en,android-app-v1,snake gourd top dressing fertilizer management,snake gourd top dressing fertilizer management,snake gourd top dressing fertilizer management,snake gourd top dress fertil manag,6,46
1343,1666,   Asking about Weed management for transplanting paddy (21 days ),Pest Management,en,ussd-sms,asking about weed management for transplanting paddy (21 days ),asking about weed management for transplanting paddy 21 days,asking weed management transplanting paddy 21 day,ask weed manag transplant paddi 21 day,9,63
1344,2452,Asking  about Villupuram weather for sowing,Weather,en,unknown,asking about villupuram weather for sowing,asking about villupuram weather for sowing,asking villupuram weather sowing,ask villupuram weather sow,6,42
1345,1821,   ASKED ABOUT BLACK GRAM WEED MANAGEMENT ( 5 DAYS)   ,Pest Management,en,unknown,asked about black gram weed management ( 5 days),asked about black gram weed management 5 days,asked black gram weed management 5 day,ask black gram weed manag 5 day,8,48
1346,3032,asked  about root rot management in blackgram   ,Crop Disease,en,unknown,asked about root rot management in blackgram,asked about root rot management in blackgram,asked root rot management blackgram,ask root rot manag blackgram,7,44
1347,1701,   Asked About Suitable Cotton Varieties For This Season,Crop Information,en,unknown,asked about suitable cotton varieties for this season,asked about suitable cotton varieties for this season,asked suitable cotton variety season,ask suitabl cotton varieti season,8,53
1348,2715,Asking  about sowing season & varieties for sesame   ,Crop Information,en,ussd-sms,asking about sowing season & varieties for sesame,asking about sowing season varieties for sesame,asking sowing season variety sesame,ask sow season varieti sesam,7,49
1349,2141,Asking  about season for green gram,Fertilizer,en,android-app-v1,asking about season for green gram,asking about season for green gram,asking season green gram,ask season green gram,6,34
1350,2600,"asking  about krishi vigyan kendra, papparappatti, dharmapuri contact no.   ",Cultivation,en,ussd-sms,"asking about krishi vigyan kendra, papparappatti, dharmapuri contact no.",asking about krishi vigyan kendra papparappatti dharmapuri contact no,asking krishi vigyan kendra papparappatti dharmapuri contact no,ask krishi vigyan kendra papparappatti dharmapuri contact no,9,72
1351,3289,   Weather report for Thirupur   ,Weather,en,ussd-sms,weather report for thirupur,weather report for thirupur,weather report thirupur,weather report thirupur,4,27
1352,2957,Anthracnose Control In Cotton,Pest Management,en,android-app-v2,anthracnose control in cotton,anthracnose control in cotton,anthracnose control cotton,anthracnos control cotton,4,29
1353,1418,Asking about Pradhan Mantri Kisan Samman Nithi ( New registration ),Cultivation,en,web,asking about pradhan mantri kisan samman nithi ( new registration ),asking about pradhan mantri kisan samman nithi new registration,asking pradhan mantri kisan samman nithi new registration,ask pradhan mantri kisan samman nithi new registr,9,67
1354,2022,Asked about paddy ADT36 and ADT37 variety details,Crop Information,en,web,asked about paddy adt36 and adt37 variety details,asked about paddy adt36 and adt37 variety details,asked paddy adt36 adt37 variety detail,ask paddi adt36 adt37 varieti detail,8,49
1355,1321,coimbatore weather report,Weather,en,ussd-sms,coimbatore weather report,coimbatore weather report,coimbatore weather report,coimbator weather report,3,25
1356,2301,   ASKING ABOUT PADDY BASAL FERTILIZER MANAGEMENT,Fertilizer,en,android-app-v2,asking about paddy basal fertilizer management,asking about paddy basal fertilizer management,asking paddy basal fertilizer management,ask paddi basal fertil manag,6,46
1357,1863,Asked about sowing season for maize,Cultivation,en,android-app-v1,asked about sowing season for maize,asked about sowing season for maize,asked sowing season maize,ask sow season maiz,6,35
1358,1597,Asking about suitable black gram varieties in Adipattam,Crop Information,en,unknown,asking about suitable black gram varieties in adipattam,asking about suitable black gram varieties in adipattam,asking suitable black gram variety adipattam,ask suitabl black gram varieti adipattam,8,55
1359,2967,   Asking about onion seeds availability information,Cultivation,en,web,asking about onion seeds availability information,asking about onion seeds availability information,asking onion seed availability information,ask onion seed avail inform,6,49
1360,2315,Asked about Flower size increase for Jasmine plant,Fertilizer,en,ussd-sms,asked about flower size increase for jasmine plant,asked about flower size increase for jasmine plant,asked flower size increase jasmine plant,ask flower size increas jasmin plant,8,50
1361,1036,ASKING ABOUT WEATHER DETAIL IN LALKUDI,Weather,en,unknown,asking about weather detail in lalkudi,asking about weather detail in lalkudi,asking weather detail lalkudi,ask weather detail lalkudi,6,38
1362,1844,   Asked about subsidy details for castor seed separator,Cultivation,en,unknown,asked about subsidy details for castor seed separator,asked about subsidy details for castor seed separator,asked subsidy detail castor seed separator,ask subsidi detail castor seed separ,8,53
1363,2971,    Asked about prevention mosaic virus management in chilli & Brinjal crop,Crop Disease,en,unknown,asked about prevention mosaic virus management in chilli & brinjal crop,asked about prevention mosaic virus management in chilli brinjal crop,asked prevention mosaic virus management chilli brinjal crop,ask prevent mosaic virus manag chilli brinjal crop,10,71
1364,2458,Asking About Pseudostem Borer Management In Banana   ,Pest Management,en,web,asking about pseudostem borer management in banana,asking about pseudostem borer management in banana,asking pseudostem borer management banana,ask pseudostem borer manag banana,7,50
1365,2559,"Asking about Stem borer , Leaf folder and Sucking pest control management in Paddy",Pest Management,en,unknown,"asking about stem borer , leaf folder and sucking pest control management in paddy",asking about stem borer leaf folder and sucking pest control management in paddy,asking stem borer leaf folder sucking pest control management paddy,ask stem borer leaf folder suck pest control manag paddi,13,82
1366,1670,asking about suitable varieties for late paddy samba season,Crop Information,en,web,asking about suitable varieties for late paddy samba season,asking about suitable varieties for late paddy samba season,asking suitable variety late paddy samba season,ask suitabl varieti late paddi samba season,9,59
1367,1529,   Asking about Cotton sucking pest management,Pest Management,en,android-app-v2,asking about cotton sucking pest management,asking about cotton sucking pest management,asking cotton sucking pest management,ask cotton suck pest manag,6,43
1368,2716,Asked about fruit rot management for Chilli,Crop Disease,en,unknown,asked about fruit rot management for chilli,asked about fruit rot management for chilli,asked fruit rot management chilli,ask fruit rot manag chilli,7,43
1369,2500,perambalur today weather Report,Weather,en,android-app-v1,perambalur today weather report,perambalur today weather report,perambalur today weather report,perambalur today weather report,4,31
1370,3019,ASKED ABOUT SUITABLE SOWING SEASON FOR CHILLI,Cultivation,en,ussd-sms,asked about suitable sowing season for chilli,asked about suitable sowing season for chilli,asked suitable sowing season chilli,ask suitabl sow season chilli,7,45
1371,2212,asked about weed management for paddy (21 dap),Pest Management,en,web,asked about weed management for paddy (21 dap),asked about weed management for paddy 21 dap,asked weed management paddy 21 dap,ask weed manag paddi 21 dap,8,46
1372,1719,Thanjavur weather Report,Weather,en,web,thanjavur weather report,thanjavur weather report,thanjavur weather report,thanjavur weather report,3,24
1373,2330,Asked about fertigation schedule for papaya information,Fertilizer,en,unknown,asked about fertigation schedule for papaya information,asked about fertigation schedule for papaya information,asked fertigation schedule papaya information,ask fertig schedul papaya inform,7,55
1374,2752,   Asked about coimbatore today weather Report   ,Fertilizer,en,android-app-v1,asked about coimbatore today weather report,asked about coimbatore today weather report,asked coimbatore today weather report,ask coimbator today weather report,6,43
1375,2695,asked about salem weather report information,Weather,en,android-app-v1,asked about salem weather report information,asked about salem weather report information,asked salem weather report information,ask salem weather report inform,6,44
1376,1676,Asked about Sesame Irrigation management,Irrigation,en,android-app-v1,asked about sesame irrigation management,asked about sesame irrigation management,asked sesame irrigation management,ask sesam irrig manag,5,40
1377,2312,   ASKING ABOUT PADDY TOP DRESSING FERTILIZERS,Fertilizer,en,android-app-v2,asking about paddy top dressing fertilizers,asking about paddy top dressing fertilizers,asking paddy top dressing fertilizer,ask paddi top dress fertil,6,43
1378,1227,control measure for fruit borer i bhendi,General Agriculture,en,web,control measure for fruit borer i bhendi,control measure for fruit borer i bhendi,control measure fruit borer bhendi,control measur fruit borer bhendi,7,40
1379,3199,WEATHER REPORT IN CUDDALORE DISTRICT,Weather,en,ussd-sms,weather report in cuddalore district,weather report in cuddalore district,weather report cuddalore district,weather report cuddalor district,5,36
1380,2562,asking about Bellary onion sowing season,Cultivation,en,unknown,asking about bellary onion sowing season,asking about bellary onion sowing season,asking bellary onion sowing season,ask bellari onion sow season,6,40
1381,2672,   Bitter gourd sowing season,Fertilizer,en,ussd-sms,bitter gourd sowing season,bitter gourd sowing season,bitter gourd sowing season,bitter gourd sow season,4,26
1382,1027,Asked  about Seed rate for Dhaincha,Cultivation,en,android-app-v1,asked about seed rate for dhaincha,asked about seed rate for dhaincha,asked seed rate dhaincha,ask seed rate dhaincha,6,34
1383,3181,Asked about sorghum seeds availability information,Cultivation,en,android-app-v1,asked about sorghum seeds availability information,asked about sorghum seeds availability information,asked sorghum seed availability information,ask sorghum seed avail inform,6,50
1384,2743,Asking about Induce flowering in Brinjal,Fertilizer,en,unknown,asking about induce flowering in brinjal,asking about induce flowering in brinjal,asking induce flowering brinjal,ask induc flower brinjal,6,40
1385,2140,   asking about groundnut market rate   ,General Agriculture,en,ussd-sms,asking about groundnut market rate,asking about groundnut market rate,asking groundnut market rate,ask groundnut market rate,5,34
1386,1461,kanchepuram paddy variety details,Cultivation,en,android-app-v2,kanchepuram paddy variety details,kanchepuram paddy variety details,kanchepuram paddy variety detail,kanchepuram paddi varieti detail,4,33
1387,3091,Asking about Preparation method of Panjakaviyam and water mixing level,General Agriculture,en,android-app-v1,asking about preparation method of panjakaviyam and water mixing level,asking about preparation method of panjakaviyam and water mixing level,asking preparation method panjakaviyam water mixing level,ask prepar method panjakaviyam water mix level,10,70
1388,2639,Asked about weed management in dewgram,Pest Management,en,android-app-v2,asked about weed management in dewgram,asked about weed management in dewgram,asked weed management dewgram,ask weed manag dewgram,6,38
1389,2003,basal fertilizer for sunflower,Fertilizer,en,unknown,basal fertilizer for sunflower,basal fertilizer for sunflower,basal fertilizer sunflower,basal fertil sunflow,4,30
1390,1183,root rot management for Brinjal   ,Crop Disease,en,unknown,root rot management for brinjal,root rot management for brinjal,root rot management brinjal,root rot manag brinjal,5,31
1391,2159,ASKED ABOUT SUCKING PEST AND LEAF CATER PILLAR MANAGEMENT IN COTTON   ,Pest Management,en,unknown,asked about sucking pest and leaf cater pillar management in cotton,asked about sucking pest and leaf cater pillar management in cotton,asked sucking pest leaf cater pillar management cotton,ask suck pest leaf cater pillar manag cotton,11,67
1392,3312,ASKED ABOUT AGRICULTURE DRONE AVAILABILITY CONTACT,General Agriculture,en,unknown,asked about agriculture drone availability contact,asked about agriculture drone availability contact,asked agriculture drone availability contact,ask agricultur drone avail contact,6,50
1393,2799,Tuberose stem blight   ,Crop Disease,en,ussd-sms,tuberose stem blight,tuberose stem blight,tuberose stem blight,tuberos stem blight,3,20
1394,3180,paddy varieties for kancheepuram,Crop Information,en,android-app-v1,paddy varieties for kancheepuram,paddy varieties for kancheepuram,paddy variety kancheepuram,paddi varieti kancheepuram,4,32
1395,1020,Asking about ulundurpet assistant horticulture department contact number   ,Cultivation,en,android-app-v1,asking about ulundurpet assistant horticulture department contact number,asking about ulundurpet assistant horticulture department contact number,asking ulundurpet assistant horticulture department contact number,ask ulundurpet assist horticultur depart contact number,8,72
1396,1600,   Asking about control army worm in maize,General Agriculture,en,ussd-sms,asking about control army worm in maize,asking about control army worm in maize,asking control army worm maize,ask control armi worm maiz,7,39
1397,1790,asking  about sucking pest management in cucumber,Pest Management,en,ussd-sms,asking about sucking pest management in cucumber,asking about sucking pest management in cucumber,asking sucking pest management cucumber,ask suck pest manag cucumb,7,48
1398,2994,asked about fruit borer mangement (organic ),Pest Management,en,ussd-sms,asked about fruit borer mangement (organic ),asked about fruit borer mangement organic,asked fruit borer mangement organic,ask fruit borer mangement organ,6,44
1399,1326,   Asking about nano urea application paddy   ,Fertilizer,en,android-app-v2,asking about nano urea application paddy,asking about nano urea application paddy,asking nano urea application paddy,ask nano urea applic paddi,6,40
1400,1050,Asked about TPS 3 and ADT 51 paddy variety information,Crop Information,en,ussd-sms,asked about tps 3 and adt 51 paddy variety information,asked about tps 3 and adt 51 paddy variety information,asked tps 3 adt 51 paddy variety information,ask tps 3 adt 51 paddi varieti inform,10,54
1401,2327,asked about coconut fertilizer management for 15 years old tree,Fertilizer,en,web,asked about coconut fertilizer management for 15 years old tree,asked about coconut fertilizer management for 15 years old tree,asked coconut fertilizer management 15 year old tree,ask coconut fertil manag 15 year old tree,10,63
1402,2800,Asked about fruit borer management in chilly,Pest Management,en,web,asked about fruit borer management in chilly,asked about fruit borer management in chilly,asked fruit borer management chilly,ask fruit borer manag chilli,7,44
1403,3024,ASKED ABOUT TRICHY UZHAVAR SANTHAI ADDRESS INFORMATION,General Agriculture,en,ussd-sms,asked about trichy uzhavar santhai address information,asked about trichy uzhavar santhai address information,asked trichy uzhavar santhai address information,ask trichi uzhavar santhai address inform,7,54
1404,1703,   storage pest in paddy   ,Pest Management,en,web,storage pest in paddy,storage pest in paddy,storage pest paddy,storag pest paddi,4,21
1405,1920,   asking about perambalur weather report,Weather,en,android-app-v2,asking about perambalur weather report,asking about perambalur weather report,asking perambalur weather report,ask perambalur weather report,5,38
1406,2658,asking about thrips & powdery mildew disease management in chilli crop,Crop Disease,en,android-app-v2,asking about thrips & powdery mildew disease management in chilli crop,asking about thrips powdery mildew disease management in chilli crop,asking thrip powdery mildew disease management chilli crop,ask thrip powderi mildew diseas manag chilli crop,10,70
1407,2215,Asked  about Watermelon season and varieties,Cultivation,en,android-app-v1,asked about watermelon season and varieties,asked about watermelon season and varieties,asked watermelon season variety,ask watermelon season varieti,6,43
1408,2778,   cowpea root rot management   ,Crop Disease,en,android-app-v2,cowpea root rot management,cowpea root rot management,cowpea root rot management,cowpea root rot manag,4,26
1409,2411,asking about sowing season of paddy mpr 606,Weather,en,web,asking about sowing season of paddy mpr 606,asking about sowing season of paddy mpr 606,asking sowing season paddy mpr 606,ask sow season paddi mpr 606,8,43
1410,1236,Co51 paddy availability,Crop Information,en,android-app-v2,co51 paddy availability,co51 paddy availability,co51 paddy availability,co51 paddi avail,3,23
1411,3090,   ASKING ABOUT CO (ON)5 ONION SEEDS AVAILABILITY,Cultivation,en,web,asking about co (on)5 onion seeds availability,asking about co on 5 onion seeds availability,asking co 5 onion seed availability,ask co 5 onion seed avail,8,46
1412,1089,fruit flies in snack gourd,General Agriculture,en,android-app-v2,fruit flies in snack gourd,fruit flies in snack gourd,fruit fly snack gourd,fruit fli snack gourd,5,26
1413,2092,Asking about Biofertilizer liquid application for Paddy,Pest Management,en,android-app-v2,asking about biofertilizer liquid application for paddy,asking about biofertilizer liquid application for paddy,asking biofertilizer liquid application paddy,ask biofertil liquid applic paddi,7,55
1414,2308,   timber trees nursery availability,Weather,en,web,timber trees nursery availability,timber trees nursery availability,timber tree nursery availability,timber tree nurseri avail,4,33
1415,3117,   gram pod borer in blackgram   ,Crop Information,en,ussd-sms,gram pod borer in blackgram,gram pod borer in blackgram,gram pod borer blackgram,gram pod borer blackgram,5,27
1416,1191,   suitable varieties of black gram,Crop Information,en,android-app-v2,suitable varieties of black gram,suitable varieties of black gram,suitable variety black gram,suitabl varieti black gram,5,32
1417,2682,Asked about groundnut market price information,General Agriculture,en,ussd-sms,asked about groundnut market price information,asked about groundnut market price information,asked groundnut market price information,ask groundnut market price inform,6,46
1418,1314,asking about root rot management in brinjal   ,Crop Disease,en,android-app-v2,asking about root rot management in brinjal,asking about root rot management in brinjal,asking root rot management brinjal,ask root rot manag brinjal,7,43
1419,1842,Tomato top dressing fertilizer,Fertilizer,en,unknown,tomato top dressing fertilizer,tomato top dressing fertilizer,tomato top dressing fertilizer,tomato top dress fertil,4,30
1420,2195,   ASKING ABOUT AZADIRACTIN APPLICATION METHOD FOR BHENDI,Pest Management,en,android-app-v2,asking about azadiractin application method for bhendi,asking about azadiractin application method for bhendi,asking azadiractin application method bhendi,ask azadiractin applic method bhendi,7,54
1421,1904,Asked about fertilizer management in banana (coirpith & poultry waste ),Fertilizer,en,unknown,asked about fertilizer management in banana (coirpith & poultry waste ),asked about fertilizer management in banana coirpith poultry waste,asked fertilizer management banana coirpith poultry waste,ask fertil manag banana coirpith poultri wast,9,71
1422,2463,Asked about Leaf spot and Leaf blight disease management for Blacknight shade plant and Pseudomonas fluorescens availability,Crop Disease,en,unknown,asked about leaf spot and leaf blight disease management for blacknight shade plant and pseudomonas fluorescens availability,asked about leaf spot and leaf blight disease management for blacknight shade plant and pseudomonas fluorescens availability,asked leaf spot leaf blight disease management blacknight shade plant pseudomonas fluorescens availability,ask leaf spot leaf blight diseas manag blacknight shade plant pseudomona fluorescen avail,17,124
1423,1217,asked about fertilizer management in cotton,Cultivation,en,unknown,asked about fertilizer management in cotton,asked about fertilizer management in cotton,asked fertilizer management cotton,ask fertil manag cotton,6,43
1424,1110,Asking  about Paddy transplanting machine -hiring center phone number,General Agriculture,en,android-app-v2,asking about paddy transplanting machine -hiring center phone number,asking about paddy transplanting machine -hiring center phone number,asking paddy transplanting machine -hiring center phone number,ask paddi transplant machin -hire center phone number,9,68
1425,1610,Asking about paddy new varieties,Crop Information,en,web,asking about paddy new varieties,asking about paddy new varieties,asking paddy new variety,ask paddi new varieti,5,32
1426,2654,ASKED ABOUT POTASSIUM NITRATE AND MAGNESIUM SULPHATE CAN BE USED FOR COTTON,Fertilizer,en,ussd-sms,asked about potassium nitrate and magnesium sulphate can be used for cotton,asked about potassium nitrate and magnesium sulphate can be used for cotton,asked potassium nitrate magnesium sulphate used cotton,ask potassium nitrat magnesium sulphat use cotton,12,75
1427,1482,asking about mushroom training information   ,General Agriculture,en,android-app-v2,asking about mushroom training information,asking about mushroom training information,asking mushroom training information,ask mushroom train inform,5,42
1428,1346,asking about green leaf hopper in paddy,General Agriculture,en,web,asking about green leaf hopper in paddy,asking about green leaf hopper in paddy,asking green leaf hopper paddy,ask green leaf hopper paddi,7,39
1429,2488,   asking about sesame sowing season and varieties,Crop Information,en,android-app-v2,asking about sesame sowing season and varieties,asking about sesame sowing season and varieties,asking sesame sowing season variety,ask sesam sow season varieti,7,47
1430,1291,asked about transplanting age for chilli,Cultivation,en,android-app-v2,asked about transplanting age for chilli,asked about transplanting age for chilli,asked transplanting age chilli,ask transplant age chilli,6,40
1431,1005,   Asked about weed management in casuarina,Cultivation,en,android-app-v1,asked about weed management in casuarina,asked about weed management in casuarina,asked weed management casuarina,ask weed manag casuarina,6,40
1432,1071,Dharmarpuri district weather forecast,Weather,en,web,dharmarpuri district weather forecast,dharmarpuri district weather forecast,dharmarpuri district weather forecast,dharmarpuri district weather forecast,4,37
1433,2610,asking about onion weed management,Pest Management,en,android-app-v2,asking about onion weed management,asking about onion weed management,asking onion weed management,ask onion weed manag,5,34
1434,1406,asking about chembarambakkam lake water level today information   ,Irrigation,en,android-app-v1,asking about chembarambakkam lake water level today information,asking about chembarambakkam lake water level today information,asking chembarambakkam lake water level today information,ask chembarambakkam lake water level today inform,8,63
1435,1554,Asking About Weather Report For Cuddalore District   ,Weather,en,web,asking about weather report for cuddalore district,asking about weather report for cuddalore district,asking weather report cuddalore district,ask weather report cuddalor district,7,50
1436,1119,   Asking about Coconut Basal fertilizers   ,Cultivation,en,android-app-v2,asking about coconut basal fertilizers,asking about coconut basal fertilizers,asking coconut basal fertilizer,ask coconut basal fertil,5,38
1437,1000,SOWING SEASON FOR MAIZE   ,Weather,en,android-app-v1,sowing season for maize,sowing season for maize,sowing season maize,sow season maiz,4,23
1438,1935,"asking about soil testing lab in TNAU, coimbatore",Soil,en,android-app-v2,"asking about soil testing lab in tnau, coimbatore",asking about soil testing lab in tnau coimbatore,asking soil testing lab tnau coimbatore,ask soil test lab tnau coimbator,8,49
1439,3228,   Asked About Flower Drops (Fusarium Wilt) In Chilli,Crop Disease,en,android-app-v1,asked about flower drops (fusarium wilt) in chilli,asked about flower drops fusarium wilt in chilli,asked flower drop fusarium wilt chilli,ask flower drop fusarium wilt chilli,8,50
1440,2927,Asked about Yellow mosaic disease management for Ribbed gourd,Crop Disease,en,unknown,asked about yellow mosaic disease management for ribbed gourd,asked about yellow mosaic disease management for ribbed gourd,asked yellow mosaic disease management ribbed gourd,ask yellow mosaic diseas manag rib gourd,9,61
1441,1628,fruit fly in mango   ,General Agriculture,en,web,fruit fly in mango,fruit fly in mango,fruit fly mango,fruit fli mango,4,18
1442,2089,Asked about sucking pest management in green gram,Pest Management,en,android-app-v2,asked about sucking pest management in green gram,asked about sucking pest management in green gram,asked sucking pest management green gram,ask suck pest manag green gram,8,49
1443,1173,coconut  nutrient management,Fertilizer,en,web,coconut nutrient management,coconut nutrient management,coconut nutrient management,coconut nutrient manag,3,27
1444,2495,   asked about bacterial blights management in lab lab,Crop Disease,en,unknown,asked about bacterial blights management in lab lab,asked about bacterial blights management in lab lab,asked bacterial blight management lab lab,ask bacteri blight manag lab lab,8,51
1445,2472,weed management in coconut,Pest Management,en,web,weed management in coconut,weed management in coconut,weed management coconut,weed manag coconut,4,26
1446,1194,Asked about ADT 46 paddy variety information,Crop Information,en,web,asked about adt 46 paddy variety information,asked about adt 46 paddy variety information,asked adt 46 paddy variety information,ask adt 46 paddi varieti inform,7,44
1447,2060,ASKING ABOUT BROWN PLANT HOPPER IN PADDY,Fertilizer,en,android-app-v2,asking about brown plant hopper in paddy,asking about brown plant hopper in paddy,asking brown plant hopper paddy,ask brown plant hopper paddi,7,40
1448,1228,ASKING ABOUT GROWTH REGULATOR FOR MAIZE,Fertilizer,en,android-app-v2,asking about growth regulator for maize,asking about growth regulator for maize,asking growth regulator maize,ask growth regul maiz,6,39
1449,2591,   weather report for tiruppur   ,Weather,en,unknown,weather report for tiruppur,weather report for tiruppur,weather report tiruppur,weather report tiruppur,4,27
1450,2922,   Asked about mahogani tree seedlings availability,Cultivation,en,unknown,asked about mahogani tree seedlings availability,asked about mahogani tree seedlings availability,asked mahogani tree seedling availability,ask mahogani tree seedl avail,6,48
1451,2058,asking about root rot control management in brinjal (precautions),Crop Disease,en,android-app-v1,asking about root rot control management in brinjal (precautions),asking about root rot control management in brinjal precautions,asking root rot control management brinjal precaution,ask root rot control manag brinjal precaut,9,65
1452,1544,   Asking about weed management in sesame   ,Pest Management,en,android-app-v1,asking about weed management in sesame,asking about weed management in sesame,asking weed management sesame,ask weed manag sesam,6,38
1453,2628,ASKED ABOUT GREEN GRAM SOWING SEASON AND VARIETIES   ,Crop Information,en,ussd-sms,asked about green gram sowing season and varieties,asked about green gram sowing season and varieties,asked green gram sowing season variety,ask green gram sow season varieti,8,50
1454,2762,"   Asking about Executive Engineer (AE), Cuddalore contact no.",General Agriculture,en,unknown,"asking about executive engineer (ae), cuddalore contact no.",asking about executive engineer ae cuddalore contact no,asking executive engineer ae cuddalore contact no,ask execut engin ae cuddalor contact no,8,59
1455,1918,ASKING ABOUT CHILIES PLANTING SPACING FOR VARIETIES AND HYBRIDS,Cultivation,en,android-app-v2,asking about chilies planting spacing for varieties and hybrids,asking about chilies planting spacing for varieties and hybrids,asking chilies planting spacing variety hybrid,ask chili plant space varieti hybrid,9,63
1456,2317,   weed management for horse gram,Pest Management,en,unknown,weed management for horse gram,weed management for horse gram,weed management horse gram,weed manag hors gram,5,30
1457,1235,   Asked about water application for coconut tree,Irrigation,en,ussd-sms,asked about water application for coconut tree,asked about water application for coconut tree,asked water application coconut tree,ask water applic coconut tree,7,46
1458,3297,   ASKING ABOUT TERMITE MANAGEMENT IN MANGO,General Agriculture,en,unknown,asking about termite management in mango,asking about termite management in mango,asking termite management mango,ask termit manag mango,6,40
1459,2082,sowing  season for ragi,Crop Information,en,ussd-sms,sowing season for ragi,sowing season for ragi,sowing season ragi,sow season ragi,4,22
1460,2169,asking about spider mite control in black gram   ,Pest Management,en,web,asking about spider mite control in black gram,asking about spider mite control in black gram,asking spider mite control black gram,ask spider mite control black gram,8,46
1461,2479,Asking about Turmeric Rhizome rot Management,General Agriculture,en,android-app-v2,asking about turmeric rhizome rot management,asking about turmeric rhizome rot management,asking turmeric rhizome rot management,ask turmer rhizom rot manag,6,44
1462,3220,asking about average yield for adt 53 paddy variety,Crop Information,en,android-app-v1,asking about average yield for adt 53 paddy variety,asking about average yield for adt 53 paddy variety,asking average yield adt 53 paddy variety,ask averag yield adt 53 paddi varieti,9,51
1463,1008,ASKED ABOUT RED GRAM SPACING INFORMATION,Crop Information,en,web,asked about red gram spacing information,asked about red gram spacing information,asked red gram spacing information,ask red gram space inform,6,40
1464,1106,BITTER GOURD ROOT ROT,Crop Disease,en,ussd-sms,bitter gourd root rot,bitter gourd root rot,bitter gourd root rot,bitter gourd root rot,4,21
1465,2177,Asked about Mango sucking pest management management   ,Pest Management,en,android-app-v1,asked about mango sucking pest management management,asked about mango sucking pest management management,asked mango sucking pest management management,ask mango suck pest manag manag,7,52
1466,1727,Asked About Dual Purpose Fruit Crops Information,Cultivation,en,ussd-sms,asked about dual purpose fruit crops information,asked about dual purpose fruit crops information,asked dual purpose fruit crop information,ask dual purpos fruit crop inform,7,48
1467,2186,weather report for tooththukudi district,Weather,en,web,weather report for tooththukudi district,weather report for tooththukudi district,weather report tooththukudi district,weather report tooththukudi district,5,40
1468,2421,Ratoon Stunting in sugarcane,General Agriculture,en,web,ratoon stunting in sugarcane,ratoon stunting in sugarcane,ratoon stunting sugarcane,ratoon stunt sugarcan,4,28
1469,3170,Asked about pod borer and Bug management in Lab lab,Pest Management,en,android-app-v2,asked about pod borer and bug management in lab lab,asked about pod borer and bug management in lab lab,asked pod borer bug management lab lab,ask pod borer bug manag lab lab,10,51
1470,1387,Aduthurai research station contact number   ,Cultivation,en,android-app-v1,aduthurai research station contact number,aduthurai research station contact number,aduthurai research station contact number,aduthurai research station contact number,5,41
1471,3140,ASKING ABOUT WATER TESTING LABORATORY PHONE NUMBER   ,Irrigation,en,ussd-sms,asking about water testing laboratory phone number,asking about water testing laboratory phone number,asking water testing laboratory phone number,ask water test laboratori phone number,7,50
1472,1193,asked about sowing season of bitter gourd,Cultivation,en,android-app-v1,asked about sowing season of bitter gourd,asked about sowing season of bitter gourd,asked sowing season bitter gourd,ask sow season bitter gourd,7,41
1473,1328,Asking  about water management in sesame,Irrigation,en,android-app-v2,asking about water management in sesame,asking about water management in sesame,asking water management sesame,ask water manag sesam,6,39
1474,2266,asked about guava planting spacing and plant population,General Agriculture,en,android-app-v2,asked about guava planting spacing and plant population,asked about guava planting spacing and plant population,asked guava planting spacing plant population,ask guava plant space plant popul,8,55
1475,1359,paddy fertilizer recommended,Fertilizer,en,android-app-v2,paddy fertilizer recommended,paddy fertilizer recommended,paddy fertilizer recommended,paddi fertil recommend,3,28
1476,2291,When can it rain after spraying herbicides?,Pest Management,en,ussd-sms,when can it rain after spraying herbicides?,when can it rain after spraying herbicides,rain spraying herbicide,rain spray herbicid,7,43
1477,1788,top  dressing fertilizer managment for turmeric,Fertilizer,en,web,top dressing fertilizer managment for turmeric,top dressing fertilizer managment for turmeric,top dressing fertilizer managment turmeric,top dress fertil manag turmer,6,46
1478,2311,Asking about suitable paddy varieties for Ariyalur District   ,Crop Information,en,unknown,asking about suitable paddy varieties for ariyalur district,asking about suitable paddy varieties for ariyalur district,asking suitable paddy variety ariyalur district,ask suitabl paddi varieti ariyalur district,8,59
1479,3048,    Asked about bio fertilizer management in maize   ,Pest Management,en,ussd-sms,asked about bio fertilizer management in maize,asked about bio fertilizer management in maize,asked bio fertilizer management maize,ask bio fertil manag maiz,7,46
1480,2264,Asked About Fruit Borer & Flower Shed Management For Chilli   ,Pest Management,en,web,asked about fruit borer & flower shed management for chilli,asked about fruit borer flower shed management for chilli,asked fruit borer flower shed management chilli,ask fruit borer flower shed manag chilli,9,59
1481,2056,   Asked about Information on spraying maize crops insecticide and sticking agent,Pest Management,en,android-app-v2,asked about information on spraying maize crops insecticide and sticking agent,asked about information on spraying maize crops insecticide and sticking agent,asked information spraying maize crop insecticide sticking agent,ask inform spray maiz crop insecticid stick agent,11,78
1482,2419,"   asking about horticultural college and research institute, periyakulam contact number",General Agriculture,en,web,"asking about horticultural college and research institute, periyakulam contact number",asking about horticultural college and research institute periyakulam contact number,asking horticultural college research institute periyakulam contact number,ask horticultur colleg research institut periyakulam contact number,10,85
1483,2151,Asking About Budworm Management In Jasmine,General Agriculture,en,ussd-sms,asking about budworm management in jasmine,asking about budworm management in jasmine,asking budworm management jasmine,ask budworm manag jasmin,6,42
1484,2238,foliar spray for tomato   ,Fertilizer,en,web,foliar spray for tomato,foliar spray for tomato,foliar spray tomato,foliar spray tomato,4,23
1485,1348,   Asked about CR 1009 paddy sowing season information   ,Crop Information,en,web,asked about cr 1009 paddy sowing season information,asked about cr 1009 paddy sowing season information,asked cr 1009 paddy sowing season information,ask cr 1009 paddi sow season inform,8,51
1486,2103,ASKED  ABOUT FOR WHICH CROP SHOULD BE USED TO INHIBIT PHOSPHOBACTERIUM AND ACETOBACTER ?,Fertilizer,en,web,asked about for which crop should be used to inhibit phosphobacterium and acetobacter ?,asked about for which crop should be used to inhibit phosphobacterium and acetobacter,asked crop used inhibit phosphobacterium acetobacter,ask crop use inhibit phosphobacterium acetobact,13,87
1487,2951,asked  about organic farming training   ,General Agriculture,en,android-app-v2,asked about organic farming training,asked about organic farming training,asked organic farming training,ask organ farm train,5,36
1488,1868,   Asked about ADT 51 Paddy seeds availability contact   ,Cultivation,en,ussd-sms,asked about adt 51 paddy seeds availability contact,asked about adt 51 paddy seeds availability contact,asked adt 51 paddy seed availability contact,ask adt 51 paddi seed avail contact,8,51
1489,2741,"Asked about leaf folder, horned caterpillar and tungro virus management in paddy   ",Crop Disease,en,android-app-v1,"asked about leaf folder, horned caterpillar and tungro virus management in paddy",asked about leaf folder horned caterpillar and tungro virus management in paddy,asked leaf folder horned caterpillar tungro virus management paddy,ask leaf folder horn caterpillar tungro virus manag paddi,12,80
1490,2673,Asking about jasmine red spider mites management,Pest Management,en,unknown,asking about jasmine red spider mites management,asking about jasmine red spider mites management,asking jasmine red spider mite management,ask jasmin red spider mite manag,7,48
1491,2666,Asked about Mapillai samba paddy variety age and health benefits information,Crop Information,en,android-app-v2,asked about mapillai samba paddy variety age and health benefits information,asked about mapillai samba paddy variety age and health benefits information,asked mapillai samba paddy variety age health benefit information,ask mapillai samba paddi varieti age health benefit inform,11,76
1492,2875,   Asking about leaf blight management in coconut,Crop Disease,en,android-app-v2,asking about leaf blight management in coconut,asking about leaf blight management in coconut,asking leaf blight management coconut,ask leaf blight manag coconut,7,46
1493,1679,Asking about Termite control in Banana,General Agriculture,en,android-app-v1,asking about termite control in banana,asking about termite control in banana,asking termite control banana,ask termit control banana,6,38
1494,2549,    Asking about paddy sowing season and varieties,Weather,en,web,asking about paddy sowing season and varieties,asking about paddy sowing season and varieties,asking paddy sowing season variety,ask paddi sow season varieti,7,46
1495,2023,soil tesing technique,Soil,en,android-app-v2,soil tesing technique,soil tesing technique,soil tesing technique,soil tese techniqu,3,21
1496,1401,ASKING ABOUT SOWING SEASON AND VARIETIES OF BLACK GRAM,Crop Information,en,web,asking about sowing season and varieties of black gram,asking about sowing season and varieties of black gram,asking sowing season variety black gram,ask sow season varieti black gram,9,54
1497,1345,Asking about watermelon seeds availability and variety,Cultivation,en,ussd-sms,asking about watermelon seeds availability and variety,asking about watermelon seeds availability and variety,asking watermelon seed availability variety,ask watermelon seed avail varieti,7,54
1498,2847,Mango Varieties suiable for Tamil Nadu,Cultivation,en,web,mango varieties suiable for tamil nadu,mango varieties suiable for tamil nadu,mango variety suiable tamil nadu,mango varieti suiabl tamil nadu,6,38
1499,1872,Asked about Private and Government Cotton Varieties information,Crop Information,en,web,asked about private and government cotton varieties information,asked about private and government cotton varieties information,asked private government cotton variety information,ask privat govern cotton varieti inform,8,63
1500,2776,Asked about suitable agriculture crops cultivation for chithiraipattam,Weather,en,android-app-v1,asked about suitable agriculture crops cultivation for chithiraipattam,asked about suitable agriculture crops cultivation for chithiraipattam,asked suitable agriculture crop cultivation chithiraipattam,ask suitabl agricultur crop cultiv chithiraipattam,8,70
1501,2253,contact number for veterinary training in thirupur district   ,Crop Disease,en,web,contact number for veterinary training in thirupur district,contact number for veterinary training in thirupur district,contact number veterinary training thirupur district,contact number veterinari train thirupur district,8,59
1502,1131,   contact number for national research station,General Agriculture,en,web,contact number for national research station,contact number for national research station,contact number national research station,contact number nation research station,6,44
1503,1629,Asking about Suitable high yielding Paddy variety for this season,Crop Information,en,unknown,asking about suitable high yielding paddy variety for this season,asking about suitable high yielding paddy variety for this season,asking suitable high yielding paddy variety season,ask suitabl high yield paddi varieti season,10,65
1504,2895,   Asking about Fruit borer in Brinjal   ,Pest Management,en,unknown,asking about fruit borer in brinjal,asking about fruit borer in brinjal,asking fruit borer brinjal,ask fruit borer brinjal,6,35
1505,2561,Asking about fertilizer management for Red banana & Crop duration,Fertilizer,en,unknown,asking about fertilizer management for red banana & crop duration,asking about fertilizer management for red banana crop duration,asking fertilizer management red banana crop duration,ask fertil manag red banana crop durat,9,65
1506,2676,top dressing fertilizer mangement for paddy   ,Fertilizer,en,android-app-v1,top dressing fertilizer mangement for paddy,top dressing fertilizer mangement for paddy,top dressing fertilizer mangement paddy,top dress fertil mangement paddi,6,43
1507,3175,ASKING ABOUT SOIL TESTING LABORATORY AVAILABILITY INFORMATION   ,Soil,en,android-app-v1,asking about soil testing laboratory availability information,asking about soil testing laboratory availability information,asking soil testing laboratory availability information,ask soil test laboratori avail inform,7,61
1508,2309,   Groundnut Top Dressing Fertiliizer,Fertilizer,en,android-app-v1,groundnut top dressing fertiliizer,groundnut top dressing fertiliizer,groundnut top dressing fertiliizer,groundnut top dress fertili,4,34
1509,1175,Asking about Vellore Agricultural Engineering Department contact number,General Agriculture,en,android-app-v1,asking about vellore agricultural engineering department contact number,asking about vellore agricultural engineering department contact number,asking vellore agricultural engineering department contact number,ask vellor agricultur engin depart contact number,8,71
1510,1113,Asked about Can be used for Nano urea to vegetable crops,Fertilizer,en,ussd-sms,asked about can be used for nano urea to vegetable crops,asked about can be used for nano urea to vegetable crops,asked used nano urea vegetable crop,ask use nano urea veget crop,11,56
1511,2774,   Asking about sugarcane trashes decomposing detail,Fertilizer,en,android-app-v2,asking about sugarcane trashes decomposing detail,asking about sugarcane trashes decomposing detail,asking sugarcane trash decomposing detail,ask sugarcan trash decompos detail,6,49
1512,2655,farmer asked price detail of black gram (urd beans)(whole) in kallakurichi mandi.,General Agriculture,en,android-app-v2,farmer asked price detail of black gram (urd beans)(whole) in kallakurichi mandi.,farmer asked price detail of black gram urd beans whole in kallakurichi mandi,farmer asked price detail black gram urd bean whole kallakurichi mandi,farmer ask price detail black gram urd bean whole kallakurichi mandi,13,81
1513,3192,Asked about Minor Millets Sowing Season,Weather,en,android-app-v2,asked about minor millets sowing season,asked about minor millets sowing season,asked minor millet sowing season,ask minor millet sow season,6,39
1514,2917,ASKING ABOUT BLACK GRAM SOWING SEASON AND SUITABLE VARIETIES FOR MARKAZHI – THAIPATTAM   ,Weather,en,web,asking about black gram sowing season and suitable varieties for markazhi – thaipattam,asking about black gram sowing season and suitable varieties for markazhi – thaipattam,asking black gram sowing season suitable variety markazhi – thaipattam,ask black gram sow season suitabl varieti markazhi – thaipattam,13,86
1515,1735,Asked about Weed management in Beet root,Pest Management,en,unknown,asked about weed management in beet root,asked about weed management in beet root,asked weed management beet root,ask weed manag beet root,7,40
1516,2102,Asking about Spiny beetle pest management in paddy   ,Pest Management,en,android-app-v2,asking about spiny beetle pest management in paddy,asking about spiny beetle pest management in paddy,asking spiny beetle pest management paddy,ask spini beetl pest manag paddi,8,50
1517,1271,Asked about Prevent root rot in Groundnut   ,Crop Disease,en,web,asked about prevent root rot in groundnut,asked about prevent root rot in groundnut,asked prevent root rot groundnut,ask prevent root rot groundnut,7,41
1518,1209,   Asking about ADA office contact details,Cultivation,en,android-app-v2,asking about ada office contact details,asking about ada office contact details,asking ada office contact detail,ask ada offic contact detail,6,39
1519,2344,Asking about poultry diseases management   ,Crop Disease,en,web,asking about poultry diseases management,asking about poultry diseases management,asking poultry disease management,ask poultri diseas manag,5,40
1520,3145,Asked about TPS 5 paddy variety information,Crop Information,en,ussd-sms,asked about tps 5 paddy variety information,asked about tps 5 paddy variety information,asked tps 5 paddy variety information,ask tps 5 paddi varieti inform,7,43
1521,2052,"    Asked about Tea mosquito bug and Fruit borer management for Cashew plant ,Fipronil pesticide availability",Pest Management,en,unknown,"asked about tea mosquito bug and fruit borer management for cashew plant ,fipronil pesticide availability",asked about tea mosquito bug and fruit borer management for cashew plant fipronil pesticide availability,asked tea mosquito bug fruit borer management cashew plant fipronil pesticide availability,ask tea mosquito bug fruit borer manag cashew plant fipronil pesticid avail,15,105
1522,1902,   sunflower top dressing fertilizer management,Fertilizer,en,android-app-v1,sunflower top dressing fertilizer management,sunflower top dressing fertilizer management,sunflower top dressing fertilizer management,sunflow top dress fertil manag,5,44
1523,3268,   Asking about Thiruvallur today weather Report,Weather,en,web,asking about thiruvallur today weather report,asking about thiruvallur today weather report,asking thiruvallur today weather report,ask thiruvallur today weather report,6,45
1524,3287,asking about water management for melia dubia,Irrigation,en,android-app-v1,asking about water management for melia dubia,asking about water management for melia dubia,asking water management melia dubia,ask water manag melia dubia,7,45
1525,2537,Castor hairy caterpillar in banana   ,General Agriculture,en,ussd-sms,castor hairy caterpillar in banana,castor hairy caterpillar in banana,castor hairy caterpillar banana,castor hairi caterpillar banana,5,34
1526,3257,ragi  variety details,Cultivation,en,android-app-v2,ragi variety details,ragi variety details,ragi variety detail,ragi varieti detail,3,20
1527,3022,ASKING ABOUT PANRUTI WEATHER REPORT,Weather,en,android-app-v1,asking about panruti weather report,asking about panruti weather report,asking panruti weather report,ask panruti weather report,5,35
1528,2783,   Asking about azolla seeds availability information,Cultivation,en,android-app-v2,asking about azolla seeds availability information,asking about azolla seeds availability information,asking azolla seed availability information,ask azolla seed avail inform,6,50
1529,1720,   Asked about Kisan Call Centre working hours information,General Agriculture,en,unknown,asked about kisan call centre working hours information,asked about kisan call centre working hours information,asked kisan call centre working hour information,ask kisan call centr work hour inform,8,55
1530,1982,asking about cuddalore today weather Report,Weather,en,android-app-v1,asking about cuddalore today weather report,asking about cuddalore today weather report,asking cuddalore today weather report,ask cuddalor today weather report,6,43
1531,2732,Asked about paddy nursery Bacterial Leaf Blight,Crop Disease,en,android-app-v2,asked about paddy nursery bacterial leaf blight,asked about paddy nursery bacterial leaf blight,asked paddy nursery bacterial leaf blight,ask paddi nurseri bacteri leaf blight,7,47
1532,2630,   Asked about water management in cotton crop,Irrigation,en,unknown,asked about water management in cotton crop,asked about water management in cotton crop,asked water management cotton crop,ask water manag cotton crop,7,43
1533,1070,paddy season and varieties,Crop Information,en,ussd-sms,paddy season and varieties,paddy season and varieties,paddy season variety,paddi season varieti,4,26
1534,3158,Beans Rust Management   ,Crop Disease,en,web,beans rust management,beans rust management,bean rust management,bean rust manag,3,21
1535,2434,   Asking about Thrips management in small onion   ,General Agriculture,en,android-app-v1,asking about thrips management in small onion,asking about thrips management in small onion,asking thrip management small onion,ask thrip manag small onion,7,45
1536,3194,Asked About Need For Bamboo Tree Saplings   ,Cultivation,en,unknown,asked about need for bamboo tree saplings,asked about need for bamboo tree saplings,asked need bamboo tree sapling,ask need bamboo tree sapl,7,41
1537,3148,Asked  about Farmers grievance day meeting related information,General Agriculture,en,android-app-v2,asked about farmers grievance day meeting related information,asked about farmers grievance day meeting related information,asked farmer grievance day meeting related information,ask farmer grievanc day meet relat inform,8,61
1538,1371,asking about panama wilt management,Crop Disease,en,android-app-v2,asking about panama wilt management,asking about panama wilt management,asking panama wilt management,ask panama wilt manag,5,35
1539,1560,Mulberry planting varieties,Cultivation,en,ussd-sms,mulberry planting varieties,mulberry planting varieties,mulberry planting variety,mulberri plant varieti,3,27
1540,2797,sucking pest attack in radish,Pest Management,en,unknown,sucking pest attack in radish,sucking pest attack in radish,sucking pest attack radish,suck pest attack radish,5,29
1541,2427,   Asked about banana panama wilt management,Crop Disease,en,android-app-v2,asked about banana panama wilt management,asked about banana panama wilt management,asked banana panama wilt management,ask banana panama wilt manag,6,41
1542,3159,"thrips, Stem borer in paddy",Pest Management,en,android-app-v1,"thrips, stem borer in paddy",thrips stem borer in paddy,thrip stem borer paddy,thrip stem borer paddi,5,27
1543,1929,Asked about groundnut prevent soil born pathogen,Soil,en,unknown,asked about groundnut prevent soil born pathogen,asked about groundnut prevent soil born pathogen,asked groundnut prevent soil born pathogen,ask groundnut prevent soil born pathogen,7,48
1544,1541,Asking about banana fertigation schedule ( 157 - 242 ) days,Fertilizer,en,android-app-v1,asking about banana fertigation schedule ( 157 - 242 ) days,asking about banana fertigation schedule 157 242 days,asking banana fertigation schedule 157 242 day,ask banana fertig schedul 157 242 day,8,59
1545,2113,Asked about Prevention for Sugarcane internode borer,Pest Management,en,android-app-v1,asked about prevention for sugarcane internode borer,asked about prevention for sugarcane internode borer,asked prevention sugarcane internode borer,ask prevent sugarcan internod borer,7,52
1546,2418,Asked about Leaf curl disease and Leaf blight management for Chilli plant,Crop Disease,en,android-app-v1,asked about leaf curl disease and leaf blight management for chilli plant,asked about leaf curl disease and leaf blight management for chilli plant,asked leaf curl disease leaf blight management chilli plant,ask leaf curl diseas leaf blight manag chilli plant,12,73
1547,2923,asked about biofertilizer management in coconut,Fertilizer,en,ussd-sms,asked about biofertilizer management in coconut,asked about biofertilizer management in coconut,asked biofertilizer management coconut,ask biofertil manag coconut,6,47
1548,1696,Asked about TPS 5 & ADT 43 paddy crop duration,Crop Information,en,ussd-sms,asked about tps 5 & adt 43 paddy crop duration,asked about tps 5 adt 43 paddy crop duration,asked tps 5 adt 43 paddy crop duration,ask tps 5 adt 43 paddi crop durat,9,46
1549,2321,Asked about Mealy bug management in Papaya and Herbal plant extract preparation,General Agriculture,en,web,asked about mealy bug management in papaya and herbal plant extract preparation,asked about mealy bug management in papaya and herbal plant extract preparation,asked mealy bug management papaya herbal plant extract preparation,ask meali bug manag papaya herbal plant extract prepar,12,79
1550,2896,Red Gram pod borer management details   ,Pest Management,en,web,red gram pod borer management details,red gram pod borer management details,red gram pod borer management detail,red gram pod borer manag detail,6,37
1551,2417,Asking  about Perambalur Regulator market contact number .,General Agriculture,en,android-app-v2,asking about perambalur regulator market contact number .,asking about perambalur regulator market contact number,asking perambalur regulator market contact number,ask perambalur regul market contact number,7,57
1552,2485,Asked about root rot management for cotton,Crop Disease,en,android-app-v2,asked about root rot management for cotton,asked about root rot management for cotton,asked root rot management cotton,ask root rot manag cotton,7,42
1553,2477,Asking About Weather Report For Tirupur District,Weather,en,web,asking about weather report for tirupur district,asking about weather report for tirupur district,asking weather report tirupur district,ask weather report tirupur district,7,48
1554,2424,Rice Tungro Virus In Paddy   ,Crop Information,en,ussd-sms,rice tungro virus in paddy,rice tungro virus in paddy,rice tungro virus paddy,rice tungro virus paddi,5,26
1555,2077,asked about weed management for snake gourd,Cultivation,en,ussd-sms,asked about weed management for snake gourd,asked about weed management for snake gourd,asked weed management snake gourd,ask weed manag snake gourd,7,43
1556,3214,Asking  about Groundnut seed availability,Crop Information,en,web,asking about groundnut seed availability,asking about groundnut seed availability,asking groundnut seed availability,ask groundnut seed avail,5,40
1557,1343,control measure for anthracnose in papaya   ,General Agriculture,en,android-app-v2,control measure for anthracnose in papaya,control measure for anthracnose in papaya,control measure anthracnose papaya,control measur anthracnos papaya,6,41
1558,2945,crossandra basal fertilizer   ,Fertilizer,en,android-app-v2,crossandra basal fertilizer,crossandra basal fertilizer,crossandra basal fertilizer,crossandra basal fertil,3,27
1559,2767,banana leaf spot,General Agriculture,en,web,banana leaf spot,banana leaf spot,banana leaf spot,banana leaf spot,3,16
1560,3097,PADDY SEASON AND VARIETIES FOR TIRUVANNAMALAI DIST.,Crop Information,en,android-app-v2,paddy season and varieties for tiruvannamalai dist.,paddy season and varieties for tiruvannamalai dist,paddy season variety tiruvannamalai dist,paddi season varieti tiruvannamalai dist,7,51
1561,1033,Blackgram Root Rot management   ,Crop Disease,en,android-app-v2,blackgram root rot management,blackgram root rot management,blackgram root rot management,blackgram root rot manag,4,29
1562,1374,Asking  about foliar spray in mango,Fertilizer,en,unknown,asking about foliar spray in mango,asking about foliar spray in mango,asking foliar spray mango,ask foliar spray mango,6,34
1563,2018,    ASKING ABOUT SUITABLE RED GRAM VARIETIES IN CHITHIRAIPATTAM   ,Crop Information,en,android-app-v2,asking about suitable red gram varieties in chithiraipattam,asking about suitable red gram varieties in chithiraipattam,asking suitable red gram variety chithiraipattam,ask suitabl red gram varieti chithiraipattam,8,59
1564,1063,   asked about management of stem rot in coconut,Fertilizer,en,unknown,asked about management of stem rot in coconut,asked about management of stem rot in coconut,asked management stem rot coconut,ask manag stem rot coconut,8,45
1565,1312,   ASKING ABOUT BLAST DISEASE MANAGEMENT FOR PADDY,Crop Disease,en,ussd-sms,asking about blast disease management for paddy,asking about blast disease management for paddy,asking blast disease management paddy,ask blast diseas manag paddi,7,47
1566,2675,   Asking about rotavator with green gram crop in land there after black gram sowing detail,Cultivation,en,web,asking about rotavator with green gram crop in land there after black gram sowing detail,asking about rotavator with green gram crop in land there after black gram sowing detail,asking rotavator green gram crop land black gram sowing detail,ask rotav green gram crop land black gram sow detail,15,88
1567,1573,asked about soil testing lab contact information   ,Soil,en,web,asked about soil testing lab contact information,asked about soil testing lab contact information,asked soil testing lab contact information,ask soil test lab contact inform,7,48
1568,1967,   Asking about Sesame sowing season   ,Weather,en,android-app-v1,asking about sesame sowing season,asking about sesame sowing season,asking sesame sowing season,ask sesam sow season,5,33
1569,2039,asking about navarai season paddy varieties,Cultivation,en,ussd-sms,asking about navarai season paddy varieties,asking about navarai season paddy varieties,asking navarai season paddy variety,ask navarai season paddi varieti,6,43
1570,3321,   asking about coconut intercropping detail,Cultivation,en,ussd-sms,asking about coconut intercropping detail,asking about coconut intercropping detail,asking coconut intercropping detail,ask coconut intercrop detail,5,41
1571,1549,Asking about weather detail in thanjavur,Weather,en,ussd-sms,asking about weather detail in thanjavur,asking about weather detail in thanjavur,asking weather detail thanjavur,ask weather detail thanjavur,6,40
1572,1905,Farmer  asked price detail of Paddy(Dhan)(Common) in Kilpennathur mandi.,General Agriculture,en,ussd-sms,farmer asked price detail of paddy(dhan)(common) in kilpennathur mandi.,farmer asked price detail of paddy dhan common in kilpennathur mandi,farmer asked price detail paddy dhan common kilpennathur mandi,farmer ask price detail paddi dhan common kilpennathur mandi,11,71
1573,2068,Asked about suitable paddy varieties for vellore district,Crop Information,en,web,asked about suitable paddy varieties for vellore district,asked about suitable paddy varieties for vellore district,asked suitable paddy variety vellore district,ask suitabl paddi varieti vellor district,8,57
1574,2844,Asking about cut warm management in banana,Weather,en,web,asking about cut warm management in banana,asking about cut warm management in banana,asking cut warm management banana,ask cut warm manag banana,7,42
1575,2881,Asking About Paddy Co 51 And Adt 45 Variety Yield Information,Crop Information,en,ussd-sms,asking about paddy co 51 and adt 45 variety yield information,asking about paddy co 51 and adt 45 variety yield information,asking paddy co 51 adt 45 variety yield information,ask paddi co 51 adt 45 varieti yield inform,11,61
1576,2163,asking about neem plant nursery availability,Cultivation,en,web,asking about neem plant nursery availability,asking about neem plant nursery availability,asking neem plant nursery availability,ask neem plant nurseri avail,6,44
1577,1445,Asking about cuddalore KVK contact details,Cultivation,en,unknown,asking about cuddalore kvk contact details,asking about cuddalore kvk contact details,asking cuddalore kvk contact detail,ask cuddalor kvk contact detail,6,42
1578,1041,ASKED  ABOUT FOLIAR SPRAY FOR CHILLI PLANT,Fertilizer,en,web,asked about foliar spray for chilli plant,asked about foliar spray for chilli plant,asked foliar spray chilli plant,ask foliar spray chilli plant,7,41
1579,1411,Asking about weather information ..?,Weather,en,android-app-v2,asking about weather information ..?,asking about weather information,asking weather information,ask weather inform,4,36
1580,1723,asking about cumbu season,Weather,en,android-app-v1,asking about cumbu season,asking about cumbu season,asking cumbu season,ask cumbu season,4,25
1581,2603,asking about soil test laboratory inforamtion   ,Soil,en,android-app-v2,asking about soil test laboratory inforamtion,asking about soil test laboratory inforamtion,asking soil test laboratory inforamtion,ask soil test laboratori inforamt,6,45
1582,1065,   sowing season of onion,Cultivation,en,android-app-v2,sowing season of onion,sowing season of onion,sowing season onion,sow season onion,4,22
1583,1040,Asking about Papaya foliar spray,Fertilizer,en,web,asking about papaya foliar spray,asking about papaya foliar spray,asking papaya foliar spray,ask papaya foliar spray,5,32
1584,2049,    Paddy foliar spray,Fertilizer,en,android-app-v2,paddy foliar spray,paddy foliar spray,paddy foliar spray,paddi foliar spray,3,18
1585,1585,Asked about caterpillar/stem borer management in maize   ,Pest Management,en,android-app-v2,asked about caterpillar/stem borer management in maize,asked about caterpillar/stem borer management in maize,asked caterpillar/stem borer management maize,ask caterpillar/stem borer manag maiz,7,54
1586,2292,Asking About Pm Kisan Samman Nidhi Yojana Scheme New Registration Information,General Agriculture,en,android-app-v2,asking about pm kisan samman nidhi yojana scheme new registration information,asking about pm kisan samman nidhi yojana scheme new registration information,asking pm kisan samman nidhi yojana scheme new registration information,ask pm kisan samman nidhi yojana scheme new registr inform,11,77
1587,1300,asked about water management for mullai   ,Irrigation,en,ussd-sms,asked about water management for mullai,asked about water management for mullai,asked water management mullai,ask water manag mullai,6,39
1588,1244,Asking about leaf spot disease management in groundnut,Crop Disease,en,web,asking about leaf spot disease management in groundnut,asking about leaf spot disease management in groundnut,asking leaf spot disease management groundnut,ask leaf spot diseas manag groundnut,8,54
1589,2845,duration for ADT39 paddy,Crop Information,en,web,duration for adt39 paddy,duration for adt39 paddy,duration adt39 paddy,durat adt39 paddi,4,24
1590,3265,Asking  about blackgram foliar application,General Agriculture,en,ussd-sms,asking about blackgram foliar application,asking about blackgram foliar application,asking blackgram foliar application,ask blackgram foliar applic,5,41
1591,2249,ASKED ABOUT DURATION & SUITABLE SOWING SEASON FOR MAIZE HYBRID 11,Crop Information,en,android-app-v2,asked about duration & suitable sowing season for maize hybrid 11,asked about duration suitable sowing season for maize hybrid 11,asked duration suitable sowing season maize hybrid 11,ask durat suitabl sow season maiz hybrid 11,10,65
1592,2587,asking about polur weather report,Weather,en,android-app-v1,asking about polur weather report,asking about polur weather report,asking polur weather report,ask polur weather report,5,33
1593,2300,Asked  about Fruit Rot and Die Back management for Chilli plant (Copper oxy chloride and Nativo fungicide can be spray),Crop Disease,en,ussd-sms,asked about fruit rot and die back management for chilli plant (copper oxy chloride and nativo fungicide can be spray),asked about fruit rot and die back management for chilli plant copper oxy chloride and nativo fungicide can be spray,asked fruit rot die back management chilli plant copper oxy chloride nativo fungicide spray,ask fruit rot die back manag chilli plant copper oxi chlorid nativo fungicid spray,20,118
1594,1638,Blackgram weed management   ,Pest Management,en,web,blackgram weed management,blackgram weed management,blackgram weed management,blackgram weed manag,3,25
1595,2536,ash gourd market information,General Agriculture,en,ussd-sms,ash gourd market information,ash gourd market information,ash gourd market information,ash gourd market inform,4,28
1596,1952,   Asking about sucking pest management in jasmine,Pest Management,en,android-app-v1,asking about sucking pest management in jasmine,asking about sucking pest management in jasmine,asking sucking pest management jasmine,ask suck pest manag jasmin,7,47
1597,1475,Asked about Water management for Paddy,Irrigation,en,ussd-sms,asked about water management for paddy,asked about water management for paddy,asked water management paddy,ask water manag paddi,6,38
1598,2893,Leaf Blight In Colocasia,Crop Disease,en,android-app-v2,leaf blight in colocasia,leaf blight in colocasia,leaf blight colocasia,leaf blight colocasia,4,24
1599,2402,   Bacteria leaf blight in paddy,Crop Disease,en,unknown,bacteria leaf blight in paddy,bacteria leaf blight in paddy,bacteria leaf blight paddy,bacteria leaf blight paddi,5,29
1600,1621,Asking about Blister blight management in Tea   ,Crop Disease,en,web,asking about blister blight management in tea,asking about blister blight management in tea,asking blister blight management tea,ask blister blight manag tea,7,45
1601,1969,asking about Teak seedlings availability information,Cultivation,en,android-app-v2,asking about teak seedlings availability information,asking about teak seedlings availability information,asking teak seedling availability information,ask teak seedl avail inform,6,52
1602,2416,   paddy ADT 45 duration (Days)   ,Crop Information,en,ussd-sms,paddy adt 45 duration (days),paddy adt 45 duration days,paddy adt 45 duration day,paddi adt 45 durat day,5,28
1603,2255,Asking about Paddy Shoot and stem borer management,Pest Management,en,android-app-v2,asking about paddy shoot and stem borer management,asking about paddy shoot and stem borer management,asking paddy shoot stem borer management,ask paddi shoot stem borer manag,8,50
1604,2622,   Stem Borer In Paddy,Pest Management,en,android-app-v2,stem borer in paddy,stem borer in paddy,stem borer paddy,stem borer paddi,4,19
1605,2120,asking about perambalur district rain details   ,Weather,en,android-app-v1,asking about perambalur district rain details,asking about perambalur district rain details,asking perambalur district rain detail,ask perambalur district rain detail,6,45
1606,1811,   Asked about management of leaf and bud blight in rose,Crop Disease,en,ussd-sms,asked about management of leaf and bud blight in rose,asked about management of leaf and bud blight in rose,asked management leaf bud blight rose,ask manag leaf bud blight rose,10,53
1607,1603,   Asking about thungro disease and rust management in paddy,Crop Disease,en,web,asking about thungro disease and rust management in paddy,asking about thungro disease and rust management in paddy,asking thungro disease rust management paddy,ask thungro diseas rust manag paddi,9,57
1608,1551,   Asking about Wilt management in Coriander,Crop Disease,en,android-app-v1,asking about wilt management in coriander,asking about wilt management in coriander,asking wilt management coriander,ask wilt manag coriand,6,41
1609,2850,Cono  weeder contact number   ,Pest Management,en,web,cono weeder contact number,cono weeder contact number,cono weeder contact number,cono weeder contact number,4,26
1610,1380,asked about sugarcane intercropping information,Cultivation,en,unknown,asked about sugarcane intercropping information,asked about sugarcane intercropping information,asked sugarcane intercropping information,ask sugarcan intercrop inform,5,47
1611,1980,Asked about leaf caterpillar management for Chilli,General Agriculture,en,android-app-v1,asked about leaf caterpillar management for chilli,asked about leaf caterpillar management for chilli,asked leaf caterpillar management chilli,ask leaf caterpillar manag chilli,7,50
1612,2749,Asked about Panchagavya preparation,General Agriculture,en,android-app-v2,asked about panchagavya preparation,asked about panchagavya preparation,asked panchagavya preparation,ask panchagavya prepar,4,35
1613,1182,   asked about sesame tmv 7 variety details,Crop Information,en,web,asked about sesame tmv 7 variety details,asked about sesame tmv 7 variety details,asked sesame tmv 7 variety detail,ask sesam tmv 7 varieti detail,7,40
1614,3315,Asked about vegetables suitable for December,Cultivation,en,android-app-v2,asked about vegetables suitable for december,asked about vegetables suitable for december,asked vegetable suitable december,ask veget suitabl decemb,6,44
1615,1230,asked about leaf roller & leaf blight disease in groundnut crop   ,Crop Disease,en,unknown,asked about leaf roller & leaf blight disease in groundnut crop,asked about leaf roller leaf blight disease in groundnut crop,asked leaf roller leaf blight disease groundnut crop,ask leaf roller leaf blight diseas groundnut crop,10,63
1616,2920,    Asked about Can mixing with spray for Copper oxy chloride & Micronutrient mixture   ,Cultivation,en,unknown,asked about can mixing with spray for copper oxy chloride & micronutrient mixture,asked about can mixing with spray for copper oxy chloride micronutrient mixture,asked mixing spray copper oxy chloride micronutrient mixture,ask mix spray copper oxi chlorid micronutri mixtur,12,81
1617,1743,ASKING ABOUT LABLAB FRUIT BORER MANAGMENT,Pest Management,en,ussd-sms,asking about lablab fruit borer managment,asking about lablab fruit borer managment,asking lablab fruit borer managment,ask lablab fruit borer manag,6,41
1618,2871,ASKED ABOUT WEED MANAGEMENT IN SSI,Pest Management,en,unknown,asked about weed management in ssi,asked about weed management in ssi,asked weed management ssi,ask weed manag ssi,6,34
1619,2470,PADDY GALL MIDGE MANAGEMENT DETAILS   ,General Agriculture,en,unknown,paddy gall midge management details,paddy gall midge management details,paddy gall midge management detail,paddi gall midg manag detail,5,35
1620,2034,   Asked about humic acid application time & dosage information for tapioca crop   ,Fertilizer,en,ussd-sms,asked about humic acid application time & dosage information for tapioca crop,asked about humic acid application time dosage information for tapioca crop,asked humic acid application time dosage information tapioca crop,ask humic acid applic time dosag inform tapioca crop,11,77
1621,2236,Asked about suitable paddy varieties for saline soil,Crop Information,en,web,asked about suitable paddy varieties for saline soil,asked about suitable paddy varieties for saline soil,asked suitable paddy variety saline soil,ask suitabl paddi varieti salin soil,8,52
1622,2619,asked about button shed management for coconut,Fertilizer,en,android-app-v1,asked about button shed management for coconut,asked about button shed management for coconut,asked button shed management coconut,ask button shed manag coconut,7,46
1623,2709,   Foliar application in paddy,Fertilizer,en,android-app-v1,foliar application in paddy,foliar application in paddy,foliar application paddy,foliar applic paddi,4,27
1624,2383,Asked about Weed management for Tapioca and Pendimethalin herbicide price information,Cultivation,en,ussd-sms,asked about weed management for tapioca and pendimethalin herbicide price information,asked about weed management for tapioca and pendimethalin herbicide price information,asked weed management tapioca pendimethalin herbicide price information,ask weed manag tapioca pendimethalin herbicid price inform,11,85
1625,2820,asking about pandal type lab lab basal fertilizers applications   ,Fertilizer,en,web,asking about pandal type lab lab basal fertilizers applications,asking about pandal type lab lab basal fertilizers applications,asking pandal type lab lab basal fertilizer application,ask pandal type lab lab basal fertil applic,9,63
1626,3001,jamun induce flowering,Fertilizer,en,android-app-v2,jamun induce flowering,jamun induce flowering,jamun induce flowering,jamun induc flower,3,22
1627,1873,   asking about paddy foliar spray,Fertilizer,en,unknown,asking about paddy foliar spray,asking about paddy foliar spray,asking paddy foliar spray,ask paddi foliar spray,5,31
1628,2795,   Soil test Nagapattanam   ,Soil,en,android-app-v1,soil test nagapattanam,soil test nagapattanam,soil test nagapattanam,soil test nagapattanam,3,22
1629,1690,Top dressing Fertilizer Management for paddy,Fertilizer,en,android-app-v2,top dressing fertilizer management for paddy,top dressing fertilizer management for paddy,top dressing fertilizer management paddy,top dress fertil manag paddi,6,44
1630,3218,asked about kattuyanam paddy variety information   ,Crop Information,en,web,asked about kattuyanam paddy variety information,asked about kattuyanam paddy variety information,asked kattuyanam paddy variety information,ask kattuyanam paddi varieti inform,6,48
1631,2326,Asked about Problematic Soil reclamation information,Soil,en,web,asked about problematic soil reclamation information,asked about problematic soil reclamation information,asked problematic soil reclamation information,ask problemat soil reclam inform,6,52
1632,2306,   ASKING ABOUT WATER MANAGEMENT FOR CHILLI PLANT (BEFORE SPRAYING FUNGICIDE),Irrigation,en,ussd-sms,asking about water management for chilli plant (before spraying fungicide),asking about water management for chilli plant before spraying fungicide,asking water management chilli plant spraying fungicide,ask water manag chilli plant spray fungicid,10,74
1633,2645,   Villupuram Weather Report,Weather,en,web,villupuram weather report,villupuram weather report,villupuram weather report,villupuram weather report,3,25
1634,1170,Asked about paddy KKL1 and KKL 2 variety details   ,Crop Information,en,unknown,asked about paddy kkl1 and kkl 2 variety details,asked about paddy kkl1 and kkl 2 variety details,asked paddy kkl1 kkl 2 variety detail,ask paddi kkl1 kkl 2 varieti detail,9,48
1635,1323,Asking About Gummy Stem Blight Management In Watermelon,Crop Disease,en,web,asking about gummy stem blight management in watermelon,asking about gummy stem blight management in watermelon,asking gummy stem blight management watermelon,ask gummi stem blight manag watermelon,8,55
1636,1669,Asked about foliar application in maize,Fertilizer,en,unknown,asked about foliar application in maize,asked about foliar application in maize,asked foliar application maize,ask foliar applic maiz,6,39
1637,3182,   asking about veterinary department no of karur,General Agriculture,en,android-app-v2,asking about veterinary department no of karur,asking about veterinary department no of karur,asking veterinary department no karur,ask veterinari depart no karur,7,46
1638,2517,asked  about weed management for direct sowing paddy (15th day),Pest Management,en,ussd-sms,asked about weed management for direct sowing paddy (15th day),asked about weed management for direct sowing paddy 15th day,asked weed management direct sowing paddy 15th day,ask weed manag direct sow paddi 15th day,10,62
1639,1721,asking about foliar nutrient spray for pomegranate   ,Cultivation,en,android-app-v1,asking about foliar nutrient spray for pomegranate,asking about foliar nutrient spray for pomegranate,asking foliar nutrient spray pomegranate,ask foliar nutrient spray pomegran,7,50
1640,1317,asking about soil testing,Soil,en,web,asking about soil testing,asking about soil testing,asking soil testing,ask soil test,4,25
1641,2314,   ASKED ABOUT PREVENT WILD BOERS IN AGRICULTURE FILD,Cultivation,en,android-app-v1,asked about prevent wild boers in agriculture fild,asked about prevent wild boers in agriculture fild,asked prevent wild boer agriculture fild,ask prevent wild boer agricultur fild,8,50
1642,2996,ASKING  ABOUT SPACING FOR COCONUT (DWARF VARIETIES),Cultivation,en,android-app-v2,asking about spacing for coconut (dwarf varieties),asking about spacing for coconut dwarf varieties,asking spacing coconut dwarf variety,ask space coconut dwarf varieti,7,50
1643,2990,Weather  report for cuddalore,Weather,en,unknown,weather report for cuddalore,weather report for cuddalore,weather report cuddalore,weather report cuddalor,4,28
1644,3322,    weed management for wasteland,Pest Management,en,android-app-v1,weed management for wasteland,weed management for wasteland,weed management wasteland,weed manag wasteland,4,29
1645,2310,jasmine root rot,Crop Disease,en,ussd-sms,jasmine root rot,jasmine root rot,jasmine root rot,jasmin root rot,3,16
1646,2659,WEATHER REPORT FOR PERAMBALUR   ,Weather,en,unknown,weather report for perambalur,weather report for perambalur,weather report perambalur,weather report perambalur,4,29
1647,2223,Asking about premature fruit drop management in chilli,Fertilizer,en,android-app-v2,asking about premature fruit drop management in chilli,asking about premature fruit drop management in chilli,asking premature fruit drop management chilli,ask prematur fruit drop manag chilli,8,54
1648,2671,asking about stem borer management in paddy   ,Pest Management,en,unknown,asking about stem borer management in paddy,asking about stem borer management in paddy,asking stem borer management paddy,ask stem borer manag paddi,7,43
1649,1964,rodent management in field,Pest Management,en,ussd-sms,rodent management in field,rodent management in field,rodent management field,rodent manag field,4,26
1650,2377,   Asking about coconut fertilizer management information (Trichoderma),Fertilizer,en,web,asking about coconut fertilizer management information (trichoderma),asking about coconut fertilizer management information trichoderma,asking coconut fertilizer management information trichoderma,ask coconut fertil manag inform trichoderma,7,68
1651,2210,   Asking about Veterinary University Training and Research Centre phone number   ,Crop Disease,en,web,asking about veterinary university training and research centre phone number,asking about veterinary university training and research centre phone number,asking veterinary university training research centre phone number,ask veterinari univers train research centr phone number,10,76
1652,2546,Asked about fruit borer and aphids management in vegetable cowpea,Pest Management,en,unknown,asked about fruit borer and aphids management in vegetable cowpea,asked about fruit borer and aphids management in vegetable cowpea,asked fruit borer aphid management vegetable cowpea,ask fruit borer aphid manag veget cowpea,10,65
1653,2128,Suitable paddy varieties for villupuram district,Crop Information,en,android-app-v2,suitable paddy varieties for villupuram district,suitable paddy varieties for villupuram district,suitable paddy variety villupuram district,suitabl paddi varieti villupuram district,6,48
1654,2657,asking about tomato seed availability,Cultivation,en,android-app-v2,asking about tomato seed availability,asking about tomato seed availability,asking tomato seed availability,ask tomato seed avail,5,37
1655,2926,ASKED ABOUT MAHYCO MRM 4065 MAIZE VARIETY DURATION INFORMATION   ,Crop Information,en,unknown,asked about mahyco mrm 4065 maize variety duration information,asked about mahyco mrm 4065 maize variety duration information,asked mahyco mrm 4065 maize variety duration information,ask mahyco mrm 4065 maiz varieti durat inform,9,62
1656,2444,   asked about brinjal basal fertilizer management   ,Fertilizer,en,ussd-sms,asked about brinjal basal fertilizer management,asked about brinjal basal fertilizer management,asked brinjal basal fertilizer management,ask brinjal basal fertil manag,6,47
1657,2669,asking about sugarcane press mud application in banana   ,Cultivation,en,unknown,asking about sugarcane press mud application in banana,asking about sugarcane press mud application in banana,asking sugarcane press mud application banana,ask sugarcan press mud applic banana,8,54
1658,1823,asking about tuberose leaf blight management   ,Crop Disease,en,android-app-v2,asking about tuberose leaf blight management,asking about tuberose leaf blight management,asking tuberose leaf blight management,ask tuberos leaf blight manag,6,44
1659,2268,Asked  about sowing season for ASD 21 information,Crop Information,en,android-app-v1,asked about sowing season for asd 21 information,asked about sowing season for asd 21 information,asked sowing season asd 21 information,ask sow season asd 21 inform,8,48
1660,1713,ASKED ABOUT BOTTLE GOURD PLANTING SEASON   ,General Agriculture,en,unknown,asked about bottle gourd planting season,asked about bottle gourd planting season,asked bottle gourd planting season,ask bottl gourd plant season,6,40
1661,2986,asking about paddy season and varieties details,Crop Information,en,android-app-v2,asking about paddy season and varieties details,asking about paddy season and varieties details,asking paddy season variety detail,ask paddi season varieti detail,7,47
1662,3285,ASKED  ABOUT PLANTING SEASON OF CROSSANDRA,Cultivation,en,android-app-v2,asked about planting season of crossandra,asked about planting season of crossandra,asked planting season crossandra,ask plant season crossandra,6,41
1663,2244,Asked about Leaf folder management in Paddy,General Agriculture,en,web,asked about leaf folder management in paddy,asked about leaf folder management in paddy,asked leaf folder management paddy,ask leaf folder manag paddi,7,43
1664,2154,paddy varieties for Tiruvannamalai   ,Crop Information,en,ussd-sms,paddy varieties for tiruvannamalai,paddy varieties for tiruvannamalai,paddy variety tiruvannamalai,paddi varieti tiruvannamalai,4,34
1665,1383,   Asking about sowing season for marigold   ,Cultivation,en,android-app-v2,asking about sowing season for marigold,asking about sowing season for marigold,asking sowing season marigold,ask sow season marigold,6,39
1666,2663,Asking about Beauveria bassiana and pesticide using days interval information,Pest Management,en,android-app-v2,asking about beauveria bassiana and pesticide using days interval information,asking about beauveria bassiana and pesticide using days interval information,asking beauveria bassiana pesticide using day interval information,ask beauveria bassiana pesticid use day interv inform,10,77
1667,2305,   greengram flowering stage   ,Weather,en,android-app-v2,greengram flowering stage,greengram flowering stage,greengram flowering stage,greengram flower stage,3,25
1668,1754,Asked  about calcium deficiency management in bitter gourd   ,Cultivation,en,android-app-v1,asked about calcium deficiency management in bitter gourd,asked about calcium deficiency management in bitter gourd,asked calcium deficiency management bitter gourd,ask calcium defici manag bitter gourd,8,57
1669,1785,Asking  about boron deficiency in tuberose,Fertilizer,en,web,asking about boron deficiency in tuberose,asking about boron deficiency in tuberose,asking boron deficiency tuberose,ask boron defici tuberos,6,41
1670,3167,Asking about Suitable varieties for Crossandra,Cultivation,en,ussd-sms,asking about suitable varieties for crossandra,asking about suitable varieties for crossandra,asking suitable variety crossandra,ask suitabl varieti crossandra,6,46
1671,2501,Perambalur district soil testing lab contact number,Soil,en,android-app-v1,perambalur district soil testing lab contact number,perambalur district soil testing lab contact number,perambalur district soil testing lab contact number,perambalur district soil test lab contact number,7,51
1672,3076,Asking about paddy CO 51 variety duration (days)   ,Crop Information,en,web,asking about paddy co 51 variety duration (days),asking about paddy co 51 variety duration days,asking paddy co 51 variety duration day,ask paddi co 51 varieti durat day,8,48
1673,1910,basal fertilizer management for chilli,Fertilizer,en,web,basal fertilizer management for chilli,basal fertilizer management for chilli,basal fertilizer management chilli,basal fertil manag chilli,5,38
1674,1653,   Bacterial leaf blight in paddy,Crop Disease,en,android-app-v2,bacterial leaf blight in paddy,bacterial leaf blight in paddy,bacterial leaf blight paddy,bacteri leaf blight paddi,5,30
1675,1007,Asking about Flower and Pod setting management for Drumstick   ,Fertilizer,en,android-app-v2,asking about flower and pod setting management for drumstick,asking about flower and pod setting management for drumstick,asking flower pod setting management drumstick,ask flower pod set manag drumstick,9,60
1676,2138,asking about onion basal rot management   ,General Agriculture,en,android-app-v1,asking about onion basal rot management,asking about onion basal rot management,asking onion basal rot management,ask onion basal rot manag,6,39
1677,2973,asking about fruit borer in cotton,Pest Management,en,android-app-v2,asking about fruit borer in cotton,asking about fruit borer in cotton,asking fruit borer cotton,ask fruit borer cotton,6,34
1678,2063,Asking About Pm Kisan Samman Nidhi Aadhar Otp Ekyc Information,General Agriculture,en,unknown,asking about pm kisan samman nidhi aadhar otp ekyc information,asking about pm kisan samman nidhi aadhar otp ekyc information,asking pm kisan samman nidhi aadhar otp ekyc information,ask pm kisan samman nidhi aadhar otp ekyc inform,10,62
1679,1051,ASKED  ABOUT BIO FERTILIZER MANAGEMENT IN PADDY   ,Pest Management,en,android-app-v1,asked about bio fertilizer management in paddy,asked about bio fertilizer management in paddy,asked bio fertilizer management paddy,ask bio fertil manag paddi,7,46
1680,2979,Asked abour Private Paddy variety information,Crop Information,en,android-app-v2,asked abour private paddy variety information,asked abour private paddy variety information,asked abour private paddy variety information,ask abour privat paddi varieti inform,6,45
1681,2991,ASKED ABOUT AVAILABLE OF GUINEA GRASS SEEDS   ,Cultivation,en,unknown,asked about available of guinea grass seeds,asked about available of guinea grass seeds,asked available guinea grass seed,ask avail guinea grass seed,7,43
1682,2911,   Asked about Ribbed Gourd cultivation practice( sowing season),Cultivation,en,web,asked about ribbed gourd cultivation practice( sowing season),asked about ribbed gourd cultivation practice sowing season,asked ribbed gourd cultivation practice sowing season,ask rib gourd cultiv practic sow season,8,61
1683,3166,   sugarcane fertilizer managemen,General Agriculture,en,unknown,sugarcane fertilizer managemen,sugarcane fertilizer managemen,sugarcane fertilizer managemen,sugarcan fertil managemen,3,30
1684,2677,   yellow muranai mite in chilli,Pest Management,en,unknown,yellow muranai mite in chilli,yellow muranai mite in chilli,yellow muranai mite chilli,yellow muranai mite chilli,5,29
1685,2251,asked about red spider mite management in tapioca,Pest Management,en,unknown,asked about red spider mite management in tapioca,asked about red spider mite management in tapioca,asked red spider mite management tapioca,ask red spider mite manag tapioca,8,49
1686,2680,Asking about Stem borer and Leaf folder control management in Paddy,Pest Management,en,android-app-v2,asking about stem borer and leaf folder control management in paddy,asking about stem borer and leaf folder control management in paddy,asking stem borer leaf folder control management paddy,ask stem borer leaf folder control manag paddi,11,67
1687,1582,   Asked about Maize market information,General Agriculture,en,web,asked about maize market information,asked about maize market information,asked maize market information,ask maiz market inform,5,36
1688,3271,groundnut seed availability   ,Cultivation,en,ussd-sms,groundnut seed availability,groundnut seed availability,groundnut seed availability,groundnut seed avail,3,27
1689,1132,Asked about Management of Rhinoceros beetle in Coconut,General Agriculture,en,android-app-v1,asked about management of rhinoceros beetle in coconut,asked about management of rhinoceros beetle in coconut,asked management rhinoceros beetle coconut,ask manag rhinocero beetl coconut,8,54
1690,1231,Bhendi in yellow mosaic virus   ,Crop Disease,en,web,bhendi in yellow mosaic virus,bhendi in yellow mosaic virus,bhendi yellow mosaic virus,bhendi yellow mosaic virus,5,29
1691,2325,ASKING ABOUT MEALY BUG & ANTHRACNOSE DISEASE MANAGEMENT IN MANGO TREE,Crop Disease,en,unknown,asking about mealy bug & anthracnose disease management in mango tree,asking about mealy bug anthracnose disease management in mango tree,asking mealy bug anthracnose disease management mango tree,ask meali bug anthracnos diseas manag mango tree,10,69
1692,2718,asking about black spot in rose,General Agriculture,en,android-app-v1,asking about black spot in rose,asking about black spot in rose,asking black spot rose,ask black spot rose,6,31
1693,3128,Asked about pomegranate leaf spot disease managment,Crop Disease,en,android-app-v1,asked about pomegranate leaf spot disease managment,asked about pomegranate leaf spot disease managment,asked pomegranate leaf spot disease managment,ask pomegran leaf spot diseas manag,7,51
1694,3143,   Top Dressing Fertilizer Management For Cotton,Fertilizer,en,android-app-v2,top dressing fertilizer management for cotton,top dressing fertilizer management for cotton,top dressing fertilizer management cotton,top dress fertil manag cotton,6,45
1695,2533,Asked about Paddy white ponni seed problem information,Crop Information,en,web,asked about paddy white ponni seed problem information,asked about paddy white ponni seed problem information,asked paddy white ponni seed problem information,ask paddi white ponni seed problem inform,8,54
1696,1747,asked about fertilizer management in maize,Fertilizer,en,web,asked about fertilizer management in maize,asked about fertilizer management in maize,asked fertilizer management maize,ask fertil manag maiz,6,42
1697,1797,Asked about Pirandai growth development information,Fertilizer,en,android-app-v2,asked about pirandai growth development information,asked about pirandai growth development information,asked pirandai growth development information,ask pirandai growth develop inform,6,51
1698,1362,black gram leaf caterpillar,General Agriculture,en,android-app-v2,black gram leaf caterpillar,black gram leaf caterpillar,black gram leaf caterpillar,black gram leaf caterpillar,4,27
1699,3112,NAGAPATINAM PADDY VARIETY DETAILS,Cultivation,en,android-app-v1,nagapatinam paddy variety details,nagapatinam paddy variety details,nagapatinam paddy variety detail,nagapatinam paddi varieti detail,4,33
1700,2435,Asking about Bacterial leaf Blight control management in Paddy,Crop Disease,en,web,asking about bacterial leaf blight control management in paddy,asking about bacterial leaf blight control management in paddy,asking bacterial leaf blight control management paddy,ask bacteri leaf blight control manag paddi,9,62
1701,1684,ASKED ABOUT GREENGRAM SOWING SEASON AND VARIETIES,Weather,en,ussd-sms,asked about greengram sowing season and varieties,asked about greengram sowing season and varieties,asked greengram sowing season variety,ask greengram sow season varieti,7,49
1702,2012,    POST EMERGENCE WEED MANAGEMENT FOR GREEN GRAM,Pest Management,en,unknown,post emergence weed management for green gram,post emergence weed management for green gram,post emergence weed management green gram,post emerg weed manag green gram,7,45
1703,1677,Asked about Bacterial leaf Blight management in Paddy   ,Crop Disease,en,web,asked about bacterial leaf blight management in paddy,asked about bacterial leaf blight management in paddy,asked bacterial leaf blight management paddy,ask bacteri leaf blight manag paddi,8,53
1704,3021,   foliar spray for black gram   ,Fertilizer,en,android-app-v2,foliar spray for black gram,foliar spray for black gram,foliar spray black gram,foliar spray black gram,5,27
1705,1856,paddy  short duration seed rate,Cultivation,en,ussd-sms,paddy short duration seed rate,paddy short duration seed rate,paddy short duration seed rate,paddi short durat seed rate,5,30
1706,1659,asked about nrcb trichy contact number,Cultivation,en,android-app-v2,asked about nrcb trichy contact number,asked about nrcb trichy contact number,asked nrcb trichy contact number,ask nrcb trichi contact number,6,38
1707,1426,Asking about soil sample collection procedure information   ,Soil,en,android-app-v1,asking about soil sample collection procedure information,asking about soil sample collection procedure information,asking soil sample collection procedure information,ask soil sampl collect procedur inform,7,57
1708,1745,Asking about weather report for Coimbatore district   ,Weather,en,android-app-v2,asking about weather report for coimbatore district,asking about weather report for coimbatore district,asking weather report coimbatore district,ask weather report coimbator district,7,51
1709,1798,weather report for peramablur district,Weather,en,ussd-sms,weather report for peramablur district,weather report for peramablur district,weather report peramablur district,weather report peramablur district,5,38
1710,2858,asking  about jack fruit plants nursery availability,Cultivation,en,android-app-v2,asking about jack fruit plants nursery availability,asking about jack fruit plants nursery availability,asking jack fruit plant nursery availability,ask jack fruit plant nurseri avail,7,51
1711,1883,   Asked About Pesticides Spray After Vam Biofertilizer Application,Pest Management,en,android-app-v1,asked about pesticides spray after vam biofertilizer application,asked about pesticides spray after vam biofertilizer application,asked pesticide spray vam biofertilizer application,ask pesticid spray vam biofertil applic,8,64
1712,2328,KRISHNAGIRI SOIL TEST LAB NUMBER,Soil,en,android-app-v1,krishnagiri soil test lab number,krishnagiri soil test lab number,krishnagiri soil test lab number,krishnagiri soil test lab number,5,32
1713,1780,asked about spacing of peas   ,Cultivation,en,ussd-sms,asked about spacing of peas,asked about spacing of peas,asked spacing pea,ask space pea,5,27
1714,1366,asked about improved white ponni seed character related information,Cultivation,en,unknown,asked about improved white ponni seed character related information,asked about improved white ponni seed character related information,asked improved white ponni seed character related information,ask improv white ponni seed charact relat inform,9,67
1715,2100,ASKED ABOUT PM KISAN 14TH INSTALLMENT STATUS CHECKING DETAIL (NOT REGISTERED IN EKYC),General Agriculture,en,android-app-v1,asked about pm kisan 14th installment status checking detail (not registered in ekyc),asked about pm kisan 14th installment status checking detail not registered in ekyc,asked pm kisan 14th installment status checking detail not registered ekyc,ask pm kisan 14th instal status check detail not regist ekyc,13,85
1716,2228,Asked about Paddy Stem borer and Leaf folder management in Paddy,Pest Management,en,android-app-v1,asked about paddy stem borer and leaf folder management in paddy,asked about paddy stem borer and leaf folder management in paddy,asked paddy stem borer leaf folder management paddy,ask paddi stem borer leaf folder manag paddi,11,64
1717,1799,Asked  About Tomato Serpentine Leaf Miner Management Information   ,General Agriculture,en,unknown,asked about tomato serpentine leaf miner management information,asked about tomato serpentine leaf miner management information,asked tomato serpentine leaf miner management information,ask tomato serpentin leaf miner manag inform,8,63
1718,2514,Thiruvananmaal soil test lab,Soil,en,android-app-v2,thiruvananmaal soil test lab,thiruvananmaal soil test lab,thiruvananmaal soil test lab,thiruvananma soil test lab,4,28
1719,1786,total yield of RICE CO 51,Crop Information,en,ussd-sms,total yield of rice co 51,total yield of rice co 51,total yield rice co 51,total yield rice co 51,6,25
1720,2519,Jasmine root rot managment,Crop Disease,en,ussd-sms,jasmine root rot managment,jasmine root rot managment,jasmine root rot managment,jasmin root rot manag,4,26
1721,2040,ASKING ABOUT ACID LIME BIO FERTILIZER MANAGEMENT,Pest Management,en,ussd-sms,asking about acid lime bio fertilizer management,asking about acid lime bio fertilizer management,asking acid lime bio fertilizer management,ask acid lime bio fertil manag,7,48
1722,1502,Asked  about vegetable garden kit subsidy scheme registration,Cultivation,en,unknown,asked about vegetable garden kit subsidy scheme registration,asked about vegetable garden kit subsidy scheme registration,asked vegetable garden kit subsidy scheme registration,ask veget garden kit subsidi scheme registr,8,60
1723,1148,Asking about root rot management in Chilli,Crop Disease,en,ussd-sms,asking about root rot management in chilli,asking about root rot management in chilli,asking root rot management chilli,ask root rot manag chilli,7,42
1724,1950,Asking about Which types of Feed used for Poultry,General Agriculture,en,unknown,asking about which types of feed used for poultry,asking about which types of feed used for poultry,asking type feed used poultry,ask type feed use poultri,9,49
1725,2959,Flower Shed In Brinjal,Fertilizer,en,unknown,flower shed in brinjal,flower shed in brinjal,flower shed brinjal,flower shed brinjal,4,22
1726,1744,Asked about Yellow Mite management in Chilli,Pest Management,en,ussd-sms,asked about yellow mite management in chilli,asked about yellow mite management in chilli,asked yellow mite management chilli,ask yellow mite manag chilli,7,44
1727,2706,   ASKIGN ABOUT TIRUPUR TODAY WEATHER REPORT,Weather,en,unknown,askign about tirupur today weather report,askign about tirupur today weather report,askign tirupur today weather report,askign tirupur today weather report,6,41
1728,3125,   asking about black gram thrips management   ,General Agriculture,en,web,asking about black gram thrips management,asking about black gram thrips management,asking black gram thrip management,ask black gram thrip manag,6,41
1729,1932,   farmer asked about pradhanmantri kisan sanman nidhi yojana status & helpline number ?,General Agriculture,en,android-app-v1,farmer asked about pradhanmantri kisan sanman nidhi yojana status & helpline number ?,farmer asked about pradhanmantri kisan sanman nidhi yojana status helpline number,farmer asked pradhanmantri kisan sanman nidhi yojana status helpline number,farmer ask pradhanmantri kisan sanman nidhi yojana status helplin number,11,85
1730,2744,Asking about weather report for thanjavur,Weather,en,ussd-sms,asking about weather report for thanjavur,asking about weather report for thanjavur,asking weather report thanjavur,ask weather report thanjavur,6,41
1731,1189,Bean Aphids in green gram,General Agriculture,en,ussd-sms,bean aphids in green gram,bean aphids in green gram,bean aphid green gram,bean aphid green gram,5,25
1732,3241,onion top fertilizer management,Fertilizer,en,android-app-v1,onion top fertilizer management,onion top fertilizer management,onion top fertilizer management,onion top fertil manag,4,31
1733,1889,Asked about sucking pest management in gourds   ,Pest Management,en,web,asked about sucking pest management in gourds,asked about sucking pest management in gourds,asked sucking pest management gourd,ask suck pest manag gourd,7,45
1734,1752,Asking About Chilli Leafspot Disease Management,Crop Disease,en,android-app-v2,asking about chilli leafspot disease management,asking about chilli leafspot disease management,asking chilli leafspot disease management,ask chilli leafspot diseas manag,6,47
1735,3011,   fertilizer management for paddy nursery,Fertilizer,en,android-app-v2,fertilizer management for paddy nursery,fertilizer management for paddy nursery,fertilizer management paddy nursery,fertil manag paddi nurseri,5,39
1736,1485,asked about ragi varieties,Crop Information,en,android-app-v1,asked about ragi varieties,asked about ragi varieties,asked ragi variety,ask ragi varieti,4,26
1737,3009,"Asked About Paddy Variety Co 51, Co 54, Adt 51 Duration Information   ",Crop Information,en,web,"asked about paddy variety co 51, co 54, adt 51 duration information",asked about paddy variety co 51 co 54 adt 51 duration information,asked paddy variety co 51 co 54 adt 51 duration information,ask paddi varieti co 51 co 54 adt 51 durat inform,12,67
1738,1866,Asked  about Paddy leaf blight management information,Crop Disease,en,unknown,asked about paddy leaf blight management information,asked about paddy leaf blight management information,asked paddy leaf blight management information,ask paddi leaf blight manag inform,7,52
1739,1632,Asking about Foliar nutrient spray for tomato   ,Fertilizer,en,android-app-v2,asking about foliar nutrient spray for tomato,asking about foliar nutrient spray for tomato,asking foliar nutrient spray tomato,ask foliar nutrient spray tomato,7,45
1740,1466,weather report for viluppuram,Weather,en,android-app-v2,weather report for viluppuram,weather report for viluppuram,weather report viluppuram,weather report viluppuram,4,29
1741,1997,ASKED ABOUT PADDY WEED MANAGEMENT,Irrigation,en,unknown,asked about paddy weed management,asked about paddy weed management,asked paddy weed management,ask paddi weed manag,5,33
1742,2918,Black Gram Season And Variety,Crop Information,en,web,black gram season and variety,black gram season and variety,black gram season variety,black gram season varieti,5,29
1743,3302,   Asking about fertilizer management for coconut (20:20:0:13),Fertilizer,en,android-app-v1,asking about fertilizer management for coconut (20:20:0:13),asking about fertilizer management for coconut 20:20:0:13,asking fertilizer management coconut 20:20:0:13,ask fertil manag coconut 20:20:0:13,7,59
1744,3085,Asked about Root rot management for Groundnut,Crop Disease,en,unknown,asked about root rot management for groundnut,asked about root rot management for groundnut,asked root rot management groundnut,ask root rot manag groundnut,7,45
1745,1931,Asking about Regulated market committee phone number(Villupuram district)   ,General Agriculture,en,android-app-v1,asking about regulated market committee phone number(villupuram district),asking about regulated market committee phone number villupuram district,asking regulated market committee phone number villupuram district,ask regul market committe phone number villupuram district,9,73
1746,3086,ASKED ABOUT BASAL STEM ROT DISEASE MANGEMENT IN COCONUT   ,Crop Disease,en,ussd-sms,asked about basal stem rot disease mangement in coconut,asked about basal stem rot disease mangement in coconut,asked basal stem rot disease mangement coconut,ask basal stem rot diseas mangement coconut,9,55
1747,2145,Sowing season of beetroot,Cultivation,en,web,sowing season of beetroot,sowing season of beetroot,sowing season beetroot,sow season beetroot,4,25
1748,2372,   Asking About Suitable Variety Of Sesame,Crop Information,en,web,asking about suitable variety of sesame,asking about suitable variety of sesame,asking suitable variety sesame,ask suitabl varieti sesam,6,39
1749,1232,Asking about Nematode management in tuberose flower,Pest Management,en,android-app-v2,asking about nematode management in tuberose flower,asking about nematode management in tuberose flower,asking nematode management tuberose flower,ask nematod manag tuberos flower,7,51
1750,2782,Asking  about 8 loculed sesame varieties information,Cultivation,en,android-app-v2,asking about 8 loculed sesame varieties information,asking about 8 loculed sesame varieties information,asking 8 loculed sesame variety information,ask 8 locul sesam varieti inform,7,51
1751,1386,   cotton cultivation soil,Soil,en,web,cotton cultivation soil,cotton cultivation soil,cotton cultivation soil,cotton cultiv soil,3,23
1752,3286,ASKING ABOUT PM KISAN SAMMAN NIDHI SCHEME INSTALLMENT NOT CREDITED IN MY ACCOUNT,General Agriculture,en,ussd-sms,asking about pm kisan samman nidhi scheme installment not credited in my account,asking about pm kisan samman nidhi scheme installment not credited in my account,asking pm kisan samman nidhi scheme installment not credited account,ask pm kisan samman nidhi scheme instal not credit account,13,80
1753,1250,Asking About Weather Report For Erode,Weather,en,web,asking about weather report for erode,asking about weather report for erode,asking weather report erode,ask weather report erod,6,37
1754,1013,Asking about weather forecasting for dharmapuri,Weather,en,ussd-sms,asking about weather forecasting for dharmapuri,asking about weather forecasting for dharmapuri,asking weather forecasting dharmapuri,ask weather forecast dharmapuri,6,47
1755,2010,ASKING ABOUT FLOWER SHED MANAGEMENT IN MORINGA,General Agriculture,en,android-app-v2,asking about flower shed management in moringa,asking about flower shed management in moringa,asking flower shed management moringa,ask flower shed manag moringa,7,46
1756,1642,BRINJAL FRUIT BORER ORGANIC MANAGEMENT   ,Pest Management,en,unknown,brinjal fruit borer organic management,brinjal fruit borer organic management,brinjal fruit borer organic management,brinjal fruit borer organ manag,5,38
1757,2461,Asking about leaf blight in paddy,Crop Disease,en,android-app-v2,asking about leaf blight in paddy,asking about leaf blight in paddy,asking leaf blight paddy,ask leaf blight paddi,6,33
1758,1179,Asking For Coconut Flowering Improvement,Fertilizer,en,unknown,asking for coconut flowering improvement,asking for coconut flowering improvement,asking coconut flowering improvement,ask coconut flower improv,5,40
1759,1501,   VILLUPURAM VETERNARY DEPARTMRNT CONTACT NUMBER DETAISL,General Agriculture,en,web,villupuram veternary departmrnt contact number detaisl,villupuram veternary departmrnt contact number detaisl,villupuram veternary departmrnt contact number detaisl,villupuram veternari departmrnt contact number detaisl,6,54
1760,1946,Asked about fruit borer management in brinjal   ,Pest Management,en,android-app-v2,asked about fruit borer management in brinjal,asked about fruit borer management in brinjal,asked fruit borer management brinjal,ask fruit borer manag brinjal,7,45
1761,1777,asked about water management in jasmine,Irrigation,en,ussd-sms,asked about water management in jasmine,asked about water management in jasmine,asked water management jasmine,ask water manag jasmin,6,39
1762,1001,   Thirunelveli weather report details,Weather,en,unknown,thirunelveli weather report details,thirunelveli weather report details,thirunelveli weather report detail,thirunelv weather report detail,4,35
1763,2717,   Asking about LRG 41 red gram seeds availability   ,Cultivation,en,web,asking about lrg 41 red gram seeds availability,asking about lrg 41 red gram seeds availability,asking lrg 41 red gram seed availability,ask lrg 41 red gram seed avail,8,47
1764,2842,asking about celosia blooming time,Cultivation,en,android-app-v2,asking about celosia blooming time,asking about celosia blooming time,asking celosia blooming time,ask celosia bloom time,5,34
1765,3202,Asked about TNAU Demic department contact number (cotton price forecast)   ,General Agriculture,en,web,asked about tnau demic department contact number (cotton price forecast),asked about tnau demic department contact number cotton price forecast,asked tnau demic department contact number cotton price forecast,ask tnau demic depart contact number cotton price forecast,10,72
1766,1067,asked  about nutrient management in acrecanut,Fertilizer,en,ussd-sms,asked about nutrient management in acrecanut,asked about nutrient management in acrecanut,asked nutrient management acrecanut,ask nutrient manag acrecanut,6,44
1767,2613,Vellore district weather forecast   ,Weather,en,ussd-sms,vellore district weather forecast,vellore district weather forecast,vellore district weather forecast,vellor district weather forecast,4,33
1768,2894,asking about erode weather,Weather,en,android-app-v1,asking about erode weather,asking about erode weather,asking erode weather,ask erod weather,4,26
1769,2456,ASKING ABOUT ROOT ROT IN TUBEROSE   ,Crop Disease,en,android-app-v2,asking about root rot in tuberose,asking about root rot in tuberose,asking root rot tuberose,ask root rot tuberos,6,33
1770,3172,asking about water management in cotton   ,Irrigation,en,ussd-sms,asking about water management in cotton,asking about water management in cotton,asking water management cotton,ask water manag cotton,6,39
1771,1775,ASKING ABOUT ROOT GRUB & NEMATODE MANAGEMENT IN COTTON CROP,Pest Management,en,web,asking about root grub & nematode management in cotton crop,asking about root grub nematode management in cotton crop,asking root grub nematode management cotton crop,ask root grub nematod manag cotton crop,9,59
1772,1115,   Fertilizer Management for paddy   ,Fertilizer,en,web,fertilizer management for paddy,fertilizer management for paddy,fertilizer management paddy,fertil manag paddi,4,31
1773,1118,Asking  about Cotton Stem Weevil management,Fertilizer,en,android-app-v2,asking about cotton stem weevil management,asking about cotton stem weevil management,asking cotton stem weevil management,ask cotton stem weevil manag,6,42
1774,2288,asking about Bacterial Wilt in watermelon,Crop Disease,en,ussd-sms,asking about bacterial wilt in watermelon,asking about bacterial wilt in watermelon,asking bacterial wilt watermelon,ask bacteri wilt watermelon,6,41
1775,3238,    asking about suitable varieties of tapioca   ,Crop Information,en,android-app-v1,asking about suitable varieties of tapioca,asking about suitable varieties of tapioca,asking suitable variety tapioca,ask suitabl varieti tapioca,6,42
1776,1425,    Asked about foliar spray for sesame   ,Fertilizer,en,android-app-v2,asked about foliar spray for sesame,asked about foliar spray for sesame,asked foliar spray sesame,ask foliar spray sesam,6,35
1777,3033,Asking about Suitable Black gram varieties for this season,Crop Information,en,android-app-v1,asking about suitable black gram varieties for this season,asking about suitable black gram varieties for this season,asking suitable black gram variety season,ask suitabl black gram varieti season,9,58
1778,2980,ASKED ABOUT SOIL TESTING INFORMATION,Soil,en,web,asked about soil testing information,asked about soil testing information,asked soil testing information,ask soil test inform,5,36
1779,3029,asked about sowing season and suitable varieties of paddy,Weather,en,web,asked about sowing season and suitable varieties of paddy,asked about sowing season and suitable varieties of paddy,asked sowing season suitable variety paddy,ask sow season suitabl varieti paddi,9,57
1780,1246,   Asking about bacterial leaf blight management in paddy,Fertilizer,en,android-app-v2,asking about bacterial leaf blight management in paddy,asking about bacterial leaf blight management in paddy,asking bacterial leaf blight management paddy,ask bacteri leaf blight manag paddi,8,54
1781,2200,Asked about Paddy Top Dressing fertilizer application (MN),Fertilizer,en,android-app-v1,asked about paddy top dressing fertilizer application (mn),asked about paddy top dressing fertilizer application mn,asked paddy top dressing fertilizer application mn,ask paddi top dress fertil applic mn,8,58
1782,1888,Asking about weather report for Dindigul,Weather,en,android-app-v1,asking about weather report for dindigul,asking about weather report for dindigul,asking weather report dindigul,ask weather report dindigul,6,40
1783,2640,Asked about suitable paddy varieties for samba season   ,Crop Information,en,android-app-v2,asked about suitable paddy varieties for samba season,asked about suitable paddy varieties for samba season,asked suitable paddy variety samba season,ask suitabl paddi varieti samba season,8,53
1784,2476,asking about sowing season of agriculture crops (millets),Weather,en,android-app-v2,asking about sowing season of agriculture crops (millets),asking about sowing season of agriculture crops millets,asking sowing season agriculture crop millet,ask sow season agricultur crop millet,8,57
1785,3135,"FARMER ASKED PRICE DETAIL OF SESAMUM(SESAME,GINGELLY,TIL) IN THIRUKOVILUR MANDI.",General Agriculture,en,android-app-v2,"farmer asked price detail of sesamum(sesame,gingelly,til) in thirukovilur mandi.",farmer asked price detail of sesamum sesame gingelly til in thirukovilur mandi,farmer asked price detail sesamum sesame gingelly til thirukovilur mandi,farmer ask price detail sesamum sesam gingelli til thirukovilur mandi,12,80
1786,2933,   Tirunelveli weather Report,Weather,en,android-app-v1,tirunelveli weather report,tirunelveli weather report,tirunelveli weather report,tirunelv weather report,3,26
1787,1995,ASKING ABOUT GROUNDNUT ROOT ROT MANAGEMENT,Crop Disease,en,ussd-sms,asking about groundnut root rot management,asking about groundnut root rot management,asking groundnut root rot management,ask groundnut root rot manag,6,42
1788,3230,asking about tuberose nematodes management,Pest Management,en,android-app-v2,asking about tuberose nematodes management,asking about tuberose nematodes management,asking tuberose nematode management,ask tuberos nematod manag,5,42
1789,3069,"    Asked about PM kisan samman nidhi yojana scheme 11,12,13 & 14 th installment status",General Agriculture,en,web,"asked about pm kisan samman nidhi yojana scheme 11,12,13 & 14 th installment status","asked about pm kisan samman nidhi yojana scheme 11,12,13 14 th installment status","asked pm kisan samman nidhi yojana scheme 11,12,13 14 th installment status","ask pm kisan samman nidhi yojana scheme 11,12,13 14 th instal status",13,83
1790,2965,    ASKING ABOUT GROUNDNUT G7 VARIETY DURATION   ,Crop Information,en,unknown,asking about groundnut g7 variety duration,asking about groundnut g7 variety duration,asking groundnut g7 variety duration,ask groundnut g7 varieti durat,6,42
1791,1454,asked about sowing information of vegetables,Cultivation,en,ussd-sms,asked about sowing information of vegetables,asked about sowing information of vegetables,asked sowing information vegetable,ask sow inform veget,6,44
1792,1376,Asking about coconut bio fertilizer management,Pest Management,en,unknown,asking about coconut bio fertilizer management,asking about coconut bio fertilizer management,asking coconut bio fertilizer management,ask coconut bio fertil manag,6,46
1793,1499,Asked about Pseudostem borer management in banana,Pest Management,en,unknown,asked about pseudostem borer management in banana,asked about pseudostem borer management in banana,asked pseudostem borer management banana,ask pseudostem borer manag banana,7,49
1794,1290,asked about bhendi sowing seed rate and spacing information,Cultivation,en,unknown,asked about bhendi sowing seed rate and spacing information,asked about bhendi sowing seed rate and spacing information,asked bhendi sowing seed rate spacing information,ask bhendi sow seed rate space inform,9,59
1795,2785,asking about weather detail for Pudukottai dist,Weather,en,web,asking about weather detail for pudukottai dist,asking about weather detail for pudukottai dist,asking weather detail pudukottai dist,ask weather detail pudukottai dist,7,47
1796,2641,Dindukal horticulture department,General Agriculture,en,unknown,dindukal horticulture department,dindukal horticulture department,dindukal horticulture department,dinduk horticultur depart,3,32
1797,3036,Asking about Severity of mottle streak diseases management in Ragi,Crop Disease,en,unknown,asking about severity of mottle streak diseases management in ragi,asking about severity of mottle streak diseases management in ragi,asking severity mottle streak disease management ragi,ask sever mottl streak diseas manag ragi,10,66
1798,2609,red gram sowing season and variety,Cultivation,en,web,red gram sowing season and variety,red gram sowing season and variety,red gram sowing season variety,red gram sow season varieti,6,34
1799,3311,   Asking about Fodder sorghum leaf blight management,Crop Disease,en,web,asking about fodder sorghum leaf blight management,asking about fodder sorghum leaf blight management,asking fodder sorghum leaf blight management,ask fodder sorghum leaf blight manag,7,50
1800,1156,FUSARIUM WILT IN CHILLI   ,Crop Disease,en,android-app-v2,fusarium wilt in chilli,fusarium wilt in chilli,fusarium wilt chilli,fusarium wilt chilli,4,23
1801,3139,    Asking about TPS 5 paddy variety total duration,Crop Information,en,web,asking about tps 5 paddy variety total duration,asking about tps 5 paddy variety total duration,asking tps 5 paddy variety total duration,ask tps 5 paddi varieti total durat,8,47
1802,1310,Maize pre emergence herbicide   ,Pest Management,en,web,maize pre emergence herbicide,maize pre emergence herbicide,maize pre emergence herbicide,maiz pre emerg herbicid,4,29
1803,1692,asking about maize market rate,General Agriculture,en,android-app-v2,asking about maize market rate,asking about maize market rate,asking maize market rate,ask maiz market rate,5,30
1804,1068,varieties of paddy,Crop Information,en,android-app-v1,varieties of paddy,varieties of paddy,variety paddy,varieti paddi,3,18
1805,2611,   Root rots bio fungicide application for groundnut,Pest Management,en,ussd-sms,root rots bio fungicide application for groundnut,root rots bio fungicide application for groundnut,root rot bio fungicide application groundnut,root rot bio fungicid applic groundnut,7,49
1806,3254,   BETTER BUNCHY FRUIT SIZE INCREASE IN BANANA,Fertilizer,en,unknown,better bunchy fruit size increase in banana,better bunchy fruit size increase in banana,better bunchy fruit size increase banana,better bunchi fruit size increas banana,7,43
1807,1218,Asked about top dressing fertilizer for paddy ?????? :,Fertilizer,en,unknown,asked about top dressing fertilizer for paddy ?????? :,asked about top dressing fertilizer for paddy,asked top dressing fertilizer paddy,ask top dress fertil paddi,7,54
1808,2736,tobacco cutworm in chillies,General Agriculture,en,unknown,tobacco cutworm in chillies,tobacco cutworm in chillies,tobacco cutworm chilli,tobacco cutworm chilli,4,27
1809,1734,   Asked about Mango tree maintenance   ,Cultivation,en,web,asked about mango tree maintenance,asked about mango tree maintenance,asked mango tree maintenance,ask mango tree mainten,5,34
1810,3210,ASKING ABOUT STEM BORER AND LEAF FOLDER MANAGEMENT IN PADDY (ADULT)   ,Pest Management,en,unknown,asking about stem borer and leaf folder management in paddy (adult),asking about stem borer and leaf folder management in paddy adult,asking stem borer leaf folder management paddy adult,ask stem borer leaf folder manag paddi adult,11,67
1811,1710,Asked about paddy direct post emergence sown weed management,Pest Management,en,web,asked about paddy direct post emergence sown weed management,asked about paddy direct post emergence sown weed management,asked paddy direct post emergence sown weed management,ask paddi direct post emerg sown weed manag,9,60
1812,1925,Viruthunagar veterinary department   ,Crop Disease,en,unknown,viruthunagar veterinary department,viruthunagar veterinary department,viruthunagar veterinary department,viruthunagar veterinari depart,3,34
1813,1514,Cotton market price,General Agriculture,en,ussd-sms,cotton market price,cotton market price,cotton market price,cotton market price,3,19
1814,1195,ASKING ABOUT PADDY VARIETY ADT 53 HABIT,Cultivation,en,android-app-v2,asking about paddy variety adt 53 habit,asking about paddy variety adt 53 habit,asking paddy variety adt 53 habit,ask paddi varieti adt 53 habit,7,39
1815,2665,Banana bunchy top virus management,Crop Disease,en,android-app-v1,banana bunchy top virus management,banana bunchy top virus management,banana bunchy top virus management,banana bunchi top virus manag,5,34
1816,1782,   Asked About Paddy Tillering Information,Fertilizer,en,web,asked about paddy tillering information,asked about paddy tillering information,asked paddy tillering information,ask paddi tiller inform,5,39
1817,1097,Asking about sugarcane Fertigation schedule,Fertilizer,en,web,asking about sugarcane fertigation schedule,asking about sugarcane fertigation schedule,asking sugarcane fertigation schedule,ask sugarcan fertig schedul,5,43
1818,1917,   Asked about traditional paddy varieties for Kuruvai season,Crop Information,en,unknown,asked about traditional paddy varieties for kuruvai season,asked about traditional paddy varieties for kuruvai season,asked traditional paddy variety kuruvai season,ask tradit paddi varieti kuruvai season,8,58
1819,3275,control  measure fruit borer in brinjal   ,General Agriculture,en,android-app-v1,control measure fruit borer in brinjal,control measure fruit borer in brinjal,control measure fruit borer brinjal,control measur fruit borer brinjal,6,38
1820,1462,Asked about Soil testing laboratory phone number   ,Soil,en,android-app-v2,asked about soil testing laboratory phone number,asked about soil testing laboratory phone number,asked soil testing laboratory phone number,ask soil test laboratori phone number,7,48
1821,3187,   Asked about TNAU Soil Testing and Technology Advisory Centre,Soil,en,unknown,asked about tnau soil testing and technology advisory centre,asked about tnau soil testing and technology advisory centre,asked tnau soil testing technology advisory centre,ask tnau soil test technolog advisori centr,9,60
1822,1412,Paddy bacterial blight   ,Crop Disease,en,ussd-sms,paddy bacterial blight,paddy bacterial blight,paddy bacterial blight,paddi bacteri blight,3,22
1823,1916,asked about sowing season and suitable variety of sesame,Crop Information,en,web,asked about sowing season and suitable variety of sesame,asked about sowing season and suitable variety of sesame,asked sowing season suitable variety sesame,ask sow season suitabl varieti sesam,9,56
1824,1565,   Asking about weather report Villupuram   ,Weather,en,ussd-sms,asking about weather report villupuram,asking about weather report villupuram,asking weather report villupuram,ask weather report villupuram,5,38
1825,3276,fusarium wilt in tomato,Crop Disease,en,android-app-v2,fusarium wilt in tomato,fusarium wilt in tomato,fusarium wilt tomato,fusarium wilt tomato,4,23
1826,2817,   Asking about Can mixing with DAP & Zinc sulphate,Cultivation,en,android-app-v2,asking about can mixing with dap & zinc sulphate,asking about can mixing with dap zinc sulphate,asking mixing dap zinc sulphate,ask mix dap zinc sulphat,8,48
1827,1026,Asked about Animal disease management,Crop Disease,en,unknown,asked about animal disease management,asked about animal disease management,asked animal disease management,ask anim diseas manag,5,37
1828,1174,ASKED ABOUT AZOLLA MOTHER SPAWN AND AZOLLA BED AVAILABILITY,Cultivation,en,unknown,asked about azolla mother spawn and azolla bed availability,asked about azolla mother spawn and azolla bed availability,asked azolla mother spawn azolla bed availability,ask azolla mother spawn azolla bed avail,9,59
1829,1547,Asked about Red gram sowing season and suitable intercrops information,Crop Information,en,web,asked about red gram sowing season and suitable intercrops information,asked about red gram sowing season and suitable intercrops information,asked red gram sowing season suitable intercrops information,ask red gram sow season suitabl intercrop inform,10,70
1830,2566,    suitable blackgram variety,Crop Information,en,web,suitable blackgram variety,suitable blackgram variety,suitable blackgram variety,suitabl blackgram varieti,3,26
1831,1202,ASKED ABOUT TRY 1 PADDY VARIETY RELATED DETAILS,Weather,en,ussd-sms,asked about try 1 paddy variety related details,asked about try 1 paddy variety related details,asked try 1 paddy variety related detail,ask tri 1 paddi varieti relat detail,8,47
1832,2061,   asked about bhendi thrips & aphids management,General Agriculture,en,web,asked about bhendi thrips & aphids management,asked about bhendi thrips aphids management,asked bhendi thrip aphid management,ask bhendi thrip aphid manag,6,45
1833,1828,guinea grass seed availability,Weather,en,android-app-v1,guinea grass seed availability,guinea grass seed availability,guinea grass seed availability,guinea grass seed avail,4,30
1834,3248,nematode pest in groundnut,General Agriculture,en,web,nematode pest in groundnut,nematode pest in groundnut,nematode pest groundnut,nematod pest groundnut,4,26
1835,2482,Asked about ADT 37 planting season information,Crop Information,en,android-app-v1,asked about adt 37 planting season information,asked about adt 37 planting season information,asked adt 37 planting season information,ask adt 37 plant season inform,7,46
1836,2868,    ASKED ABOUT WATER REQUIREMENT IN BANANA /DAY & PLANTING SPACING,Irrigation,en,ussd-sms,asked about water requirement in banana /day & planting spacing,asked about water requirement in banana /day planting spacing,asked water requirement banana /day planting spacing,ask water requir banana /day plant space,9,63
1837,2713,Asking  about TNAU Department of Fruit Crops contact number (citrus flowering),Fertilizer,en,android-app-v1,asking about tnau department of fruit crops contact number (citrus flowering),asking about tnau department of fruit crops contact number citrus flowering,asking tnau department fruit crop contact number citrus flowering,ask tnau depart fruit crop contact number citrus flower,11,77
1838,1163,ASKING ABOUT ECULEPTOUS SEEDLINGS AVAILABILITY,General Agriculture,en,android-app-v2,asking about eculeptous seedlings availability,asking about eculeptous seedlings availability,asking eculeptous seedling availability,ask eculept seedl avail,5,46
1839,2552,Asked about flower increase in papaya   ,Cultivation,en,web,asked about flower increase in papaya,asked about flower increase in papaya,asked flower increase papaya,ask flower increas papaya,6,37
1840,2987,asking about cotton season and varieties,Crop Information,en,web,asking about cotton season and varieties,asking about cotton season and varieties,asking cotton season variety,ask cotton season varieti,6,40
1841,2742,   asked about weed management in ragi crop   ,Pest Management,en,android-app-v1,asked about weed management in ragi crop,asked about weed management in ragi crop,asked weed management ragi crop,ask weed manag ragi crop,7,40
1842,1031,ASKING  ABOUT SUITABLE PADDY VARIETIES FOR KAR SEASON (BOLD),Crop Information,en,ussd-sms,asking about suitable paddy varieties for kar season (bold),asking about suitable paddy varieties for kar season bold,asking suitable paddy variety kar season bold,ask suitabl paddi varieti kar season bold,9,59
1843,2380,Asked about Sucking pest and Leaf curl disease management in Cotton   ,Crop Disease,en,ussd-sms,asked about sucking pest and leaf curl disease management in cotton,asked about sucking pest and leaf curl disease management in cotton,asked sucking pest leaf curl disease management cotton,ask suck pest leaf curl diseas manag cotton,11,67
1844,1685,Asked about Suitable varieties for Paddy (August month),Crop Information,en,unknown,asked about suitable varieties for paddy (august month),asked about suitable varieties for paddy august month,asked suitable variety paddy august month,ask suitabl varieti paddi august month,8,55
1845,2356,ASKED ABOUT SESAME VARIETY,Crop Information,en,android-app-v2,asked about sesame variety,asked about sesame variety,asked sesame variety,ask sesam varieti,4,26
1846,1604,   asking about stem borer management in maize,Pest Management,en,android-app-v2,asking about stem borer management in maize,asking about stem borer management in maize,asking stem borer management maize,ask stem borer manag maiz,7,43
1847,1440,asking  about duration of bpt and white ponni,Crop Information,en,android-app-v2,asking about duration of bpt and white ponni,asking about duration of bpt and white ponni,asking duration bpt white ponni,ask durat bpt white ponni,8,44
1848,1738,   asking about paddy weed management,Pest Management,en,ussd-sms,asking about paddy weed management,asking about paddy weed management,asking paddy weed management,ask paddi weed manag,5,34
1849,1794,Asked about increase maize yield information,Fertilizer,en,ussd-sms,asked about increase maize yield information,asked about increase maize yield information,asked increase maize yield information,ask increas maiz yield inform,6,44
1850,2789,ASKING ABOUT WATER TESTING INFORMATION   ,Soil,en,android-app-v1,asking about water testing information,asking about water testing information,asking water testing information,ask water test inform,5,38
1851,1120,asked about top dressing fertilizer management in groundnut,General Agriculture,en,unknown,asked about top dressing fertilizer management in groundnut,asked about top dressing fertilizer management in groundnut,asked top dressing fertilizer management groundnut,ask top dress fertil manag groundnut,8,59
1852,1665,asked about water infiltration in paddy field,Crop Information,en,ussd-sms,asked about water infiltration in paddy field,asked about water infiltration in paddy field,asked water infiltration paddy field,ask water infiltr paddi field,7,45
1853,2615,   Asked about Leaf caterpillar management for Sesame,Cultivation,en,web,asked about leaf caterpillar management for sesame,asked about leaf caterpillar management for sesame,asked leaf caterpillar management sesame,ask leaf caterpillar manag sesam,7,50
1854,1748,Asked about Manila tamarind organic fertilizer management,Fertilizer,en,web,asked about manila tamarind organic fertilizer management,asked about manila tamarind organic fertilizer management,asked manila tamarind organic fertilizer management,ask manila tamarind organ fertil manag,7,57
1855,2167,Krishnagiri  Navarai Paddy Varieties,Crop Information,en,web,krishnagiri navarai paddy varieties,krishnagiri navarai paddy varieties,krishnagiri navarai paddy variety,krishnagiri navarai paddi varieti,4,35
1856,1221,Asking About Red Spider Mite In Cotton,Pest Management,en,android-app-v2,asking about red spider mite in cotton,asking about red spider mite in cotton,asking red spider mite cotton,ask red spider mite cotton,7,38
1857,1712,Asked about CSV 41 sorghum Variety information,Crop Information,en,ussd-sms,asked about csv 41 sorghum variety information,asked about csv 41 sorghum variety information,asked csv 41 sorghum variety information,ask csv 41 sorghum varieti inform,7,46
1858,1184,Asking about Mosaic management in cucumber (sucking pest- aphids)   ,Pest Management,en,ussd-sms,asking about mosaic management in cucumber (sucking pest- aphids),asking about mosaic management in cucumber sucking pest- aphids,asking mosaic management cucumber sucking pest- aphid,ask mosaic manag cucumb suck pest- aphid,9,65
1859,2263,   Asking about Vegetable seed availability,Cultivation,en,unknown,asking about vegetable seed availability,asking about vegetable seed availability,asking vegetable seed availability,ask veget seed avail,5,40
1860,2227,control measure for shoot borer in sugarcane   ,General Agriculture,en,ussd-sms,control measure for shoot borer in sugarcane,control measure for shoot borer in sugarcane,control measure shoot borer sugarcane,control measur shoot borer sugarcan,7,44
1861,1171,Asking about nano urea spraying quantity,Cultivation,en,android-app-v2,asking about nano urea spraying quantity,asking about nano urea spraying quantity,asking nano urea spraying quantity,ask nano urea spray quantiti,6,40
1862,2805,Asked about suitable vegetable crops for April month   ,Cultivation,en,web,asked about suitable vegetable crops for april month,asked about suitable vegetable crops for april month,asked suitable vegetable crop april month,ask suitabl veget crop april month,8,52
1863,1295,Asked About Mdu 6 Paddy Variety Duration & Grain Type Information   ,Crop Information,en,ussd-sms,asked about mdu 6 paddy variety duration & grain type information,asked about mdu 6 paddy variety duration grain type information,asked mdu 6 paddy variety duration grain type information,ask mdu 6 paddi varieti durat grain type inform,10,65
1864,1457,   Asking about Address for Erode soil testing laboratory,Soil,en,ussd-sms,asking about address for erode soil testing laboratory,asking about address for erode soil testing laboratory,asking address erode soil testing laboratory,ask address erod soil test laboratori,8,54
1865,1581,Asking about farmer identity card registration,Cultivation,en,web,asking about farmer identity card registration,asking about farmer identity card registration,asking farmer identity card registration,ask farmer ident card registr,6,46
1866,1301,   Asking About Weather Report For Thiruvallur   ,Weather,en,unknown,asking about weather report for thiruvallur,asking about weather report for thiruvallur,asking weather report thiruvallur,ask weather report thiruvallur,6,43
1867,1200,Asked about Sucking Pest management in Paddy,Pest Management,en,android-app-v1,asked about sucking pest management in paddy,asked about sucking pest management in paddy,asked sucking pest management paddy,ask suck pest manag paddi,7,44
1868,1951,banana foliar spray details   ,Cultivation,en,unknown,banana foliar spray details,banana foliar spray details,banana foliar spray detail,banana foliar spray detail,4,27
1869,2790,asking about whitefly management in brinjal,General Agriculture,en,android-app-v2,asking about whitefly management in brinjal,asking about whitefly management in brinjal,asking whitefly management brinjal,ask whitefli manag brinjal,6,43
1870,3239,TAPIOCA ROOT ROT MANAGEMENT,Crop Disease,en,android-app-v1,tapioca root rot management,tapioca root rot management,tapioca root rot management,tapioca root rot manag,4,27
1871,2685,Asked about leaf spot management for management,General Agriculture,en,web,asked about leaf spot management for management,asked about leaf spot management for management,asked leaf spot management management,ask leaf spot manag manag,7,47
1872,1434,Asked about benefits of azospirrillum & Phosphobacteria application for paddy crop,Pest Management,en,ussd-sms,asked about benefits of azospirrillum & phosphobacteria application for paddy crop,asked about benefits of azospirrillum phosphobacteria application for paddy crop,asked benefit azospirrillum phosphobacteria application paddy crop,ask benefit azospirrillum phosphobacteria applic paddi crop,10,82
1873,2394,Asked about Suitable vegetables for December planting season   ,Cultivation,en,unknown,asked about suitable vegetables for december planting season,asked about suitable vegetables for december planting season,asked suitable vegetable december planting season,ask suitabl veget decemb plant season,8,60
1874,2599,Asking about leaf blight management in cucumber,Crop Disease,en,unknown,asking about leaf blight management in cucumber,asking about leaf blight management in cucumber,asking leaf blight management cucumber,ask leaf blight manag cucumb,7,47
1875,1431,    asked about leaf caterpillar & leaf blight disease management in paddy nursery crop,Crop Disease,en,android-app-v1,asked about leaf caterpillar & leaf blight disease management in paddy nursery crop,asked about leaf caterpillar leaf blight disease management in paddy nursery crop,asked leaf caterpillar leaf blight disease management paddy nursery crop,ask leaf caterpillar leaf blight diseas manag paddi nurseri crop,12,83
1876,3002,   Asking about basal fertilizer management for black gram,Fertilizer,en,android-app-v1,asking about basal fertilizer management for black gram,asking about basal fertilizer management for black gram,asking basal fertilizer management black gram,ask basal fertil manag black gram,8,55
1877,1145,Asking about Red spider mite in jasmine,Pest Management,en,ussd-sms,asking about red spider mite in jasmine,asking about red spider mite in jasmine,asking red spider mite jasmine,ask red spider mite jasmin,7,39
1878,1561,   Asked about spacing for chilli (varieties),Fertilizer,en,unknown,asked about spacing for chilli (varieties),asked about spacing for chilli varieties,asked spacing chilli variety,ask space chilli varieti,6,42
1879,2457,Asking about Ribbed gourd season and variety details   ,General Agriculture,en,ussd-sms,asking about ribbed gourd season and variety details,asking about ribbed gourd season and variety details,asking ribbed gourd season variety detail,ask rib gourd season varieti detail,8,52
1880,3249,sowing season of watermelon   ,Cultivation,en,ussd-sms,sowing season of watermelon,sowing season of watermelon,sowing season watermelon,sow season watermelon,4,27
1881,2511,   Asked about Eucalyptus planting,Weather,en,unknown,asked about eucalyptus planting,asked about eucalyptus planting,asked eucalyptus planting,ask eucalyptus plant,4,31
1882,3237,   banana bio fertilizer application,Pest Management,en,ussd-sms,banana bio fertilizer application,banana bio fertilizer application,banana bio fertilizer application,banana bio fertil applic,4,33
1883,2504,Asked About Caterpillar And Sucking Pest Management In Mullai,Pest Management,en,ussd-sms,asked about caterpillar and sucking pest management in mullai,asked about caterpillar and sucking pest management in mullai,asked caterpillar sucking pest management mullai,ask caterpillar suck pest manag mullai,9,61
1884,2357,   Asking about Suitable agriculture crops cultivation for this season,Weather,en,android-app-v1,asking about suitable agriculture crops cultivation for this season,asking about suitable agriculture crops cultivation for this season,asking suitable agriculture crop cultivation season,ask suitabl agricultur crop cultiv season,9,67
1885,1545,   asking about Documents required for crop insurance information,General Agriculture,en,ussd-sms,asking about documents required for crop insurance information,asking about documents required for crop insurance information,asking document required crop insurance information,ask document requir crop insur inform,8,62
1886,3298,Asking about tomato sowing season   ,Cultivation,en,unknown,asking about tomato sowing season,asking about tomato sowing season,asking tomato sowing season,ask tomato sow season,5,33
1887,1512,Asking about sowing season for vegetable crops in April months   ,Cultivation,en,ussd-sms,asking about sowing season for vegetable crops in april months,asking about sowing season for vegetable crops in april months,asking sowing season vegetable crop april month,ask sow season veget crop april month,10,62
1888,2466,Asking about forest department phone number,Cultivation,en,android-app-v1,asking about forest department phone number,asking about forest department phone number,asking forest department phone number,ask forest depart phone number,6,43
1889,2662,weed management for wetland,Pest Management,en,android-app-v1,weed management for wetland,weed management for wetland,weed management wetland,weed manag wetland,4,27
1890,2323,   paddy varieties for vellore,Crop Information,en,ussd-sms,paddy varieties for vellore,paddy varieties for vellore,paddy variety vellore,paddi varieti vellor,4,27
1891,1249,Asked about wound management in teak timber,General Agriculture,en,android-app-v2,asked about wound management in teak timber,asked about wound management in teak timber,asked wound management teak timber,ask wound manag teak timber,7,43
1892,1075,    Asking about Required seed rate for Ragi,Cultivation,en,web,asking about required seed rate for ragi,asking about required seed rate for ragi,asking required seed rate ragi,ask requir seed rate ragi,7,40
1893,1938,   cumbu planting season,Weather,en,android-app-v2,cumbu planting season,cumbu planting season,cumbu planting season,cumbu plant season,3,21
1894,1476,intercropping in coconut,Cultivation,en,unknown,intercropping in coconut,intercropping in coconut,intercropping coconut,intercrop coconut,3,24
1895,1981,asking about Boron Deficiency in jasmine,Fertilizer,en,ussd-sms,asking about boron deficiency in jasmine,asking about boron deficiency in jasmine,asking boron deficiency jasmine,ask boron defici jasmin,6,40
1896,1322,   Asked about root rot management in mango,Crop Disease,en,unknown,asked about root rot management in mango,asked about root rot management in mango,asked root rot management mango,ask root rot manag mango,7,40
1897,3114,Asked about leaf caterpillar management in citrus tree   ,General Agriculture,en,unknown,asked about leaf caterpillar management in citrus tree,asked about leaf caterpillar management in citrus tree,asked leaf caterpillar management citrus tree,ask leaf caterpillar manag citrus tree,8,54
1898,2691,    Asked about Sugarcane yield per acre,Crop Information,en,unknown,asked about sugarcane yield per acre,asked about sugarcane yield per acre,asked sugarcane yield per acre,ask sugarcan yield per acr,6,36
1899,2583,   asking about paddy leaf folder and mealy bug management,General Agriculture,en,android-app-v1,asking about paddy leaf folder and mealy bug management,asking about paddy leaf folder and mealy bug management,asking paddy leaf folder mealy bug management,ask paddi leaf folder meali bug manag,9,55
1900,3095,SOWING SEASON FOR (C0 4 )NAPIER GRASS,Weather,en,ussd-sms,sowing season for (c0 4 )napier grass,sowing season for c0 4 napier grass,sowing season c0 4 napier grass,sow season c0 4 napier grass,7,37
1901,1181,   Asked about brinjal harvest information   ,Cultivation,en,android-app-v2,asked about brinjal harvest information,asked about brinjal harvest information,asked brinjal harvest information,ask brinjal harvest inform,5,39
1902,2995,Asking about Sudden Wilt management in watermelon,Crop Disease,en,android-app-v2,asking about sudden wilt management in watermelon,asking about sudden wilt management in watermelon,asking sudden wilt management watermelon,ask sudden wilt manag watermelon,7,49
1903,1507,Asking about Cheyyar weather report,Weather,en,ussd-sms,asking about cheyyar weather report,asking about cheyyar weather report,asking cheyyar weather report,ask cheyyar weather report,5,35
1904,1042,    wooly aphids in sugarcane,General Agriculture,en,android-app-v2,wooly aphids in sugarcane,wooly aphids in sugarcane,wooly aphid sugarcane,wooli aphid sugarcan,4,25
1905,1330,Farmer Asked Price Detail Of Maize In Oddunchairum Mandi.,General Agriculture,en,android-app-v1,farmer asked price detail of maize in oddunchairum mandi.,farmer asked price detail of maize in oddunchairum mandi,farmer asked price detail maize oddunchairum mandi,farmer ask price detail maiz oddunchairum mandi,9,57
1906,1836,Asking about suitable paddy varieties for Sornavari season& duration,Crop Information,en,web,asking about suitable paddy varieties for sornavari season& duration,asking about suitable paddy varieties for sornavari season duration,asking suitable paddy variety sornavari season duration,ask suitabl paddi varieti sornavari season durat,9,68
1907,2825,cashew nut fertilizer management,Fertilizer,en,web,cashew nut fertilizer management,cashew nut fertilizer management,cashew nut fertilizer management,cashew nut fertil manag,4,32
1908,1486,Asking about sesame sowing season and suitable varieties for erode district,Weather,en,android-app-v2,asking about sesame sowing season and suitable varieties for erode district,asking about sesame sowing season and suitable varieties for erode district,asking sesame sowing season suitable variety erode district,ask sesam sow season suitabl varieti erod district,11,75
1909,1757,   Root rot in beans,Crop Disease,en,unknown,root rot in beans,root rot in beans,root rot bean,root rot bean,4,17
1910,1166,    Asked about Weed management for paddy (21 days ),Pest Management,en,web,asked about weed management for paddy (21 days ),asked about weed management for paddy 21 days,asked weed management paddy 21 day,ask weed manag paddi 21 day,8,48
1911,3103,Asked about stem borer & Blast disease Management for Paddy,Crop Disease,en,web,asked about stem borer & blast disease management for paddy,asked about stem borer blast disease management for paddy,asked stem borer blast disease management paddy,ask stem borer blast diseas manag paddi,9,59
1912,3074,Asking about green gram varieties,Crop Information,en,web,asking about green gram varieties,asking about green gram varieties,asking green gram variety,ask green gram varieti,5,33
1913,2564,Soil testing techniques,Soil,en,web,soil testing techniques,soil testing techniques,soil testing technique,soil test techniqu,3,23
1914,1973,SESAME LEAF HOPPER MANAGEMENT   ,General Agriculture,en,ussd-sms,sesame leaf hopper management,sesame leaf hopper management,sesame leaf hopper management,sesam leaf hopper manag,4,29
1915,2198,asked about accident information of cow,Crop Disease,en,unknown,asked about accident information of cow,asked about accident information of cow,asked accident information cow,ask accid inform cow,6,39
1916,2178,ASKED ABOUT PADDY ADT53 AND ADT54 VARIETY DETAILS   ,Crop Information,en,web,asked about paddy adt53 and adt54 variety details,asked about paddy adt53 and adt54 variety details,asked paddy adt53 adt54 variety detail,ask paddi adt53 adt54 varieti detail,8,49
1917,1288,Asking about blast disease management in paddy,Crop Disease,en,android-app-v2,asking about blast disease management in paddy,asking about blast disease management in paddy,asking blast disease management paddy,ask blast diseas manag paddi,7,46
1918,2197,Maize sowing season   ,Weather,en,web,maize sowing season,maize sowing season,maize sowing season,maiz sow season,3,19
1919,2993,Asking  about paddy stem borer and sucking pests management   ,Pest Management,en,android-app-v1,asking about paddy stem borer and sucking pests management,asking about paddy stem borer and sucking pests management,asking paddy stem borer sucking pest management,ask paddi stem borer suck pest manag,9,58
1920,2464,asking about paddy top dressing fertilizer management,Fertilizer,en,unknown,asking about paddy top dressing fertilizer management,asking about paddy top dressing fertilizer management,asking paddy top dressing fertilizer management,ask paddi top dress fertil manag,7,53
1921,1961,Asking about Leaf caterpillar and hopper management in mango   ,General Agriculture,en,android-app-v1,asking about leaf caterpillar and hopper management in mango,asking about leaf caterpillar and hopper management in mango,asking leaf caterpillar hopper management mango,ask leaf caterpillar hopper manag mango,9,60
1922,2538,ASKING ABOUT BOTRYTIS BLIGHT MANAGEMENT IN ROSE,Crop Disease,en,unknown,asking about botrytis blight management in rose,asking about botrytis blight management in rose,asking botrytis blight management rose,ask botryti blight manag rose,7,47
1923,1756,ASKED ABOUT MAIZE VARIETIES AND DURATIONS,Weather,en,web,asked about maize varieties and durations,asked about maize varieties and durations,asked maize variety duration,ask maiz varieti durat,6,41
1924,2161,Asked about stem borer mangaement in brinjal,Pest Management,en,ussd-sms,asked about stem borer mangaement in brinjal,asked about stem borer mangaement in brinjal,asked stem borer mangaement brinjal,ask stem borer mangaement brinjal,7,44
1925,1885,    soil test technique   ,Soil,en,ussd-sms,soil test technique,soil test technique,soil test technique,soil test techniqu,3,19
1926,2964,   ASKING ABOUT EARLY BLIGHT IN TOMATO,Crop Disease,en,ussd-sms,asking about early blight in tomato,asking about early blight in tomato,asking early blight tomato,ask earli blight tomato,6,35
1927,1336,   Asking about shoot borer management in brinjal,Pest Management,en,android-app-v1,asking about shoot borer management in brinjal,asking about shoot borer management in brinjal,asking shoot borer management brinjal,ask shoot borer manag brinjal,7,46
1928,1306,asked about prevent termite in coconut   ,General Agriculture,en,android-app-v1,asked about prevent termite in coconut,asked about prevent termite in coconut,asked prevent termite coconut,ask prevent termit coconut,6,38
1929,2781,CONTROL MEASURE FOR ROOT ROT IN BRINJAL,General Agriculture,en,unknown,control measure for root rot in brinjal,control measure for root rot in brinjal,control measure root rot brinjal,control measur root rot brinjal,7,39
1930,2906,ASKED  ABOUT STEM ROT DISEASE MANAGEMENT FOR PAPAYA,Crop Disease,en,unknown,asked about stem rot disease management for papaya,asked about stem rot disease management for papaya,asked stem rot disease management papaya,ask stem rot diseas manag papaya,8,50
1931,1534,goat feeding management,General Agriculture,en,unknown,goat feeding management,goat feeding management,goat feeding management,goat feed manag,3,23
1932,2497,papaya seedling availability   ,Cultivation,en,unknown,papaya seedling availability,papaya seedling availability,papaya seedling availability,papaya seedl avail,3,28
1933,2070,   Asking about Suitable varieties for Paddy (April-May)   ,Crop Information,en,ussd-sms,asking about suitable varieties for paddy (april-may),asking about suitable varieties for paddy april-may,asking suitable variety paddy april-may,ask suitabl varieti paddi april-may,7,53
1934,1570,Asked  about PM Kisan Samman Nidhi scheme new registration,General Agriculture,en,web,asked about pm kisan samman nidhi scheme new registration,asked about pm kisan samman nidhi scheme new registration,asked pm kisan samman nidhi scheme new registration,ask pm kisan samman nidhi scheme new registr,9,57
1935,1611,Asking  about Pest pre control in Chilli   ,Pest Management,en,web,asking about pest pre control in chilli,asking about pest pre control in chilli,asking pest pre control chilli,ask pest pre control chilli,7,39
1936,1546,Asked about weed management for blackgram,Pest Management,en,android-app-v1,asked about weed management for blackgram,asked about weed management for blackgram,asked weed management blackgram,ask weed manag blackgram,6,41
1937,1979,   Asking about paddy stem borer management,Pest Management,en,ussd-sms,asking about paddy stem borer management,asking about paddy stem borer management,asking paddy stem borer management,ask paddi stem borer manag,6,40
1938,1429,Asking about Goat diseases management,Crop Disease,en,android-app-v1,asking about goat diseases management,asking about goat diseases management,asking goat disease management,ask goat diseas manag,5,37
1939,2471,Asking about Department of Agrl. Entomology contact number,General Agriculture,en,unknown,asking about department of agrl. entomology contact number,asking about department of agrl entomology contact number,asking department agrl entomology contact number,ask depart agrl entomolog contact number,8,58
1940,2726,asked  about sucking pest management in lab lab,Pest Management,en,unknown,asked about sucking pest management in lab lab,asked about sucking pest management in lab lab,asked sucking pest management lab lab,ask suck pest manag lab lab,8,46
1941,2960,Asking about weed management in maize   ,Pest Management,en,android-app-v2,asking about weed management in maize,asking about weed management in maize,asking weed management maize,ask weed manag maiz,6,37
1942,2205,asking about need for blackgram seeds,Cultivation,en,web,asking about need for blackgram seeds,asking about need for blackgram seeds,asking need blackgram seed,ask need blackgram seed,6,37
1943,2982,Asked about Groundnut GG-7 and GJG-9 yield,Crop Information,en,android-app-v1,asked about groundnut gg-7 and gjg-9 yield,asked about groundnut gg-7 and gjg-9 yield,asked groundnut gg-7 gjg-9 yield,ask groundnut gg-7 gjg-9 yield,7,42
1944,2864,asking about villupuram horti. Dept contact number,Cultivation,en,web,asking about villupuram horti. dept contact number,asking about villupuram horti dept contact number,asking villupuram horti dept contact number,ask villupuram horti dept contact number,7,50
1945,2260,onion top dressing fertilizer management,Fertilizer,en,ussd-sms,onion top dressing fertilizer management,onion top dressing fertilizer management,onion top dressing fertilizer management,onion top dress fertil manag,5,40
1946,1506,asking about govt.schemes details,Cultivation,en,unknown,asking about govt.schemes details,asking about govt.schemes details,asking govt.schemes detail,ask govt.schem detail,4,33
1947,1157,   ASKING ABOUT SUITABLE VARIETIES FOR PADDY SAMBA SEASON,Crop Information,en,unknown,asking about suitable varieties for paddy samba season,asking about suitable varieties for paddy samba season,asking suitable variety paddy samba season,ask suitabl varieti paddi samba season,8,54
1948,1285,CROP  LOAN DETAILS,General Agriculture,en,android-app-v1,crop loan details,crop loan details,crop loan detail,crop loan detail,3,17
1949,1695,   Asked about Jassid and Aphid management for Cotton,Fertilizer,en,android-app-v1,asked about jassid and aphid management for cotton,asked about jassid and aphid management for cotton,asked jassid aphid management cotton,ask jassid aphid manag cotton,8,50
1950,1307,Rainfall information for thirupur district   ,Weather,en,android-app-v2,rainfall information for thirupur district,rainfall information for thirupur district,rainfall information thirupur district,rainfal inform thirupur district,5,42
1951,2831,GROUND NUT MARKET RATE DETAILS   ,General Agriculture,en,ussd-sms,ground nut market rate details,ground nut market rate details,ground nut market rate detail,ground nut market rate detail,5,30
1952,2802,Asked about flower blight disease management in brinjal & ribbed gourd crop,Crop Disease,en,android-app-v2,asked about flower blight disease management in brinjal & ribbed gourd crop,asked about flower blight disease management in brinjal ribbed gourd crop,asked flower blight disease management brinjal ribbed gourd crop,ask flower blight diseas manag brinjal rib gourd crop,11,75
1953,1963,asked about fruit rot management in tomato,Crop Disease,en,web,asked about fruit rot management in tomato,asked about fruit rot management in tomato,asked fruit rot management tomato,ask fruit rot manag tomato,7,42
1954,1226,Pomegranate Fruit Borer Mangement,Pest Management,en,ussd-sms,pomegranate fruit borer mangement,pomegranate fruit borer mangement,pomegranate fruit borer mangement,pomegran fruit borer mangement,4,33
1955,1900,agri clinic training at erode dist,Crop Information,en,android-app-v2,agri clinic training at erode dist,agri clinic training at erode dist,agri clinic training erode dist,agri clinic train erod dist,6,34
1956,2369,   details about azolla cultivation,Cultivation,en,android-app-v1,details about azolla cultivation,details about azolla cultivation,detail azolla cultivation,detail azolla cultiv,4,32
1957,2633,planting spacing of sri method paddy,Cultivation,en,android-app-v2,planting spacing of sri method paddy,planting spacing of sri method paddy,planting spacing sri method paddy,plant space sri method paddi,6,36
1958,1420,Asking  about Kudumiyanmalai Agricultural College and Research Institute,General Agriculture,en,unknown,asking about kudumiyanmalai agricultural college and research institute,asking about kudumiyanmalai agricultural college and research institute,asking kudumiyanmalai agricultural college research institute,ask kudumiyanmalai agricultur colleg research institut,8,71
1959,1826,Asked about Maize top dressing fertilizer management,Fertilizer,en,web,asked about maize top dressing fertilizer management,asked about maize top dressing fertilizer management,asked maize top dressing fertilizer management,ask maiz top dress fertil manag,7,52
1960,2016,paiyur  research statio0n contact no.,General Agriculture,en,ussd-sms,paiyur research statio0n contact no.,paiyur research statio0n contact no,paiyur research statio0n contact no,paiyur research statio0n contact no,5,36
1961,1439,Fruit borer in cotton,Pest Management,en,android-app-v2,fruit borer in cotton,fruit borer in cotton,fruit borer cotton,fruit borer cotton,4,21
1962,1140,Asked About Paddy Try5 Variety Details   ,Crop Information,en,android-app-v2,asked about paddy try5 variety details,asked about paddy try5 variety details,asked paddy try5 variety detail,ask paddi try5 varieti detail,6,38
1963,1818,asked about mealybug management for chilli plant,Fertilizer,en,unknown,asked about mealybug management for chilli plant,asked about mealybug management for chilli plant,asked mealybug management chilli plant,ask mealybug manag chilli plant,7,48
1964,2748,Asking about Kallakurichi black gram market rate   ,General Agriculture,en,web,asking about kallakurichi black gram market rate,asking about kallakurichi black gram market rate,asking kallakurichi black gram market rate,ask kallakurichi black gram market rate,7,48
1965,2410,Asking about Sirugamani Krishi Vigyan Kendra contact number,Cultivation,en,unknown,asking about sirugamani krishi vigyan kendra contact number,asking about sirugamani krishi vigyan kendra contact number,asking sirugamani krishi vigyan kendra contact number,ask sirugamani krishi vigyan kendra contact number,8,59
1966,2707,Rainfall information for thiruvarur district   ,Weather,en,unknown,rainfall information for thiruvarur district,rainfall information for thiruvarur district,rainfall information thiruvarur district,rainfal inform thiruvarur district,5,44
1967,1851,asking about coimbatore weather report today,Weather,en,unknown,asking about coimbatore weather report today,asking about coimbatore weather report today,asking coimbatore weather report today,ask coimbator weather report today,6,44
1968,2593,asking about bhendi suitable season   ,Cultivation,en,android-app-v2,asking about bhendi suitable season,asking about bhendi suitable season,asking bhendi suitable season,ask bhendi suitabl season,5,35
1969,1122,Asking about Ash gourd foliar nutrient application information,Fertilizer,en,android-app-v2,asking about ash gourd foliar nutrient application information,asking about ash gourd foliar nutrient application information,asking ash gourd foliar nutrient application information,ask ash gourd foliar nutrient applic inform,8,62
1970,2532,Asking  about bitter gourd fruit fly management,General Agriculture,en,unknown,asking about bitter gourd fruit fly management,asking about bitter gourd fruit fly management,asking bitter gourd fruit fly management,ask bitter gourd fruit fli manag,7,46
1971,1841,Asked  about live fence crop suitable for jasmine,Cultivation,en,ussd-sms,asked about live fence crop suitable for jasmine,asked about live fence crop suitable for jasmine,asked live fence crop suitable jasmine,ask live fenc crop suitabl jasmin,8,48
1972,2110,ASKING ABOUT SOIL TESTING DETAILS,Soil,en,android-app-v2,asking about soil testing details,asking about soil testing details,asking soil testing detail,ask soil test detail,5,33
1973,1847,Asked about maize sowing season and variety   ,Weather,en,android-app-v1,asked about maize sowing season and variety,asked about maize sowing season and variety,asked maize sowing season variety,ask maiz sow season varieti,7,43
1974,1349,ASKED ABOUT PADDY ADT 57 VARIETY DETAILS   ,Crop Information,en,unknown,asked about paddy adt 57 variety details,asked about paddy adt 57 variety details,asked paddy adt 57 variety detail,ask paddi adt 57 varieti detail,7,40
1975,2046,Asked  about PM kisan samman nidhi yojana scheme 13th Installment status   ,General Agriculture,en,web,asked about pm kisan samman nidhi yojana scheme 13th installment status,asked about pm kisan samman nidhi yojana scheme 13th installment status,asked pm kisan samman nidhi yojana scheme 13th installment status,ask pm kisan samman nidhi yojana scheme 13th instal status,11,71
1976,2940,Asking about Water Management for wheat information,Irrigation,en,android-app-v1,asking about water management for wheat information,asking about water management for wheat information,asking water management wheat information,ask water manag wheat inform,7,51
1977,1077,Papaya Top Dressing Fertilizer Details   ,Fertilizer,en,android-app-v2,papaya top dressing fertilizer details,papaya top dressing fertilizer details,papaya top dressing fertilizer detail,papaya top dress fertil detail,5,38
1978,3264,asking about red spider mite in tapioca,Pest Management,en,unknown,asking about red spider mite in tapioca,asking about red spider mite in tapioca,asking red spider mite tapioca,ask red spider mite tapioca,7,39
1979,2892,   SUGARCANE WEED MANAGEMENT,Pest Management,en,ussd-sms,sugarcane weed management,sugarcane weed management,sugarcane weed management,sugarcan weed manag,3,25
1980,2400,   Aphids in citrus   ,General Agriculture,en,web,aphids in citrus,aphids in citrus,aphid citrus,aphid citrus,3,16
1981,1822,Ground nut sowing season   ,General Agriculture,en,ussd-sms,ground nut sowing season,ground nut sowing season,ground nut sowing season,ground nut sow season,4,24
1982,1555,PADDY SEEDS AVAILABILITY,Crop Information,en,web,paddy seeds availability,paddy seeds availability,paddy seed availability,paddi seed avail,3,24
1983,2237,   COW PRODUCTION DETAILS,General Agriculture,en,unknown,cow production details,cow production details,cow production detail,cow product detail,3,22
1984,1196,Asking about sowing season & suitable groundnut varieties for Tiruvannamalai district,Weather,en,ussd-sms,asking about sowing season & suitable groundnut varieties for tiruvannamalai district,asking about sowing season suitable groundnut varieties for tiruvannamalai district,asking sowing season suitable groundnut variety tiruvannamalai district,ask sow season suitabl groundnut varieti tiruvannamalai district,10,85
1985,3209,Asking about Mango hopper & caterpillar management,Cultivation,en,ussd-sms,asking about mango hopper & caterpillar management,asking about mango hopper caterpillar management,asking mango hopper caterpillar management,ask mango hopper caterpillar manag,6,50
1986,1839,Asked  about Irrigation management in Sugarcane   ,Irrigation,en,web,asked about irrigation management in sugarcane,asked about irrigation management in sugarcane,asked irrigation management sugarcane,ask irrig manag sugarcan,6,46
1987,3082,asking about department of post harvest technology phone number,Harvesting,en,android-app-v2,asking about department of post harvest technology phone number,asking about department of post harvest technology phone number,asking department post harvest technology phone number,ask depart post harvest technolog phone number,9,63
1988,2378,"preparation method of garlic,chilli,ginger extract",Pest Management,en,android-app-v1,"preparation method of garlic,chilli,ginger extract",preparation method of garlic chilli ginger extract,preparation method garlic chilli ginger extract,prepar method garlic chilli ginger extract,7,50
1989,1956,Foliar application in Brinjal,Fertilizer,en,android-app-v1,foliar application in brinjal,foliar application in brinjal,foliar application brinjal,foliar applic brinjal,4,29
1990,3041,Asked about paddy active tillering stage fertilizer management,Fertilizer,en,web,asked about paddy active tillering stage fertilizer management,asked about paddy active tillering stage fertilizer management,asked paddy active tillering stage fertilizer management,ask paddi activ tiller stage fertil manag,8,62
1991,1225,Coimbatore district weather forecast   ,Weather,en,unknown,coimbatore district weather forecast,coimbatore district weather forecast,coimbatore district weather forecast,coimbator district weather forecast,4,36
1992,1879,Cuddalore  district weather forecast,Weather,en,unknown,cuddalore district weather forecast,cuddalore district weather forecast,cuddalore district weather forecast,cuddalor district weather forecast,4,35
1993,2970,Asked about nutrient management in tapioca,Fertilizer,en,web,asked about nutrient management in tapioca,asked about nutrient management in tapioca,asked nutrient management tapioca,ask nutrient manag tapioca,6,42
1994,1471,ASKING  ABOUT SUITABLE VARIETIES FOR PADDY IN KURUVAI SEASON,Crop Information,en,ussd-sms,asking about suitable varieties for paddy in kuruvai season,asking about suitable varieties for paddy in kuruvai season,asking suitable variety paddy kuruvai season,ask suitabl varieti paddi kuruvai season,9,59
1995,2332,Beetles in watermelon,General Agriculture,en,android-app-v2,beetles in watermelon,beetles in watermelon,beetle watermelon,beetl watermelon,3,21
1996,2631,asking for the tungro virus management in paddy,Crop Disease,en,unknown,asking for the tungro virus management in paddy,asking for the tungro virus management in paddy,asking tungro virus management paddy,ask tungro virus manag paddi,8,47
1997,1208,Asking about Fruit Borer control management in Tomato,Pest Management,en,unknown,asking about fruit borer control management in tomato,asking about fruit borer control management in tomato,asking fruit borer control management tomato,ask fruit borer control manag tomato,8,53
1998,1562,"Asked about Leaf folder , Earhead bug and Sucking pests management for Paddy (Malathion can be mixed with Lambda Cyhalothrin and Acephate)",Pest Management,en,android-app-v1,"asked about leaf folder , earhead bug and sucking pests management for paddy (malathion can be mixed with lambda cyhalothrin and acephate)",asked about leaf folder earhead bug and sucking pests management for paddy malathion can be mixed with lambda cyhalothrin and acephate,asked leaf folder earhead bug sucking pest management paddy malathion mixed lambda cyhalothrin acephate,ask leaf folder earhead bug suck pest manag paddi malathion mix lambda cyhalothrin aceph,21,138
1999,2069,Asked about weed management for tapioca,Pest Management,en,ussd-sms,asked about weed management for tapioca,asked about weed management for tapioca,asked weed management tapioca,ask weed manag tapioca,6,39
2000,1492,"asked about paddy sowing season ,varieties and duration   ",Crop Information,en,android-app-v2,"asked about paddy sowing season ,varieties and duration",asked about paddy sowing season varieties and duration,asked paddy sowing season variety duration,ask paddi sow season varieti durat,8,55
2001,1990,   asking about groundnut sucking pest management,Pest Management,en,ussd-sms,asking about groundnut sucking pest management,asking about groundnut sucking pest management,asking groundnut sucking pest management,ask groundnut suck pest manag,6,46
2002,1187,pest management in paddy,Pest Management,en,unknown,pest management in paddy,pest management in paddy,pest management paddy,pest manag paddi,4,24
2003,1459,Asking About Black Gram Sowing Season And Variety,Crop Information,en,ussd-sms,asking about black gram sowing season and variety,asking about black gram sowing season and variety,asking black gram sowing season variety,ask black gram sow season varieti,8,49
2004,3089,Asked about short duration fish varieties,Cultivation,en,android-app-v1,asked about short duration fish varieties,asked about short duration fish varieties,asked short duration fish variety,ask short durat fish varieti,6,41
2005,2861,Asking about black gram basal fertilizer management,Fertilizer,en,android-app-v1,asking about black gram basal fertilizer management,asking about black gram basal fertilizer management,asking black gram basal fertilizer management,ask black gram basal fertil manag,7,51
2006,1197,ASKING ABOUT SOWING SEASON FOR VEGETABLE CROPS IN AUGUST MONTHS,Cultivation,en,ussd-sms,asking about sowing season for vegetable crops in august months,asking about sowing season for vegetable crops in august months,asking sowing season vegetable crop august month,ask sow season veget crop august month,10,63
2007,2733,   Asking About Castor Market Price,General Agriculture,en,unknown,asking about castor market price,asking about castor market price,asking castor market price,ask castor market price,5,32
2008,1760,horticulture department no of krishnagiri,Cultivation,en,unknown,horticulture department no of krishnagiri,horticulture department no of krishnagiri,horticulture department no krishnagiri,horticultur depart no krishnagiri,5,41
2009,2617,Asking about The nilgiris horticultural department contact number,General Agriculture,en,android-app-v1,asking about the nilgiris horticultural department contact number,asking about the nilgiris horticultural department contact number,asking nilgiris horticultural department contact number,ask nilgiri horticultur depart contact number,8,65
2010,1185,Asking about Cabrio top fungicide can spray another time separately?,General Agriculture,en,unknown,asking about cabrio top fungicide can spray another time separately?,asking about cabrio top fungicide can spray another time separately,asking cabrio top fungicide spray another time separately,ask cabrio top fungicid spray anoth time separ,10,68
2011,2468,asking for the counseling call letter,Weather,en,android-app-v2,asking for the counseling call letter,asking for the counseling call letter,asking counseling call letter,ask counsel call letter,6,37
2012,1635,Asked about leaf spot disease management for Chrysanthemum,Crop Disease,en,web,asked about leaf spot disease management for chrysanthemum,asked about leaf spot disease management for chrysanthemum,asked leaf spot disease management chrysanthemum,ask leaf spot diseas manag chrysanthemum,8,58
2013,2217,Asked about fertigation for tapioca crop   ,Fertilizer,en,unknown,asked about fertigation for tapioca crop,asked about fertigation for tapioca crop,asked fertigation tapioca crop,ask fertig tapioca crop,6,40
2014,2813,Asked about cotton RCH varieties information,Crop Information,en,web,asked about cotton rch varieties information,asked about cotton rch varieties information,asked cotton rch variety information,ask cotton rch varieti inform,6,44
2015,3168,asking about average yield of adt 45   ,Crop Information,en,web,asking about average yield of adt 45,asking about average yield of adt 45,asking average yield adt 45,ask averag yield adt 45,7,36
2016,2827,ASKING ABOUT FLOWER SHED IN CHILLI,Fertilizer,en,unknown,asking about flower shed in chilli,asking about flower shed in chilli,asking flower shed chilli,ask flower shed chilli,6,34
2017,2353,asking  about cotton foliar spray,Fertilizer,en,android-app-v1,asking about cotton foliar spray,asking about cotton foliar spray,asking cotton foliar spray,ask cotton foliar spray,5,32
2018,2173,    Asked about TNAU Rice ADT 50 Variety information,Crop Information,en,ussd-sms,asked about tnau rice adt 50 variety information,asked about tnau rice adt 50 variety information,asked tnau rice adt 50 variety information,ask tnau rice adt 50 varieti inform,8,48
2019,1324,   Black gram sowing varieties   ,Crop Information,en,unknown,black gram sowing varieties,black gram sowing varieties,black gram sowing variety,black gram sow varieti,4,27
2020,2729,   Asked about Panama wilt management in Banana information,Crop Disease,en,unknown,asked about panama wilt management in banana information,asked about panama wilt management in banana information,asked panama wilt management banana information,ask panama wilt manag banana inform,8,56
2021,2652,Chennai Cucumber Market Rate,General Agriculture,en,android-app-v1,chennai cucumber market rate,chennai cucumber market rate,chennai cucumber market rate,chennai cucumb market rate,4,28
2022,2667,Asking about Required seed rate for Black gram   ,Cultivation,en,web,asking about required seed rate for black gram,asking about required seed rate for black gram,asking required seed rate black gram,ask requir seed rate black gram,8,46
2023,3068,brinjal Shoot and fruit borer management,Cultivation,en,android-app-v1,brinjal shoot and fruit borer management,brinjal shoot and fruit borer management,brinjal shoot fruit borer management,brinjal shoot fruit borer manag,6,40
2024,1489,panama wilt management for banana,Crop Disease,en,ussd-sms,panama wilt management for banana,panama wilt management for banana,panama wilt management banana,panama wilt manag banana,5,33
2025,1095,Asking about Top fertilizer management for Paddy (Panicle initiation stage)   ,Fertilizer,en,android-app-v1,asking about top fertilizer management for paddy (panicle initiation stage),asking about top fertilizer management for paddy panicle initiation stage,asking top fertilizer management paddy panicle initiation stage,ask top fertil manag paddi panicl initi stage,10,75
2026,2835,Fodder crop seed availability,Cultivation,en,ussd-sms,fodder crop seed availability,fodder crop seed availability,fodder crop seed availability,fodder crop seed avail,4,29
2027,1840,Asked  about azolla seeds availability in salem,Cultivation,en,ussd-sms,asked about azolla seeds availability in salem,asked about azolla seeds availability in salem,asked azolla seed availability salem,ask azolla seed avail salem,7,46
2028,3059,   Asking about water management for cotton   ,Irrigation,en,web,asking about water management for cotton,asking about water management for cotton,asking water management cotton,ask water manag cotton,6,40
2029,1419,asked about crop insurance information,General Agriculture,en,unknown,asked about crop insurance information,asked about crop insurance information,asked crop insurance information,ask crop insur inform,5,38
2030,2574,Asking about weather detail for Erode dist   ,Weather,en,android-app-v1,asking about weather detail for erode dist,asking about weather detail for erode dist,asking weather detail erode dist,ask weather detail erod dist,7,42
2031,3225,   ASKED ABOUT PADDY VARIETY ADT 54 DURATION SPECIAL FEATURES AND YIELD INFORMATION,Weather,en,android-app-v2,asked about paddy variety adt 54 duration special features and yield information,asked about paddy variety adt 54 duration special features and yield information,asked paddy variety adt 54 duration special feature yield information,ask paddi varieti adt 54 durat special featur yield inform,12,80
2032,2341,Asked about Bacterial leaf blight symptoms for paddy   ,Crop Disease,en,android-app-v2,asked about bacterial leaf blight symptoms for paddy,asked about bacterial leaf blight symptoms for paddy,asked bacterial leaf blight symptom paddy,ask bacteri leaf blight symptom paddi,8,52
2033,2974,asking about groundnut sowing season and varieties,Crop Information,en,web,asking about groundnut sowing season and varieties,asking about groundnut sowing season and varieties,asking groundnut sowing season variety,ask groundnut sow season varieti,7,50
2034,2017,   asking about weather report for Trichy district,Weather,en,android-app-v2,asking about weather report for trichy district,asking about weather report for trichy district,asking weather report trichy district,ask weather report trichi district,7,47
2035,1739,Asking about market rate for jasmine   ,Cultivation,en,unknown,asking about market rate for jasmine,asking about market rate for jasmine,asking market rate jasmine,ask market rate jasmin,6,36
2036,2302,asking about beta-cyfluthrin + imidacloprid 300 od pesticide details,Pest Management,en,android-app-v2,asking about beta-cyfluthrin + imidacloprid 300 od pesticide details,asking about beta-cyfluthrin imidacloprid 300 od pesticide details,asking beta-cyfluthrin imidacloprid 300 od pesticide detail,ask beta-cyfluthrin imidacloprid 300 od pesticid detail,8,68
2037,2916,nendran banana fertilizer management,Fertilizer,en,ussd-sms,nendran banana fertilizer management,nendran banana fertilizer management,nendran banana fertilizer management,nendran banana fertil manag,4,36
2038,1234,CITRUS CANKER DISEASE CONTROL   ,Crop Disease,en,ussd-sms,citrus canker disease control,citrus canker disease control,citrus canker disease control,citrus canker diseas control,4,29
2039,2303,asked about top dressing fertilizer management in cotton   ,Fertilizer,en,ussd-sms,asked about top dressing fertilizer management in cotton,asked about top dressing fertilizer management in cotton,asked top dressing fertilizer management cotton,ask top dress fertil manag cotton,8,56
2040,1732,sowing season for cauliflower,Cultivation,en,unknown,sowing season for cauliflower,sowing season for cauliflower,sowing season cauliflower,sow season cauliflow,4,29
2041,2946,   Asked about Leaf curl disease and Aphid management for Chilli plant,Crop Disease,en,ussd-sms,asked about leaf curl disease and aphid management for chilli plant,asked about leaf curl disease and aphid management for chilli plant,asked leaf curl disease aphid management chilli plant,ask leaf curl diseas aphid manag chilli plant,11,67
2042,2407,Asked  about Paddy variety TKM 13 duration special features and yield information,Crop Information,en,web,asked about paddy variety tkm 13 duration special features and yield information,asked about paddy variety tkm 13 duration special features and yield information,asked paddy variety tkm 13 duration special feature yield information,ask paddi varieti tkm 13 durat special featur yield inform,12,80
2043,1205,    asking about root rot in brinjal   ,Crop Disease,en,android-app-v1,asking about root rot in brinjal,asking about root rot in brinjal,asking root rot brinjal,ask root rot brinjal,6,32
2044,3296,asking about tapioca sucking pest management,Pest Management,en,unknown,asking about tapioca sucking pest management,asking about tapioca sucking pest management,asking tapioca sucking pest management,ask tapioca suck pest manag,6,44
2045,1898,Asked about suitable soil & climate for cotton,Weather,en,android-app-v1,asked about suitable soil & climate for cotton,asked about suitable soil climate for cotton,asked suitable soil climate cotton,ask suitabl soil climat cotton,7,46
2046,1647,Asked  about Cotton sucking pest management,Pest Management,en,android-app-v2,asked about cotton sucking pest management,asked about cotton sucking pest management,asked cotton sucking pest management,ask cotton suck pest manag,6,42
2047,1699,   SUITABLE VARIETIES OF BLACKGRAM,Crop Information,en,android-app-v2,suitable varieties of blackgram,suitable varieties of blackgram,suitable variety blackgram,suitabl varieti blackgram,4,31
2048,3028,AGRICULTURAL DEPARTMENT CONTACT NUMBER   ,General Agriculture,en,android-app-v2,agricultural department contact number,agricultural department contact number,agricultural department contact number,agricultur depart contact number,4,38
2049,1955,    ASKED ABOUT BRINJAL PLANTING SEASON,Cultivation,en,unknown,asked about brinjal planting season,asked about brinjal planting season,asked brinjal planting season,ask brinjal plant season,5,35
2050,1327,   Asked about foliar nutrient spray for soybean,Fertilizer,en,ussd-sms,asked about foliar nutrient spray for soybean,asked about foliar nutrient spray for soybean,asked foliar nutrient spray soybean,ask foliar nutrient spray soybean,7,45
2051,2883,Asking  about Panama Wilt management in banana,Crop Disease,en,android-app-v2,asking about panama wilt management in banana,asking about panama wilt management in banana,asking panama wilt management banana,ask panama wilt manag banana,7,45
2052,2349,   button shedding in coconut,Cultivation,en,android-app-v1,button shedding in coconut,button shedding in coconut,button shedding coconut,button shed coconut,4,26
2053,2382,   ASKING ABOUT POD BORER MANAGEMENT FOR TAMARIND TREE,Pest Management,en,android-app-v1,asking about pod borer management for tamarind tree,asking about pod borer management for tamarind tree,asking pod borer management tamarind tree,ask pod borer manag tamarind tree,8,51
2054,2528,"Asking  about small onion seed rate, time of transplanting in onion seedlings",Cultivation,en,android-app-v1,"asking about small onion seed rate, time of transplanting in onion seedlings",asking about small onion seed rate time of transplanting in onion seedlings,asking small onion seed rate time transplanting onion seedling,ask small onion seed rate time transplant onion seedl,12,76
2055,2885,SHOOT & FRUIT BORER IN BRINJAL,General Agriculture,en,android-app-v1,shoot & fruit borer in brinjal,shoot fruit borer in brinjal,shoot fruit borer brinjal,shoot fruit borer brinjal,5,30
2056,1160,Asking about Flood recover for Blackgram,General Agriculture,en,ussd-sms,asking about flood recover for blackgram,asking about flood recover for blackgram,asking flood recover blackgram,ask flood recov blackgram,6,40
2057,1880,   Asking about sowing season & suitable cotton varieties for tiruvarur district   ,Weather,en,web,asking about sowing season & suitable cotton varieties for tiruvarur district,asking about sowing season suitable cotton varieties for tiruvarur district,asking sowing season suitable cotton variety tiruvarur district,ask sow season suitabl cotton varieti tiruvarur district,10,77
2058,3014,"asking about Cotton Research Station, Veppanthattai, Perambalur district contact no.",Fertilizer,en,android-app-v1,"asking about cotton research station, veppanthattai, perambalur district contact no.",asking about cotton research station veppanthattai perambalur district contact no,asking cotton research station veppanthattai perambalur district contact no,ask cotton research station veppanthattai perambalur district contact no,10,84
2059,1247,Asking About Basal Fertilizer Management For Bhendi,Fertilizer,en,unknown,asking about basal fertilizer management for bhendi,asking about basal fertilizer management for bhendi,asking basal fertilizer management bhendi,ask basal fertil manag bhendi,7,51
2060,1569,Asked about Virus Disease Precaution management in brinjal,Crop Disease,en,android-app-v2,asked about virus disease precaution management in brinjal,asked about virus disease precaution management in brinjal,asked virus disease precaution management brinjal,ask virus diseas precaut manag brinjal,8,58
2061,1730,Asking about Black gram leaf caterpillar management,General Agriculture,en,android-app-v2,asking about black gram leaf caterpillar management,asking about black gram leaf caterpillar management,asking black gram leaf caterpillar management,ask black gram leaf caterpillar manag,7,51
2062,2581,Asking about ADT 37 & ADT 46 paddy variety total duration,Crop Information,en,web,asking about adt 37 & adt 46 paddy variety total duration,asking about adt 37 adt 46 paddy variety total duration,asking adt 37 adt 46 paddy variety total duration,ask adt 37 adt 46 paddi varieti total durat,10,57
2063,2880,PUDUKKOTTAI  SESAME SOWING SEASON AND VARIETY,Cultivation,en,ussd-sms,pudukkottai sesame sowing season and variety,pudukkottai sesame sowing season and variety,pudukkottai sesame sowing season variety,pudukkottai sesam sow season varieti,6,44
2064,2496,PADDY SEASON FOR TIRUNELVELI   ,Cultivation,en,ussd-sms,paddy season for tirunelveli,paddy season for tirunelveli,paddy season tirunelveli,paddi season tirunelv,4,28
2065,2913,Asked about Weed managementy in Paddy,Pest Management,en,ussd-sms,asked about weed managementy in paddy,asked about weed managementy in paddy,asked weed managementy paddy,ask weed managementi paddi,6,37
2066,3054,how control leaf spot in banana,General Agriculture,en,ussd-sms,how control leaf spot in banana,how control leaf spot in banana,control leaf spot banana,control leaf spot banana,6,31
2067,3176,ASKING  ABOUT INFORMATION ON SVPR 2 VARIETY COTTON,Crop Information,en,android-app-v1,asking about information on svpr 2 variety cotton,asking about information on svpr 2 variety cotton,asking information svpr 2 variety cotton,ask inform svpr 2 varieti cotton,8,49
2068,2096,asked about growth information of onion,Cultivation,en,android-app-v1,asked about growth information of onion,asked about growth information of onion,asked growth information onion,ask growth inform onion,6,39
2069,1123,   Asked about ADT 51 variety information,Crop Information,en,android-app-v1,asked about adt 51 variety information,asked about adt 51 variety information,asked adt 51 variety information,ask adt 51 varieti inform,6,38
2070,1824,FERTILIZER MANAGEMENT IN MAIZE,Fertilizer,en,android-app-v2,fertilizer management in maize,fertilizer management in maize,fertilizer management maize,fertil manag maiz,4,30
2071,2737,GROUNDNUT SEED AVAILABILITY AND PEST MANAGEMENT IN PADDY,Pest Management,en,unknown,groundnut seed availability and pest management in paddy,groundnut seed availability and pest management in paddy,groundnut seed availability pest management paddy,groundnut seed avail pest manag paddi,8,56
2072,1886,Root Rot in cotton   ,Crop Disease,en,web,root rot in cotton,root rot in cotton,root rot cotton,root rot cotton,4,18
2073,3231,asked about top dressing fertilizer management in crossandra   ,Fertilizer,en,unknown,asked about top dressing fertilizer management in crossandra,asked about top dressing fertilizer management in crossandra,asked top dressing fertilizer management crossandra,ask top dress fertil manag crossandra,8,60
2074,1069,"Asked about black gram irrigation management , yield VBN 8 variety   ",Crop Information,en,android-app-v1,"asked about black gram irrigation management , yield vbn 8 variety",asked about black gram irrigation management yield vbn 8 variety,asked black gram irrigation management yield vbn 8 variety,ask black gram irrig manag yield vbn 8 varieti,10,66
2075,1770,   prevention of root rot in maize,Crop Disease,en,web,prevention of root rot in maize,prevention of root rot in maize,prevention root rot maize,prevent root rot maiz,6,31
2076,2440,Asked about root rot disease management in jasmine,Crop Disease,en,android-app-v1,asked about root rot disease management in jasmine,asked about root rot disease management in jasmine,asked root rot disease management jasmine,ask root rot diseas manag jasmin,8,50
2077,2556,ASKED ABOUT FERTIGATION SCHEDULE FOR SUGARCANE   ,Fertilizer,en,android-app-v2,asked about fertigation schedule for sugarcane,asked about fertigation schedule for sugarcane,asked fertigation schedule sugarcane,ask fertig schedul sugarcan,6,46
2078,2101,Asking about black gram seeds availability information,Cultivation,en,ussd-sms,asking about black gram seeds availability information,asking about black gram seeds availability information,asking black gram seed availability information,ask black gram seed avail inform,7,54
2079,1133,Asked about PM kisan samman nidhi yojana scheme related information   ,General Agriculture,en,unknown,asked about pm kisan samman nidhi yojana scheme related information,asked about pm kisan samman nidhi yojana scheme related information,asked pm kisan samman nidhi yojana scheme related information,ask pm kisan samman nidhi yojana scheme relat inform,10,67
2080,1012,STEMBORER  IN SNAKEGOURD,General Agriculture,en,web,stemborer in snakegourd,stemborer in snakegourd,stemborer snakegourd,stembor snakegourd,3,23
2081,1774,Asking  about panchagavya spray dosage for crops   ,Pest Management,en,android-app-v2,asking about panchagavya spray dosage for crops,asking about panchagavya spray dosage for crops,asking panchagavya spray dosage crop,ask panchagavya spray dosag crop,7,47
2082,1299,    Asked about Availability of Cowpea seeds,Cultivation,en,web,asked about availability of cowpea seeds,asked about availability of cowpea seeds,asked availability cowpea seed,ask avail cowpea seed,6,40
2083,3221,asking about need for onion storage details   ,Harvesting,en,unknown,asking about need for onion storage details,asking about need for onion storage details,asking need onion storage detail,ask need onion storag detail,7,43
2084,2907,ASKED ABOUT PADDY SOWING SEASON AND SUITABLE VARIETIES INFORMATION,Crop Information,en,android-app-v1,asked about paddy sowing season and suitable varieties information,asked about paddy sowing season and suitable varieties information,asked paddy sowing season suitable variety information,ask paddi sow season suitabl varieti inform,9,66
2085,1517,Asking  about weed management (organic ),Pest Management,en,ussd-sms,asking about weed management (organic ),asking about weed management organic,asking weed management organic,ask weed manag organ,5,39
2086,1090,Asked about planting season of mullai,Cultivation,en,android-app-v2,asked about planting season of mullai,asked about planting season of mullai,asked planting season mullai,ask plant season mullai,6,37
2087,2698,   weed management in green gram,Pest Management,en,android-app-v2,weed management in green gram,weed management in green gram,weed management green gram,weed manag green gram,5,29
2088,1513,Asked about (medium slender)paddy suitable for samba season,Crop Information,en,web,asked about (medium slender)paddy suitable for samba season,asked about medium slender paddy suitable for samba season,asked medium slender paddy suitable samba season,ask medium slender paddi suitabl samba season,9,59
2089,3156,ASKED ABOUT WATER MANAGEMENT FOR FERTILIZER APPLIED MAIZE FIELD,Irrigation,en,web,asked about water management for fertilizer applied maize field,asked about water management for fertilizer applied maize field,asked water management fertilizer applied maize field,ask water manag fertil appli maiz field,9,63
2090,3242,ASKING ABOUT FOLIAR NUTRIENT APPLICATION FOR BLACKGRAM,Fertilizer,en,android-app-v1,asking about foliar nutrient application for blackgram,asking about foliar nutrient application for blackgram,asking foliar nutrient application blackgram,ask foliar nutrient applic blackgram,7,54
2091,2521,   early shoot borer in maize,Pest Management,en,android-app-v1,early shoot borer in maize,early shoot borer in maize,early shoot borer maize,earli shoot borer maiz,5,26
2092,2201,   asking about kvk number of namakkal,Weather,en,android-app-v1,asking about kvk number of namakkal,asking about kvk number of namakkal,asking kvk number namakkal,ask kvk number namakk,6,35
2093,2276,asking about suitable sesame varieties for tiruvannamalai district   ,Crop Information,en,web,asking about suitable sesame varieties for tiruvannamalai district,asking about suitable sesame varieties for tiruvannamalai district,asking suitable sesame variety tiruvannamalai district,ask suitabl sesam varieti tiruvannamalai district,8,66
2094,1261,co 46 paddy duration,Cultivation,en,unknown,co 46 paddy duration,co 46 paddy duration,co 46 paddy duration,co 46 paddi durat,4,20
2095,2088,asking  about special features for co 52 paddy variety   ,Cultivation,en,unknown,asking about special features for co 52 paddy variety,asking about special features for co 52 paddy variety,asking special feature co 52 paddy variety,ask special featur co 52 paddi varieti,9,53
2096,1578,   asking about blackgram basal fertilizer requirement,Cultivation,en,unknown,asking about blackgram basal fertilizer requirement,asking about blackgram basal fertilizer requirement,asking blackgram basal fertilizer requirement,ask blackgram basal fertil requir,6,51
2097,1116,   asking about chilli sowing season and varieties,Cultivation,en,unknown,asking about chilli sowing season and varieties,asking about chilli sowing season and varieties,asking chilli sowing season variety,ask chilli sow season varieti,7,47
2098,2256,   SUITABLE SEASON FOR SUGARCANE   ,General Agriculture,en,web,suitable season for sugarcane,suitable season for sugarcane,suitable season sugarcane,suitabl season sugarcan,4,29
2099,2392,   paddy Bacterial leaf blight management details,Crop Disease,en,unknown,paddy bacterial leaf blight management details,paddy bacterial leaf blight management details,paddy bacterial leaf blight management detail,paddi bacteri leaf blight manag detail,6,46
2100,2618,vegetable cowpea flower drop management,Fertilizer,en,android-app-v1,vegetable cowpea flower drop management,vegetable cowpea flower drop management,vegetable cowpea flower drop management,veget cowpea flower drop manag,5,39
2101,2608,   asking about blackgram root rot management   ,Crop Disease,en,unknown,asking about blackgram root rot management,asking about blackgram root rot management,asking blackgram root rot management,ask blackgram root rot manag,6,42
2102,1985,asking about sapota fertilizer management 1st year tree,Fertilizer,en,web,asking about sapota fertilizer management 1st year tree,asking about sapota fertilizer management 1st year tree,asking sapota fertilizer management 1st year tree,ask sapota fertil manag 1st year tree,8,55
2103,1634,Asked  about Banana Micronutrient deficiency management,Fertilizer,en,android-app-v2,asked about banana micronutrient deficiency management,asked about banana micronutrient deficiency management,asked banana micronutrient deficiency management,ask banana micronutri defici manag,6,54
2104,1477,Thulsi flower cutting,Cultivation,en,web,thulsi flower cutting,thulsi flower cutting,thulsi flower cutting,thulsi flower cut,3,21
2105,2362,   Asking about TNAU agronomy Department contact number (waterlogged soil )   ,Cultivation,en,android-app-v2,asking about tnau agronomy department contact number (waterlogged soil ),asking about tnau agronomy department contact number waterlogged soil,asking tnau agronomy department contact number waterlogged soil,ask tnau agronomi depart contact number waterlog soil,9,72
2106,1287,   asking about Thirupur today weather Report,Weather,en,android-app-v2,asking about thirupur today weather report,asking about thirupur today weather report,asking thirupur today weather report,ask thirupur today weather report,6,42
2107,1599,Asking About Foliar Nutrient Spray For Mango Tree,Fertilizer,en,unknown,asking about foliar nutrient spray for mango tree,asking about foliar nutrient spray for mango tree,asking foliar nutrient spray mango tree,ask foliar nutrient spray mango tree,8,49
2108,2281,   Alterneria Leaf Blight: Cotton,Crop Disease,en,ussd-sms,alterneria leaf blight: cotton,alterneria leaf blight cotton,alterneria leaf blight cotton,alterneria leaf blight cotton,4,30
2109,2193,Asking about asking about villupuram today weather Report,Weather,en,web,asking about asking about villupuram today weather report,asking about asking about villupuram today weather report,asking asking villupuram today weather report,ask ask villupuram today weather report,8,57
2110,1949,WEATHER REPORT FOR COIMBATORE DISTRICT,Weather,en,android-app-v2,weather report for coimbatore district,weather report for coimbatore district,weather report coimbatore district,weather report coimbator district,5,38
2111,2176,asking about sowing season of redgram,Weather,en,android-app-v2,asking about sowing season of redgram,asking about sowing season of redgram,asking sowing season redgram,ask sow season redgram,6,37
2112,2505,   Asking about Pudukottai today weather Report,Weather,en,unknown,asking about pudukottai today weather report,asking about pudukottai today weather report,asking pudukottai today weather report,ask pudukottai today weather report,6,44
2113,1278,details  about soil testing   ,Soil,en,android-app-v2,details about soil testing,details about soil testing,detail soil testing,detail soil test,4,26
2114,1413,Asked about Bhendi sucking pest management,Pest Management,en,web,asked about bhendi sucking pest management,asked about bhendi sucking pest management,asked bhendi sucking pest management,ask bhendi suck pest manag,6,42
2115,2592,asked about contact details of water testing lab,General Agriculture,en,unknown,asked about contact details of water testing lab,asked about contact details of water testing lab,asked contact detail water testing lab,ask contact detail water test lab,8,48
2116,2720,   suitable black gram varieties,Crop Information,en,ussd-sms,suitable black gram varieties,suitable black gram varieties,suitable black gram variety,suitabl black gram varieti,4,29
2117,3042,Asked about Termite management in Groundnut,General Agriculture,en,unknown,asked about termite management in groundnut,asked about termite management in groundnut,asked termite management groundnut,ask termit manag groundnut,6,43
2118,2196,asked about thenneri water level today information,Irrigation,en,android-app-v2,asked about thenneri water level today information,asked about thenneri water level today information,asked thenneri water level today information,ask thenneri water level today inform,7,50
2119,3171,tirupur weather report details,Weather,en,android-app-v2,tirupur weather report details,tirupur weather report details,tirupur weather report detail,tirupur weather report detail,4,30
2120,2438,ASKING ABOUT ORGANIC WEEDICIDE APPLICATION INFORMATION,Pest Management,en,android-app-v1,asking about organic weedicide application information,asking about organic weedicide application information,asking organic weedicide application information,ask organ weedicid applic inform,6,54
2121,2250,paddy varieties for,Crop Information,en,ussd-sms,paddy varieties for,paddy varieties for,paddy variety,paddi varieti,3,19
2122,1542,Asking about bio fertilizer application detail,Pest Management,en,ussd-sms,asking about bio fertilizer application detail,asking about bio fertilizer application detail,asking bio fertilizer application detail,ask bio fertil applic detail,6,46
2123,1687,   rose fertilizer management,Fertilizer,en,android-app-v2,rose fertilizer management,rose fertilizer management,rose fertilizer management,rose fertil manag,3,26
2124,1829,asked about harvesting of pepper,Cultivation,en,android-app-v2,asked about harvesting of pepper,asked about harvesting of pepper,asked harvesting pepper,ask harvest pepper,5,32
2125,2090,Asking About Banana Disease Managment   ,Cultivation,en,unknown,asking about banana disease managment,asking about banana disease managment,asking banana disease managment,ask banana diseas manag,5,37
2126,1882,Asking about blast in paddy,General Agriculture,en,android-app-v1,asking about blast in paddy,asking about blast in paddy,asking blast paddy,ask blast paddi,5,27
2127,1245,   Asking about weather detail for namakkal dist,Weather,en,unknown,asking about weather detail for namakkal dist,asking about weather detail for namakkal dist,asking weather detail namakkal dist,ask weather detail namakk dist,7,45
2128,2947,Asked About Coconut Grows In Rock Like Soil   ,Soil,en,android-app-v1,asked about coconut grows in rock like soil,asked about coconut grows in rock like soil,asked coconut grows rock like soil,ask coconut grow rock like soil,8,43
2129,2573,    Asked about Soil testing in Coconut field,Soil,en,web,asked about soil testing in coconut field,asked about soil testing in coconut field,asked soil testing coconut field,ask soil test coconut field,7,41
2130,3137,   ASKING ABOUT LEAF CATERPILLAR MANAGEMENT IN CHRYSANTHEMUM,General Agriculture,en,web,asking about leaf caterpillar management in chrysanthemum,asking about leaf caterpillar management in chrysanthemum,asking leaf caterpillar management chrysanthemum,ask leaf caterpillar manag chrysanthemum,7,57
2131,1922,Asked about sesame sowing season for cuddalore district & suitable varieties,Cultivation,en,web,asked about sesame sowing season for cuddalore district & suitable varieties,asked about sesame sowing season for cuddalore district suitable varieties,asked sesame sowing season cuddalore district suitable variety,ask sesam sow season cuddalor district suitabl varieti,10,76
2132,1772,Asked about rust management in tuberose,Crop Disease,en,android-app-v1,asked about rust management in tuberose,asked about rust management in tuberose,asked rust management tuberose,ask rust manag tuberos,6,39
2133,1453,   Erode weather report   ,Weather,en,android-app-v1,erode weather report,erode weather report,erode weather report,erod weather report,3,20
2134,3207,   Asked about need for crop loan details,General Agriculture,en,android-app-v1,asked about need for crop loan details,asked about need for crop loan details,asked need crop loan detail,ask need crop loan detail,7,38
2135,1463,Asking  about Suitable black gram varieties in Markazhi – Thaipattam,Crop Information,en,android-app-v1,asking about suitable black gram varieties in markazhi – thaipattam,asking about suitable black gram varieties in markazhi – thaipattam,asking suitable black gram variety markazhi – thaipattam,ask suitabl black gram varieti markazhi – thaipattam,10,67
2136,2081,asking  about foliar spray in guava,Fertilizer,en,unknown,asking about foliar spray in guava,asking about foliar spray in guava,asking foliar spray guava,ask foliar spray guava,6,34
2137,1586,   Weed management in maize,Pest Management,en,ussd-sms,weed management in maize,weed management in maize,weed management maize,weed manag maiz,4,24
2138,1352,Asking about CHEMBARAMBAKKAM water level information,Irrigation,en,ussd-sms,asking about chembarambakkam water level information,asking about chembarambakkam water level information,asking chembarambakkam water level information,ask chembarambakkam water level inform,6,52
2139,3023,    Asked about Irrigation management in Coconut,Irrigation,en,android-app-v2,asked about irrigation management in coconut,asked about irrigation management in coconut,asked irrigation management coconut,ask irrig manag coconut,6,44
2140,2413,Asking about kisan credit card information   ,General Agriculture,en,android-app-v1,asking about kisan credit card information,asking about kisan credit card information,asking kisan credit card information,ask kisan credit card inform,6,42
2141,1648,black gram varieties   ,Crop Information,en,android-app-v2,black gram varieties,black gram varieties,black gram variety,black gram varieti,3,20
2142,1901,   asking about green greengram and paddy season and varieties,Weather,en,unknown,asking about green greengram and paddy season and varieties,asking about green greengram and paddy season and varieties,asking green greengram paddy season variety,ask green greengram paddi season varieti,9,59
2143,3073,RUST IN CHRYSANTHEMUM,Crop Disease,en,unknown,rust in chrysanthemum,rust in chrysanthemum,rust chrysanthemum,rust chrysanthemum,3,21
2144,3252,asking about cow production training details,General Agriculture,en,android-app-v1,asking about cow production training details,asking about cow production training details,asking cow production training detail,ask cow product train detail,6,44
2145,1496,"farmer asked price detail of sesamum(sesame,gingelly,til) in panruti mandi.",General Agriculture,en,web,"farmer asked price detail of sesamum(sesame,gingelly,til) in panruti mandi.",farmer asked price detail of sesamum sesame gingelly til in panruti mandi,farmer asked price detail sesamum sesame gingelly til panruti mandi,farmer ask price detail sesamum sesam gingelli til panruti mandi,12,75
2146,2093,    ASKED ABOUT MAIZE HYBRID SEEDS AVAILABILITY PLACE INFORMATION (CO 6),Cultivation,en,ussd-sms,asked about maize hybrid seeds availability place information (co 6),asked about maize hybrid seeds availability place information co 6,asked maize hybrid seed availability place information co 6,ask maiz hybrid seed avail place inform co 6,10,68
2147,3131,   Asking about weather detail in trichy,Weather,en,ussd-sms,asking about weather detail in trichy,asking about weather detail in trichy,asking weather detail trichy,ask weather detail trichi,6,37
2148,1441,leaf crinkle disease in green gram,Crop Disease,en,unknown,leaf crinkle disease in green gram,leaf crinkle disease in green gram,leaf crinkle disease green gram,leaf crinkl diseas green gram,6,34
2149,2420,   Asking about 20 : 20 : 0 : 13 fertilizer Price (Rs/ 50 kgs),Fertilizer,en,unknown,asking about 20 : 20 : 0 : 13 fertilizer price (rs/ 50 kgs),asking about 20 20 0 13 fertilizer price rs/ 50 kgs,asking 20 20 0 13 fertilizer price rs/ 50 kg,ask 20 20 0 13 fertil price rs/ 50 kg,11,59
2150,1945,tuberose leaf blight management   ,Crop Disease,en,unknown,tuberose leaf blight management,tuberose leaf blight management,tuberose leaf blight management,tuberos leaf blight manag,4,31
2151,2779,Asking About Sowing Season For Sesamum   ,Fertilizer,en,android-app-v1,asking about sowing season for sesamum,asking about sowing season for sesamum,asking sowing season sesamum,ask sow season sesamum,6,38
2152,2735,   Black gram aphid management   ,General Agriculture,en,unknown,black gram aphid management,black gram aphid management,black gram aphid management,black gram aphid manag,4,27
2153,2451,control measure for leafspot in turmeric,Fertilizer,en,ussd-sms,control measure for leafspot in turmeric,control measure for leafspot in turmeric,control measure leafspot turmeric,control measur leafspot turmer,6,40
2154,2272,groundnut  weed management,Pest Management,en,android-app-v1,groundnut weed management,groundnut weed management,groundnut weed management,groundnut weed manag,3,25
2155,2153,   Asking about Water Technology Centre phone number   ,Irrigation,en,android-app-v2,asking about water technology centre phone number,asking about water technology centre phone number,asking water technology centre phone number,ask water technolog centr phone number,7,49
2156,3162,"asked  about weed management for groundnut (pre-emergence,post-emergence herbicide)",Pest Management,en,android-app-v1,"asked about weed management for groundnut (pre-emergence,post-emergence herbicide)",asked about weed management for groundnut pre-emergence post-emergence herbicide,asked weed management groundnut pre-emergence post-emergence herbicide,ask weed manag groundnut pre-emerg post-emerg herbicid,9,82
2157,2985,   fertilizer management in malligai,Fertilizer,en,android-app-v1,fertilizer management in malligai,fertilizer management in malligai,fertilizer management malligai,fertil manag malligai,4,33
2158,2162,   asking about redgram pod borer management,Pest Management,en,android-app-v1,asking about redgram pod borer management,asking about redgram pod borer management,asking redgram pod borer management,ask redgram pod borer manag,6,41
